Order_ID,Order_Date,Customer_ID,Category,Product,Quantity,Unit_Price,Discount_Pct,Discount_Amount,Sales,Cost,Profit,State,City,Customer_Segment,Payment_Method,Sales_Channel,Marketing_Channel,Order_Status,Delivery_Days,Customer_Rating,Year,Month,Month_Name,Quarter,Day_Name,Profit_Margin,Discount_Category
ORD100002,2025-04-13,CUST1192,Sports,Dumbbells,1,5958.11,10,595.81,5362.3,4353.52,1008.78,West Bengal,Kolkata,Corporate,Cash on Delivery,Mobile App,Organic,Delivered,2,5,2025,4,April,2,Sunday,18.81,Medium
ORD100003,2025-10-04,CUST1131,Fashion,Jeans,1,1796.19,5,89.81,1706.38,1030.5,675.88,Kerala,Thiruvananthapuram,Consumer,Net Banking,Mobile App,Referral,Delivered,4,4,2025,10,October,4,Saturday,39.61,Low
ORD100004,2025-11-03,CUST1206,Beauty,Face Wash,3,246.59,30,221.93,517.84,301.87,215.97,Maharashtra,Pune,Corporate,Credit Card,Website,Instagram Ads,Delivered,1,4,2025,11,November,4,Monday,41.71,Very High
ORD100005,2025-03-22,CUST1252,Home & Kitchen,Cookware Set,1,1527.87,10,152.79,1375.08,1026.31,348.77,Gujarat,Ahmedabad,Consumer,Credit Card,Mobile App,Festival Sale,Delivered,4,4,2025,3,March,1,Saturday,25.36,Medium
ORD100006,2025-07-09,CUST1163,Home & Kitchen,Vacuum Cleaner,2,1322.12,10,0.0,0.0,1497.48,-1497.48,Rajasthan,Jaipur,Consumer,UPI,Website,Google Ads,Cancelled,2,1,2025,7,July,3,Wednesday,0.0,Medium
ORD100007,2025-10-16,CUST1131,Fashion,Jeans,1,1115.95,20,223.19,892.76,704.88,187.88,Uttar Pradesh,Noida,Corporate,Wallet,Website,Email,Delivered,2,4,2025,10,October,4,Thursday,21.04,High
ORD100008,2025-09-14,CUST1013,Beauty,Shampoo,1,1075.92,0,0.0,1075.92,767.34,308.58,Delhi,New Delhi,Corporate,Net Banking,Mobile App,Organic,Delivered,2,4,2025,9,September,3,Sunday,28.68,Low
ORD100009,2025-06-09,CUST1225,Fashion,Sneakers,3,634.55,20,380.73,1522.92,1059.38,463.54,Rajasthan,Jaipur,Consumer,Net Banking,Marketplace,Festival Sale,Returned,6,5,2025,6,June,2,Monday,-14.54,High
ORD100010,2025-10-10,CUST1113,Fashion,Dress,1,1097.28,0,0.0,0.0,699.26,-699.26,Rajasthan,Udaipur,Consumer,UPI,Website,Festival Sale,Cancelled,4,4,2025,10,October,4,Friday,0.0,Low
ORD100011,2025-11-14,CUST1130,Books,Technical Book,2,390.28,15,117.08,663.48,414.83,248.65,Telangana,Hyderabad,Consumer,Debit Card,Mobile App,Organic,Delivered,2,5,2025,11,November,4,Friday,37.48,Medium
ORD100012,2025-02-22,CUST1349,Fashion,Dress,1,504.15,5,25.21,478.94,371.43,107.51,Gujarat,Ahmedabad,Consumer,Credit Card,Mobile App,Organic,Delivered,2,4,2025,2,February,1,Saturday,22.45,Low
ORD100013,2025-09-16,CUST1151,Fashion,Sneakers,2,751.33,20,300.53,1202.13,705.81,496.32,Tamil Nadu,Madurai,Consumer,UPI,Mobile App,Festival Sale,Delivered,2,4,2025,9,September,3,Tuesday,41.29,High
ORD100014,2025-10-25,CUST1131,Home & Kitchen,Cookware Set,4,935.95,10,374.38,3369.42,2161.61,1207.81,Karnataka,Mysuru,Student,Wallet,Marketplace,Email,Delivered,4,4,2025,10,October,4,Saturday,35.85,Medium
ORD100015,2025-06-01,CUST1169,Home & Kitchen,Air Fryer,1,4990.75,0,0.0,4990.75,3156.39,1834.36,Gujarat,Surat,Student,Wallet,Marketplace,Google Ads,Delivered,3,4,2025,6,June,2,Sunday,36.76,Low
ORD100016,2025-06-10,CUST1264,Electronics,Tablet,1,1842.65,20,368.53,1474.12,1045.54,428.58,Delhi,New Delhi,Consumer,Net Banking,Mobile App,Google Ads,Delivered,3,5,2025,6,June,2,Tuesday,29.07,High
ORD100017,2025-10-10,CUST1006,Fashion,Jacket,1,1686.0,10,0.0,0.0,1242.04,-1242.04,Telangana,Warangal,Corporate,Debit Card,Mobile App,Organic,Cancelled,3,4,2025,10,October,4,Friday,0.0,Medium
ORD100018,2025-04-09,CUST1223,Beauty,Makeup Kit,1,3969.75,30,1190.92,2778.83,1766.14,1012.69,Delhi,Delhi,Consumer,Net Banking,Website,Festival Sale,Delivered,4,3,2025,4,April,2,Wednesday,36.44,Very High
ORD100019,2025-02-23,CUST1306,Beauty,Moisturizer,4,1448.02,0,0.0,5792.08,4050.18,1741.9,Kerala,Thiruvananthapuram,Consumer,UPI,Marketplace,Referral,Delivered,3,3,2025,2,February,1,Sunday,30.07,Low
ORD100020,2025-01-13,CUST1314,Electronics,Smartphone,1,14976.51,0,0.0,14976.51,10119.8,4856.71,Delhi,New Delhi,Consumer,Credit Card,Website,Organic,Delivered,3,4,2025,1,January,1,Monday,32.43,Low
ORD100021,2025-02-27,CUST1311,Electronics,Smart Watch,1,958.92,10,0.0,0.0,486.71,-486.71,Telangana,Hyderabad,Consumer,Net Banking,Website,Organic,Cancelled,4,4,2025,2,February,1,Thursday,0.0,Medium
ORD100022,2025-11-04,CUST1001,Electronics,Laptop,1,8897.83,20,1779.57,7118.26,5252.66,1865.6,Delhi,Delhi,Student,Credit Card,Website,Referral,Delivered,2,4,2025,11,November,4,Tuesday,26.21,High
ORD100023,2025-08-27,CUST1220,Home & Kitchen,Air Fryer,1,5326.44,25,0.0,0.0,2368.27,-2368.27,West Bengal,Siliguri,Consumer,Wallet,Mobile App,Instagram Ads,Cancelled,3,3,2025,8,August,3,Wednesday,0.0,High
ORD100024,2025-03-10,CUST1250,Electronics,Smart Watch,1,1812.87,20,362.57,1450.3,1169.33,280.97,Telangana,Hyderabad,Consumer,UPI,Mobile App,Organic,Delivered,3,5,2025,3,March,1,Monday,19.37,High
ORD100025,2025-05-27,CUST1179,Fashion,T-Shirt,2,1872.95,15,561.88,3184.02,2084.92,1099.1,West Bengal,Siliguri,Student,Net Banking,Mobile App,Instagram Ads,Delivered,3,4,2025,5,May,2,Tuesday,34.52,Medium
ORD100026,2025-04-11,CUST1105,Fashion,T-Shirt,3,6264.07,5,939.61,17852.6,13891.4,3961.2,Maharashtra,Mumbai,Consumer,Credit Card,Mobile App,Google Ads,Delivered,5,1,2025,4,April,2,Friday,22.19,Low
ORD100027,2025-07-15,CUST1096,Beauty,Moisturizer,2,1514.45,20,605.78,2423.12,1980.75,442.37,Telangana,Hyderabad,Corporate,Net Banking,Website,Referral,Delivered,3,4,2025,7,July,3,Tuesday,18.26,High
ORD100028,2025-06-01,CUST1076,Sports,Fitness Band,2,1067.29,20,426.92,1707.66,1076.44,631.22,Delhi,New Delhi,Consumer,UPI,Mobile App,Google Ads,Returned,1,2,2025,6,June,2,Sunday,-33.76,High
ORD100029,2025-09-22,CUST1223,Home & Kitchen,Cookware Set,1,3903.13,10,390.31,3512.82,2680.97,831.85,Delhi,Delhi,Corporate,Net Banking,Mobile App,Referral,Delivered,3,2,2025,9,September,3,Monday,23.68,Medium
ORD100030,2025-05-02,CUST1005,Fashion,Jacket,1,1092.1,0,0.0,1092.1,622.11,469.99,Kerala,Thiruvananthapuram,Consumer,UPI,Website,Referral,Delivered,4,5,2025,5,May,2,Friday,43.04,Low
ORD100031,2025-01-29,CUST1346,Electronics,Headphones,2,12050.53,25,6025.26,18075.8,13734.53,4341.27,Karnataka,Mangaluru,Consumer,Cash on Delivery,Mobile App,Organic,Delivered,3,4,2025,1,January,1,Wednesday,24.02,High
ORD100032,2025-01-19,CUST1117,Electronics,Headphones,1,2612.96,15,391.94,2221.02,1508.03,712.99,Tamil Nadu,Chennai,Consumer,UPI,Mobile App,Google Ads,Delivered,4,2,2025,1,January,1,Sunday,32.1,Medium
ORD100033,2025-05-14,CUST1001,Sports,Fitness Band,1,10904.55,25,2726.14,8178.41,5653.21,2525.2,Gujarat,Ahmedabad,Consumer,Net Banking,Website,Festival Sale,Delivered,4,4,2025,5,May,2,Wednesday,30.88,High
ORD100034,2025-02-23,CUST1145,Fashion,T-Shirt,3,5492.32,0,0.0,16476.96,10245.43,6231.53,Gujarat,Ahmedabad,Consumer,Net Banking,Mobile App,Organic,Delivered,2,4,2025,2,February,1,Sunday,37.82,Low
ORD100035,2025-07-20,CUST1289,Home & Kitchen,Cookware Set,1,4335.92,0,0.0,4335.92,2481.63,1854.29,Delhi,New Delhi,Consumer,Credit Card,Mobile App,Festival Sale,Returned,4,5,2025,7,July,3,Sunday,-9.95,Low
ORD100036,2025-03-06,CUST1133,Fashion,T-Shirt,2,1175.87,10,235.17,2116.57,1207.18,909.39,Karnataka,Bengaluru,Consumer,Credit Card,Website,Organic,Delivered,4,5,2025,3,March,1,Thursday,42.97,Medium
ORD100037,2025-12-24,CUST1095,Books,Biography,2,1428.94,10,285.79,2572.09,2024.54,547.55,Telangana,Warangal,Consumer,Wallet,Website,Organic,Delivered,1,5,2025,12,December,4,Wednesday,21.29,Medium
ORD100038,2025-03-13,CUST1066,Electronics,Laptop,2,9065.77,10,1813.15,16318.39,11090.18,5228.21,Karnataka,Mysuru,Corporate,Cash on Delivery,Website,Email,Delivered,5,4,2025,3,March,1,Thursday,32.04,Medium
ORD100039,2025-03-16,CUST1285,Electronics,Smart Watch,1,77594.33,15,11639.15,65955.18,41581.38,24373.8,Delhi,New Delhi,Consumer,Net Banking,Mobile App,Festival Sale,Delivered,4,4,2025,3,March,1,Sunday,36.96,Medium
ORD100040,2025-05-18,CUST1008,Books,Self Help Book,1,1604.53,0,0.0,1604.53,1115.25,489.28,Gujarat,Ahmedabad,Consumer,Cash on Delivery,Website,Google Ads,Delivered,4,4,2025,5,May,2,Sunday,30.49,Low
ORD100041,2025-12-26,CUST1233,Beauty,Face Wash,1,3586.63,15,537.99,3048.64,1822.46,1226.18,Maharashtra,Mumbai,Consumer,Debit Card,Website,Google Ads,Delivered,2,2,2025,12,December,4,Friday,40.22,Medium
ORD100042,2025-01-12,CUST1113,Electronics,Laptop,1,1458.74,5,72.94,1385.8,785.04,600.76,Kerala,Kochi,Student,Wallet,Website,Festival Sale,Delivered,5,3,2025,1,January,1,Sunday,43.35,Low
ORD100043,2025-12-21,CUST1227,Electronics,Laptop,1,27733.82,15,4160.07,23573.75,16352.42,7221.33,Kerala,Thiruvananthapuram,Student,Debit Card,Mobile App,Instagram Ads,Delivered,3,2,2025,12,December,4,Sunday,30.63,Medium
ORD100044,2025-01-15,CUST1034,Electronics,Tablet,1,1872.65,20,374.53,1498.12,967.6,530.52,Gujarat,Surat,Consumer,Net Banking,Website,Instagram Ads,Returned,3,4,2025,1,January,1,Wednesday,-22.53,High
ORD100045,2025-04-21,CUST1112,Beauty,Face Wash,1,1230.58,10,123.06,1107.52,680.07,427.45,Tamil Nadu,Coimbatore,Student,Debit Card,Mobile App,Email,Delivered,2,2,2025,4,April,2,Monday,38.6,Medium
ORD100046,2025-01-04,CUST1194,Sports,Yoga Mat,1,645.22,10,64.52,580.7,472.26,108.44,Tamil Nadu,Madurai,Student,Credit Card,Mobile App,Organic,Returned,4,4,2025,1,January,1,Saturday,-29.63,Medium
ORD100047,2025-12-01,CUST1333,Fashion,Jeans,2,891.42,5,89.14,1693.7,1282.64,411.06,Gujarat,Vadodara,Consumer,UPI,Mobile App,Referral,Delivered,3,2,2025,12,December,4,Monday,24.27,Low
ORD100048,2025-09-16,CUST1094,Electronics,Laptop,1,6661.72,10,666.17,5995.55,4261.77,1733.78,Maharashtra,Mumbai,Corporate,Net Banking,Website,Referral,Delivered,3,4,2025,9,September,3,Tuesday,28.92,Medium
ORD100049,2025-04-05,CUST1270,Books,Technical Book,1,2728.91,20,545.78,2183.13,1696.93,486.2,Rajasthan,Udaipur,Corporate,Debit Card,Website,Instagram Ads,Delivered,5,3,2025,4,April,2,Saturday,22.27,High
ORD100050,2025-11-12,CUST1023,Electronics,Tablet,1,1909.01,15,0.0,0.0,1057.61,-1057.61,Tamil Nadu,Chennai,Corporate,Credit Card,Mobile App,Instagram Ads,Cancelled,3,4,2025,11,November,4,Wednesday,0.0,Medium
ORD100051,2025-03-04,CUST1289,Fashion,T-Shirt,1,1106.09,10,110.61,995.48,733.97,261.51,Telangana,Warangal,Consumer,Debit Card,Mobile App,Referral,Delivered,6,3,2025,3,March,1,Tuesday,26.27,Medium
ORD100052,2025-08-19,CUST1216,Fashion,Jacket,1,617.44,5,30.87,586.57,376.79,209.78,West Bengal,Kolkata,Corporate,Net Banking,Mobile App,Festival Sale,Returned,2,5,2025,8,August,3,Tuesday,-30.39,Low
ORD100053,2025-07-03,CUST1023,Fashion,Jacket,1,1609.24,20,321.85,1287.39,1041.43,245.96,Delhi,New Delhi,Consumer,Net Banking,Mobile App,Referral,Delivered,2,4,2025,7,July,3,Thursday,19.11,High
ORD100054,2025-10-30,CUST1092,Home & Kitchen,Mixer Grinder,1,866.23,10,86.62,779.61,622.97,156.64,Rajasthan,Jaipur,Consumer,Debit Card,Marketplace,Email,Delivered,2,5,2025,10,October,4,Thursday,20.09,Medium
ORD100055,2025-10-14,CUST1149,Fashion,Sneakers,3,3292.22,25,2469.16,7407.5,5915.83,1491.67,West Bengal,Kolkata,Corporate,Cash on Delivery,Marketplace,Organic,Returned,4,5,2025,10,October,4,Tuesday,-22.74,High
ORD100056,2025-11-05,CUST1251,Home & Kitchen,Cookware Set,1,8414.13,0,0.0,8414.13,6714.33,1699.8,Tamil Nadu,Chennai,Consumer,Debit Card,Marketplace,Instagram Ads,Delivered,1,4,2025,11,November,4,Wednesday,20.2,Low
ORD100057,2025-06-28,CUST1342,Home & Kitchen,Air Fryer,1,2982.5,25,745.62,2236.88,1819.47,417.41,Karnataka,Bengaluru,Consumer,Wallet,Website,Instagram Ads,Delivered,4,4,2025,6,June,2,Saturday,18.66,High
ORD100058,2025-03-04,CUST1078,Books,Fiction Book,1,450.18,10,45.02,405.16,274.48,130.68,Delhi,New Delhi,Consumer,Wallet,Website,Organic,Delivered,1,4,2025,3,March,1,Tuesday,32.25,Medium
ORD100059,2025-06-24,CUST1178,Fashion,Dress,1,1585.15,20,0.0,0.0,837.41,-837.41,Tamil Nadu,Chennai,Consumer,Debit Card,Mobile App,Email,Cancelled,2,1,2025,6,June,2,Tuesday,0.0,High
ORD100060,2025-12-15,CUST1120,Home & Kitchen,Air Fryer,1,1107.71,15,166.16,941.55,543.13,398.42,Uttar Pradesh,Noida,Corporate,Cash on Delivery,Website,Organic,Delivered,4,3,2025,12,December,4,Monday,42.32,Medium
ORD100061,2025-10-29,CUST1002,Sports,Cricket Bat,1,10056.69,10,1005.67,9051.02,5421.45,3629.57,West Bengal,Siliguri,Consumer,Credit Card,Website,Organic,Delivered,3,4,2025,10,October,4,Wednesday,40.1,Medium
ORD100062,2025-10-30,CUST1081,Fashion,Sneakers,1,840.49,15,0.0,0.0,435.27,-435.27,Tamil Nadu,Chennai,Consumer,Wallet,Mobile App,Festival Sale,Cancelled,5,5,2025,10,October,4,Thursday,0.0,Medium
ORD100063,2025-07-21,CUST1109,Fashion,Sneakers,2,5176.34,10,1035.27,9317.41,5475.15,3842.26,Delhi,New Delhi,Consumer,UPI,Mobile App,Google Ads,Returned,8,5,2025,7,July,3,Monday,-20.77,Medium
ORD100064,2025-04-08,CUST1287,Home & Kitchen,Mixer Grinder,1,9531.46,20,1906.29,7625.17,4413.27,3211.9,Rajasthan,Udaipur,Consumer,UPI,Mobile App,Referral,Delivered,3,3,2025,4,April,2,Tuesday,42.12,High
ORD100065,2025-05-14,CUST1282,Beauty,Moisturizer,2,1382.03,0,0.0,0.0,2235.65,-2235.65,Karnataka,Mysuru,Consumer,Net Banking,Mobile App,Google Ads,Cancelled,2,3,2025,5,May,2,Wednesday,0.0,Low
ORD100066,2025-01-29,CUST1337,Home & Kitchen,Mixer Grinder,2,1788.56,5,178.86,3398.26,2364.37,1033.89,Delhi,Delhi,Consumer,Wallet,Website,Google Ads,Delivered,5,3,2025,1,January,1,Wednesday,30.42,Low
ORD100067,2025-12-31,CUST1102,Electronics,Smartphone,1,29188.49,0,0.0,29188.49,22508.93,6679.56,Karnataka,Bengaluru,Consumer,Cash on Delivery,Mobile App,Organic,Delivered,4,5,2025,12,December,4,Wednesday,22.88,Low
ORD100068,2025-12-20,CUST1198,Electronics,Tablet,3,1226.49,0,0.0,3679.47,2824.99,854.48,Kerala,Kochi,Student,Net Banking,Mobile App,Referral,Delivered,4,4,2025,12,December,4,Saturday,23.22,Low
ORD100069,2025-07-19,CUST1176,Home & Kitchen,Air Fryer,2,5074.3,0,0.0,10148.6,5674.75,4473.85,Kerala,Kochi,Consumer,UPI,Website,Festival Sale,Delivered,3,5,2025,7,July,3,Saturday,44.08,Low
ORD100070,2025-11-24,CUST1183,Books,Biography,2,722.35,20,288.94,1155.76,785.79,369.97,Maharashtra,Nagpur,Consumer,UPI,Mobile App,Instagram Ads,Delivered,4,5,2025,11,November,4,Monday,32.01,High
ORD100071,2025-12-30,CUST1096,Fashion,T-Shirt,2,1867.73,20,747.09,2988.37,1660.76,1327.61,Karnataka,Bengaluru,Consumer,Net Banking,Website,Festival Sale,Delivered,4,5,2025,12,December,4,Tuesday,44.43,High
ORD100072,2025-08-15,CUST1142,Electronics,Smart Watch,1,1022.93,0,0.0,1022.93,766.33,256.6,Rajasthan,Udaipur,Consumer,UPI,Mobile App,Google Ads,Delivered,2,3,2025,8,August,3,Friday,25.08,Low
ORD100073,2025-06-07,CUST1319,Sports,Running Shoes,1,1050.5,0,0.0,1050.5,800.81,249.69,Rajasthan,Jaipur,Consumer,UPI,Mobile App,Festival Sale,Delivered,3,2,2025,6,June,2,Saturday,23.77,Low
ORD100074,2025-10-29,CUST1005,Fashion,Jacket,2,6786.63,0,0.0,13573.26,8872.9,4700.36,Uttar Pradesh,Lucknow,Consumer,Cash on Delivery,Marketplace,Organic,Returned,7,1,2025,10,October,4,Wednesday,-29.79,Low
ORD100075,2025-09-18,CUST1329,Fashion,T-Shirt,1,1763.1,10,176.31,1586.79,968.89,617.9,Kerala,Kochi,Consumer,Credit Card,Mobile App,Referral,Delivered,4,3,2025,9,September,3,Thursday,38.94,Medium
ORD100076,2025-03-09,CUST1038,Fashion,Jeans,1,1481.38,5,74.07,1407.31,983.33,423.98,Rajasthan,Jaipur,Corporate,Credit Card,Marketplace,Email,Delivered,3,2,2025,3,March,1,Sunday,30.13,Low
ORD100077,2025-11-24,CUST1347,Beauty,Moisturizer,3,1110.65,0,0.0,3331.95,2574.48,757.47,Telangana,Hyderabad,Consumer,Credit Card,Mobile App,Email,Delivered,4,4,2025,11,November,4,Monday,22.73,Low
ORD100078,2025-08-25,CUST1314,Beauty,Shampoo,1,3270.9,0,0.0,3270.9,2463.75,807.15,Rajasthan,Jaipur,Corporate,Cash on Delivery,Mobile App,Email,Delivered,6,3,2025,8,August,3,Monday,24.68,Low
ORD100079,2025-09-06,CUST1188,Electronics,Laptop,1,1459.56,20,291.91,1167.65,836.7,330.95,Maharashtra,Pune,Consumer,Cash on Delivery,Mobile App,Google Ads,Returned,4,5,2025,9,September,3,Saturday,-12.79,High
ORD100080,2025-12-10,CUST1022,Sports,Dumbbells,1,5614.99,30,1684.5,3930.49,2338.33,1592.16,Telangana,Hyderabad,Corporate,Net Banking,Website,Festival Sale,Returned,4,5,2025,12,December,4,Wednesday,-19.21,Very High
ORD100081,2025-04-30,CUST1026,Electronics,Laptop,2,81181.35,10,0.0,0.0,99648.53,-99648.53,Delhi,Delhi,Consumer,Net Banking,Website,Google Ads,Cancelled,4,5,2025,4,April,2,Wednesday,0.0,Medium
ORD100082,2025-08-14,CUST1084,Books,Fiction Book,2,263.77,10,52.75,474.79,280.5,194.29,Tamil Nadu,Coimbatore,Consumer,Net Banking,Mobile App,Festival Sale,Returned,7,4,2025,8,August,3,Thursday,-17.59,Medium
ORD100083,2025-09-19,CUST1145,Beauty,Makeup Kit,1,4748.67,25,1187.17,3561.5,2413.87,1147.63,Maharashtra,Mumbai,Consumer,UPI,Mobile App,Festival Sale,Delivered,2,5,2025,9,September,3,Friday,32.22,High
ORD100084,2025-04-03,CUST1228,Sports,Dumbbells,2,7327.39,15,2198.22,12456.56,7245.65,5210.91,Telangana,Warangal,Corporate,Credit Card,Mobile App,Instagram Ads,Delivered,4,3,2025,4,April,2,Thursday,41.83,Medium
ORD100085,2025-01-09,CUST1301,Electronics,Smartphone,1,1694.24,5,0.0,0.0,1093.81,-1093.81,Maharashtra,Nagpur,Consumer,UPI,Website,Google Ads,Cancelled,3,4,2025,1,January,1,Thursday,0.0,Low
ORD100086,2025-08-05,CUST1077,Sports,Yoga Mat,1,567.09,0,0.0,567.09,313.4,253.69,Karnataka,Bengaluru,Corporate,Wallet,Mobile App,Instagram Ads,Returned,4,4,2025,8,August,3,Tuesday,-7.64,Low
ORD100087,2025-04-26,CUST1041,Home & Kitchen,Coffee Maker,1,16603.64,15,2490.55,14113.09,10028.62,4084.47,Maharashtra,Pune,Consumer,UPI,Marketplace,Festival Sale,Delivered,4,4,2025,4,April,2,Saturday,28.94,Medium
ORD100088,2025-07-23,CUST1012,Sports,Running Shoes,2,3647.73,15,1094.32,6201.14,3478.86,2722.28,West Bengal,Kolkata,Corporate,Net Banking,Mobile App,Instagram Ads,Delivered,3,3,2025,7,July,3,Wednesday,43.9,Medium
ORD100089,2025-03-28,CUST1059,Beauty,Face Wash,1,3309.26,30,0.0,0.0,1723.89,-1723.89,Tamil Nadu,Chennai,Consumer,Cash on Delivery,Mobile App,Instagram Ads,Cancelled,8,3,2025,3,March,1,Friday,0.0,Very High
ORD100090,2025-05-11,CUST1020,Electronics,Headphones,1,19118.6,0,0.0,19118.6,12711.64,6406.96,Karnataka,Mangaluru,Corporate,UPI,Marketplace,Referral,Delivered,3,4,2025,5,May,2,Sunday,33.51,Low
ORD100091,2025-06-01,CUST1040,Fashion,Sneakers,1,2095.92,15,314.39,1781.53,1418.7,362.83,Tamil Nadu,Coimbatore,Consumer,Net Banking,Mobile App,Email,Delivered,4,3,2025,6,June,2,Sunday,20.37,Medium
ORD100092,2025-01-21,CUST1231,Beauty,Shampoo,1,2431.26,15,364.69,2066.57,1380.54,686.03,Kerala,Thiruvananthapuram,Consumer,Wallet,Mobile App,Organic,Returned,3,2,2025,1,January,1,Tuesday,-22.79,Medium
ORD100093,2025-03-25,CUST1093,Fashion,T-Shirt,3,1225.15,5,183.77,3491.68,2142.96,1348.72,Telangana,Hyderabad,Student,Net Banking,Website,Instagram Ads,Delivered,2,2,2025,3,March,1,Tuesday,38.63,Low
ORD100094,2025-09-23,CUST1207,Beauty,Face Wash,1,800.54,15,120.08,680.46,472.27,208.19,Karnataka,Bengaluru,Consumer,Net Banking,Mobile App,Google Ads,Returned,4,5,2025,9,September,3,Tuesday,-18.39,Medium
ORD100095,2025-04-18,CUST1276,Fashion,Dress,1,865.7,10,0.0,0.0,495.03,-495.03,Tamil Nadu,Coimbatore,Consumer,UPI,Website,Festival Sale,Cancelled,1,4,2025,4,April,2,Friday,0.0,Medium
ORD100096,2025-06-30,CUST1008,Fashion,Sneakers,3,405.7,15,182.56,1034.54,606.07,428.47,Rajasthan,Jaipur,Consumer,Credit Card,Website,Organic,Delivered,7,3,2025,6,June,2,Monday,41.42,Medium
ORD100097,2025-12-07,CUST1328,Electronics,Tablet,2,6342.7,0,0.0,12685.4,9953.02,2732.38,Maharashtra,Mumbai,Consumer,Debit Card,Mobile App,Email,Delivered,1,4,2025,12,December,4,Sunday,21.54,Low
ORD100098,2025-12-11,CUST1073,Beauty,Face Wash,3,1382.44,20,829.46,3317.86,2700.2,617.66,Telangana,Hyderabad,Student,Wallet,Mobile App,Organic,Delivered,6,4,2025,12,December,4,Thursday,18.62,High
ORD100099,2025-09-02,CUST1089,Fashion,T-Shirt,1,546.62,20,109.32,437.3,343.11,94.19,Tamil Nadu,Coimbatore,Student,Wallet,Marketplace,Google Ads,Delivered,3,4,2025,9,September,3,Tuesday,21.54,High
ORD100100,2025-08-01,CUST1265,Home & Kitchen,Cookware Set,1,4446.85,10,444.68,4002.17,2383.21,1618.96,Rajasthan,Jaipur,Consumer,UPI,Mobile App,Email,Delivered,5,4,2025,8,August,3,Friday,40.45,Medium
ORD100101,2025-01-03,CUST1021,Fashion,Jeans,1,1576.53,10,0.0,0.0,1066.51,-1066.51,Telangana,Warangal,Consumer,Net Banking,Mobile App,Instagram Ads,Cancelled,4,5,2025,1,January,1,Friday,0.0,Medium
ORD100102,2025-04-17,CUST1156,Electronics,Tablet,1,52819.62,25,0.0,0.0,27383.0,-27383.0,Tamil Nadu,Chennai,Consumer,Wallet,Website,Email,Cancelled,6,4,2025,4,April,2,Thursday,0.0,High
ORD100103,2025-10-18,CUST1298,Fashion,Jeans,2,2294.71,5,229.47,4359.95,3016.19,1343.76,Tamil Nadu,Coimbatore,Corporate,Wallet,Website,Organic,Delivered,2,5,2025,10,October,4,Saturday,30.82,Low
ORD100104,2025-02-05,CUST1208,Fashion,T-Shirt,1,1165.06,0,0.0,1165.06,832.98,332.08,West Bengal,Siliguri,Consumer,Cash on Delivery,Marketplace,Organic,Returned,5,4,2025,2,February,1,Wednesday,-32.0,Low
ORD100105,2025-02-18,CUST1161,Electronics,Tablet,2,3274.64,20,1309.86,5239.42,3098.1,2141.32,West Bengal,Siliguri,Consumer,Credit Card,Mobile App,Google Ads,Delivered,6,3,2025,2,February,1,Tuesday,40.87,High
ORD100106,2025-04-29,CUST1167,Fashion,Jacket,1,2512.2,10,251.22,2260.98,1326.83,934.15,Kerala,Kochi,Consumer,Cash on Delivery,Mobile App,Festival Sale,Returned,3,5,2025,4,April,2,Tuesday,-17.85,Medium
ORD100107,2025-08-29,CUST1049,Electronics,Smart Watch,1,36480.42,10,3648.04,32832.38,20924.41,11907.97,West Bengal,Kolkata,Student,Net Banking,Website,Organic,Returned,3,3,2025,8,August,3,Friday,-7.08,Medium
ORD100108,2025-11-12,CUST1291,Electronics,Tablet,1,1108.65,5,55.43,1053.22,594.15,459.07,Uttar Pradesh,Noida,Consumer,Wallet,Website,Organic,Delivered,3,4,2025,11,November,4,Wednesday,43.59,Low
ORD100109,2025-12-20,CUST1030,Fashion,Dress,1,475.14,25,118.78,356.36,224.95,131.41,Rajasthan,Jaipur,Corporate,Wallet,Mobile App,Organic,Delivered,3,5,2025,12,December,4,Saturday,36.88,High
ORD100110,2025-08-25,CUST1142,Electronics,Headphones,4,1629.05,25,1629.05,4887.15,3828.91,1058.24,Karnataka,Bengaluru,Consumer,Cash on Delivery,Website,Referral,Returned,3,4,2025,8,August,3,Monday,-9.78,High
ORD100111,2025-10-19,CUST1143,Home & Kitchen,Coffee Maker,1,1701.06,10,170.11,1530.95,1203.02,327.93,Rajasthan,Jaipur,Consumer,Debit Card,Marketplace,Festival Sale,Delivered,5,3,2025,10,October,4,Sunday,21.42,Medium
ORD100112,2025-12-08,CUST1163,Fashion,Dress,3,726.52,0,0.0,2179.56,1663.68,515.88,Maharashtra,Mumbai,Student,Wallet,Marketplace,Referral,Delivered,2,4,2025,12,December,4,Monday,23.67,Low
ORD100113,2025-03-07,CUST1025,Electronics,Headphones,4,4021.63,15,2412.98,13673.54,9758.65,3914.89,Rajasthan,Udaipur,Student,Cash on Delivery,Marketplace,Instagram Ads,Delivered,2,5,2025,3,March,1,Friday,28.63,Medium
ORD100114,2025-05-21,CUST1005,Home & Kitchen,Vacuum Cleaner,1,548.46,30,0.0,0.0,273.62,-273.62,Tamil Nadu,Coimbatore,Consumer,Net Banking,Marketplace,Organic,Cancelled,3,4,2025,5,May,2,Wednesday,0.0,Very High
ORD100115,2025-09-23,CUST1260,Electronics,Headphones,1,27005.72,5,1350.29,25655.43,15341.87,10313.56,West Bengal,Kolkata,Corporate,Debit Card,Website,Google Ads,Delivered,4,5,2025,9,September,3,Tuesday,40.2,Low
ORD100116,2025-04-13,CUST1229,Electronics,Tablet,1,14116.5,15,2117.48,11999.02,7790.9,4208.12,Gujarat,Vadodara,Consumer,Cash on Delivery,Marketplace,Organic,Delivered,5,4,2025,4,April,2,Sunday,35.07,Medium
ORD100117,2025-03-27,CUST1164,Books,Self Help Book,1,287.34,20,57.47,229.87,187.0,42.87,Telangana,Warangal,Consumer,Cash on Delivery,Website,Organic,Delivered,7,5,2025,3,March,1,Thursday,18.65,High
ORD100118,2025-07-07,CUST1113,Fashion,Jacket,1,4483.61,10,448.36,4035.25,3155.9,879.35,Tamil Nadu,Coimbatore,Corporate,Net Banking,Mobile App,Email,Delivered,7,4,2025,7,July,3,Monday,21.79,Medium
ORD100119,2025-04-15,CUST1079,Electronics,Smartphone,2,65099.25,0,0.0,130198.5,89026.1,41172.4,Karnataka,Mysuru,Corporate,Credit Card,Website,Referral,Delivered,3,4,2025,4,April,2,Tuesday,31.62,Low
ORD100120,2025-12-09,CUST1228,Fashion,Sneakers,4,541.3,10,216.52,1948.68,1090.49,858.19,Uttar Pradesh,Lucknow,Corporate,Debit Card,Mobile App,Organic,Delivered,3,4,2025,12,December,4,Tuesday,44.04,Medium
ORD100121,2025-05-19,CUST1329,Books,Manga,1,1199.12,0,0.0,1199.12,686.12,513.0,Telangana,Hyderabad,Consumer,Wallet,Mobile App,Organic,Returned,3,5,2025,5,May,2,Monday,-28.08,Low
ORD100122,2025-02-18,CUST1226,Home & Kitchen,Cookware Set,1,8026.65,10,0.0,0.0,5109.2,-5109.2,Maharashtra,Pune,Student,Net Banking,Website,Email,Cancelled,5,5,2025,2,February,1,Tuesday,0.0,Medium
ORD100123,2025-01-11,CUST1122,Electronics,Smartphone,1,60770.49,10,6077.05,54693.44,37406.64,17286.8,Kerala,Kochi,Student,Wallet,Website,Email,Delivered,8,1,2025,1,January,1,Saturday,31.61,Medium
ORD100124,2025-02-01,CUST1258,Home & Kitchen,Air Fryer,1,1262.32,15,189.35,1072.97,748.03,324.94,Telangana,Warangal,Corporate,Wallet,Mobile App,Organic,Returned,7,5,2025,2,February,1,Saturday,-6.3,Medium
ORD100125,2025-01-29,CUST1281,Beauty,Perfume,1,2781.28,10,278.13,2503.15,1448.33,1054.82,Uttar Pradesh,Lucknow,Corporate,Debit Card,Mobile App,Email,Returned,2,3,2025,1,January,1,Wednesday,-22.32,Medium
ORD100126,2025-05-08,CUST1066,Fashion,Jeans,2,1975.73,20,790.29,3161.17,2212.42,948.75,Delhi,New Delhi,Corporate,Debit Card,Mobile App,Organic,Delivered,4,5,2025,5,May,2,Thursday,30.01,High
ORD100127,2025-04-22,CUST1132,Sports,Cricket Bat,2,2644.97,20,1057.99,4231.95,2497.7,1734.25,Karnataka,Mysuru,Consumer,UPI,Marketplace,Google Ads,Returned,6,4,2025,4,April,2,Tuesday,-34.89,High
ORD100128,2025-04-21,CUST1003,Fashion,Dress,1,3733.59,0,0.0,3733.59,2444.28,1289.31,Gujarat,Ahmedabad,Consumer,Cash on Delivery,Website,Organic,Returned,6,4,2025,4,April,2,Monday,-20.3,Low
ORD100129,2025-08-04,CUST1030,Electronics,Laptop,1,10986.07,15,1647.91,9338.16,5330.28,4007.88,Maharashtra,Pune,Corporate,Debit Card,Website,Instagram Ads,Delivered,3,2,2025,8,August,3,Monday,42.92,Medium
ORD100130,2025-11-10,CUST1161,Beauty,Perfume,1,1057.16,0,0.0,1057.16,800.25,256.91,West Bengal,Kolkata,Consumer,Credit Card,Mobile App,Referral,Delivered,3,5,2025,11,November,4,Monday,24.3,Low
ORD100131,2025-07-17,CUST1198,Fashion,Sneakers,4,2848.88,20,2279.1,9116.42,5078.51,4037.91,West Bengal,Kolkata,Consumer,Cash on Delivery,Website,Google Ads,Delivered,5,1,2025,7,July,3,Thursday,44.29,High
ORD100132,2025-12-03,CUST1295,Books,Manga,1,2554.79,10,0.0,0.0,1702.93,-1702.93,Delhi,New Delhi,Consumer,Cash on Delivery,Mobile App,Festival Sale,Cancelled,1,4,2025,12,December,4,Wednesday,0.0,Medium
ORD100133,2025-05-09,CUST1220,Sports,Cricket Bat,1,5695.6,15,854.34,4841.26,3031.55,1809.71,Rajasthan,Jaipur,Consumer,UPI,Marketplace,Organic,Delivered,2,3,2025,5,May,2,Friday,37.38,Medium
ORD100134,2025-09-27,CUST1160,Home & Kitchen,Coffee Maker,1,10320.91,0,0.0,10320.91,6822.08,3498.83,Tamil Nadu,Madurai,Consumer,Credit Card,Marketplace,Instagram Ads,Delivered,6,4,2025,9,September,3,Saturday,33.9,Low
ORD100135,2025-09-05,CUST1161,Fashion,Jacket,1,464.54,5,23.23,441.31,310.08,131.23,Rajasthan,Jaipur,Corporate,Cash on Delivery,Website,Organic,Delivered,7,4,2025,9,September,3,Friday,29.74,Low
ORD100136,2025-06-27,CUST1098,Beauty,Moisturizer,2,266.21,10,0.0,0.0,334.56,-334.56,Uttar Pradesh,Lucknow,Consumer,Credit Card,Mobile App,Referral,Cancelled,2,4,2025,6,June,2,Friday,0.0,Medium
ORD100137,2025-03-06,CUST1049,Fashion,Jacket,2,5992.37,15,0.0,0.0,6581.97,-6581.97,Maharashtra,Nagpur,Corporate,Wallet,Website,Organic,Cancelled,5,5,2025,3,March,1,Thursday,0.0,Medium
ORD100138,2025-02-01,CUST1254,Home & Kitchen,Cookware Set,2,3523.04,20,1409.22,5636.86,4599.38,1037.48,Uttar Pradesh,Lucknow,Consumer,Net Banking,Marketplace,Instagram Ads,Returned,1,5,2025,2,February,1,Saturday,-6.96,High
ORD100139,2025-02-13,CUST1085,Fashion,Dress,1,3930.36,10,393.04,3537.32,2219.76,1317.56,Maharashtra,Nagpur,Consumer,Cash on Delivery,Marketplace,Instagram Ads,Delivered,4,5,2025,2,February,1,Thursday,37.25,Medium
ORD100140,2025-03-13,CUST1101,Sports,Running Shoes,2,826.0,20,330.4,1321.6,777.09,544.51,West Bengal,Siliguri,Consumer,Cash on Delivery,Marketplace,Festival Sale,Delivered,2,3,2025,3,March,1,Thursday,41.2,High
ORD100141,2025-06-25,CUST1102,Electronics,Smart Watch,3,33212.58,20,19927.55,79710.19,46475.6,33234.59,Rajasthan,Udaipur,Student,Wallet,Website,Instagram Ads,Delivered,3,5,2025,6,June,2,Wednesday,41.69,High
ORD100142,2025-08-11,CUST1060,Beauty,Shampoo,1,1824.82,0,0.0,1824.82,1149.73,675.09,Tamil Nadu,Coimbatore,Student,Wallet,Mobile App,Google Ads,Delivered,2,5,2025,8,August,3,Monday,36.99,Low
ORD100143,2025-12-30,CUST1314,Fashion,Jacket,2,828.31,25,0.0,0.0,730.98,-730.98,Kerala,Thiruvananthapuram,Consumer,Net Banking,Marketplace,Organic,Cancelled,3,4,2025,12,December,4,Tuesday,0.0,High
ORD100144,2025-03-16,CUST1124,Beauty,Face Wash,1,3001.4,30,900.42,2100.98,1195.04,905.94,Delhi,New Delhi,Consumer,Cash on Delivery,Mobile App,Email,Delivered,5,3,2025,3,March,1,Sunday,43.12,Very High
ORD100145,2025-01-01,CUST1207,Sports,Dumbbells,1,4539.88,5,226.99,4312.89,2643.14,1669.75,Telangana,Hyderabad,Corporate,Cash on Delivery,Mobile App,Festival Sale,Delivered,1,5,2025,1,January,1,Wednesday,38.72,Low
ORD100146,2025-07-29,CUST1344,Beauty,Shampoo,1,200.12,10,20.01,180.11,104.44,75.67,Gujarat,Surat,Consumer,Cash on Delivery,Mobile App,Festival Sale,Delivered,1,4,2025,7,July,3,Tuesday,42.01,Medium
ORD100147,2025-09-27,CUST1120,Books,Fiction Book,3,441.27,20,264.76,1059.05,819.64,239.41,Rajasthan,Udaipur,Corporate,Cash on Delivery,Marketplace,Google Ads,Delivered,6,3,2025,9,September,3,Saturday,22.61,High
ORD100148,2025-11-13,CUST1125,Electronics,Smartphone,1,2473.13,10,247.31,2225.82,1253.13,972.69,Rajasthan,Udaipur,Consumer,Cash on Delivery,Website,Referral,Delivered,5,5,2025,11,November,4,Thursday,43.7,Medium
ORD100149,2025-04-20,CUST1035,Home & Kitchen,Vacuum Cleaner,1,10078.32,10,0.0,0.0,6795.09,-6795.09,Maharashtra,Mumbai,Consumer,Cash on Delivery,Website,Instagram Ads,Cancelled,1,4,2025,4,April,2,Sunday,0.0,Medium
ORD100150,2025-08-04,CUST1348,Books,Biography,1,1311.5,25,327.88,983.62,698.13,285.49,Rajasthan,Jaipur,Consumer,Net Banking,Mobile App,Email,Delivered,2,5,2025,8,August,3,Monday,29.02,High
ORD100151,2025-01-28,CUST1283,Electronics,Smart Watch,1,7785.09,25,1946.27,5838.82,3215.96,2622.86,Maharashtra,Nagpur,Consumer,UPI,Website,Festival Sale,Delivered,4,1,2025,1,January,1,Tuesday,44.92,High
ORD100152,2025-05-16,CUST1090,Electronics,Laptop,1,74427.73,10,7442.77,66984.96,52289.58,14695.38,Uttar Pradesh,Noida,Consumer,Cash on Delivery,Mobile App,Instagram Ads,Delivered,5,2,2025,5,May,2,Friday,21.94,Medium
ORD100153,2025-10-22,CUST1267,Sports,Yoga Mat,1,1001.29,0,0.0,0.0,687.89,-687.89,Rajasthan,Jaipur,Consumer,UPI,Mobile App,Google Ads,Cancelled,3,5,2025,10,October,4,Wednesday,0.0,Low
ORD100154,2025-05-27,CUST1347,Fashion,Jacket,1,1237.47,10,0.0,0.0,899.74,-899.74,Uttar Pradesh,Lucknow,Consumer,Cash on Delivery,Mobile App,Referral,Cancelled,1,5,2025,5,May,2,Tuesday,0.0,Medium
ORD100155,2025-06-23,CUST1332,Electronics,Tablet,1,38380.2,25,9595.05,28785.15,20466.44,8318.71,Maharashtra,Pune,Corporate,Wallet,Marketplace,Organic,Delivered,6,4,2025,6,June,2,Monday,28.9,High
ORD100156,2025-08-31,CUST1166,Home & Kitchen,Coffee Maker,2,5488.72,10,1097.74,9879.7,7365.05,2514.65,Kerala,Thiruvananthapuram,Consumer,Debit Card,Marketplace,Festival Sale,Delivered,6,3,2025,8,August,3,Sunday,25.45,Medium
ORD100157,2025-12-16,CUST1107,Electronics,Smartphone,1,20471.53,10,2047.15,18424.38,13760.74,4663.64,West Bengal,Kolkata,Consumer,Cash on Delivery,Website,Google Ads,Delivered,5,4,2025,12,December,4,Tuesday,25.31,Medium
ORD100158,2025-05-26,CUST1118,Home & Kitchen,Vacuum Cleaner,1,1341.36,20,268.27,1073.09,847.96,225.13,Maharashtra,Nagpur,Corporate,Net Banking,Mobile App,Organic,Delivered,3,1,2025,5,May,2,Monday,20.98,High
ORD100159,2025-04-10,CUST1305,Home & Kitchen,Coffee Maker,1,909.19,0,0.0,909.19,501.7,407.49,Uttar Pradesh,Lucknow,Consumer,Net Banking,Website,Google Ads,Delivered,5,4,2025,4,April,2,Thursday,44.82,Low
ORD100160,2025-10-21,CUST1234,Sports,Running Shoes,1,7256.48,15,0.0,0.0,4997.84,-4997.84,Tamil Nadu,Chennai,Consumer,Credit Card,Mobile App,Instagram Ads,Cancelled,1,4,2025,10,October,4,Tuesday,0.0,Medium
ORD100161,2025-02-20,CUST1059,Electronics,Headphones,1,1588.86,0,0.0,0.0,1300.66,-1300.66,Kerala,Kochi,Consumer,Credit Card,Mobile App,Instagram Ads,Cancelled,2,4,2025,2,February,1,Thursday,0.0,Low
ORD100162,2025-05-06,CUST1250,Home & Kitchen,Vacuum Cleaner,2,16208.34,30,0.0,0.0,14662.69,-14662.69,Rajasthan,Jaipur,Consumer,Credit Card,Website,Referral,Cancelled,4,5,2025,5,May,2,Tuesday,0.0,Very High
ORD100163,2025-12-07,CUST1214,Home & Kitchen,Cookware Set,2,1160.8,10,0.0,0.0,1590.58,-1590.58,Karnataka,Mangaluru,Corporate,Debit Card,Website,Organic,Cancelled,3,5,2025,12,December,4,Sunday,0.0,Medium
ORD100164,2025-09-06,CUST1149,Sports,Dumbbells,1,948.03,0,0.0,948.03,706.26,241.77,Karnataka,Bengaluru,Student,Wallet,Website,Festival Sale,Delivered,6,4,2025,9,September,3,Saturday,25.5,Low
ORD100165,2025-09-03,CUST1075,Sports,Cricket Bat,2,600.71,10,120.14,1081.28,815.01,266.27,Kerala,Thiruvananthapuram,Consumer,UPI,Marketplace,Organic,Returned,3,4,2025,9,September,3,Wednesday,-19.74,Medium
ORD100166,2025-08-04,CUST1116,Fashion,Sneakers,1,1728.2,15,259.23,1468.97,1035.41,433.56,Delhi,New Delhi,Corporate,Debit Card,Mobile App,Referral,Returned,2,5,2025,8,August,3,Monday,-8.28,Medium
ORD100167,2025-12-03,CUST1126,Fashion,T-Shirt,1,5154.72,25,1288.68,3866.04,2844.19,1021.85,Telangana,Hyderabad,Consumer,Cash on Delivery,Marketplace,Instagram Ads,Returned,4,5,2025,12,December,4,Wednesday,-9.03,High
ORD100168,2025-10-04,CUST1037,Home & Kitchen,Coffee Maker,2,1651.4,10,330.28,2972.52,2227.09,745.43,Delhi,New Delhi,Consumer,Credit Card,Marketplace,Organic,Delivered,5,5,2025,10,October,4,Saturday,25.08,Medium
ORD100169,2025-05-21,CUST1188,Beauty,Makeup Kit,2,2818.6,25,1409.3,4227.9,2400.7,1827.2,Delhi,Delhi,Consumer,Credit Card,Website,Google Ads,Delivered,2,4,2025,5,May,2,Wednesday,43.22,High
ORD100170,2025-06-22,CUST1290,Beauty,Makeup Kit,1,4327.37,5,216.37,4111.0,3049.25,1061.75,Uttar Pradesh,Lucknow,Consumer,Credit Card,Website,Organic,Delivered,2,4,2025,6,June,2,Sunday,25.83,Low
ORD100171,2025-10-22,CUST1074,Home & Kitchen,Mixer Grinder,1,541.07,20,108.21,432.86,326.85,106.01,Karnataka,Bengaluru,Consumer,Cash on Delivery,Website,Google Ads,Returned,4,3,2025,10,October,4,Wednesday,-31.01,High
ORD100172,2025-01-10,CUST1127,Sports,Cricket Bat,1,3786.95,10,378.7,3408.25,2124.3,1283.95,Tamil Nadu,Chennai,Consumer,Wallet,Mobile App,Referral,Returned,3,4,2025,1,January,1,Friday,-9.01,Medium
ORD100173,2025-03-16,CUST1121,Home & Kitchen,Air Fryer,1,1560.38,10,156.04,1404.34,901.45,502.89,Kerala,Thiruvananthapuram,Consumer,Wallet,Marketplace,Instagram Ads,Returned,2,5,2025,3,March,1,Sunday,-32.93,Medium
ORD100174,2025-03-06,CUST1316,Electronics,Smartphone,1,40803.88,20,8160.78,32643.1,18976.29,13666.81,Delhi,New Delhi,Student,UPI,Mobile App,Email,Delivered,4,2,2025,3,March,1,Thursday,41.87,High
ORD100175,2025-08-05,CUST1298,Beauty,Moisturizer,1,312.97,25,78.24,234.73,135.78,98.95,Telangana,Hyderabad,Corporate,Debit Card,Marketplace,Google Ads,Delivered,4,5,2025,8,August,3,Tuesday,42.15,High
ORD100176,2025-04-11,CUST1166,Fashion,Dress,1,4767.68,0,0.0,4767.68,3157.47,1610.21,Delhi,Delhi,Consumer,Net Banking,Marketplace,Instagram Ads,Delivered,3,5,2025,4,April,2,Friday,33.77,Low
ORD100177,2025-11-06,CUST1021,Books,Fiction Book,2,1727.75,0,0.0,3455.5,2537.0,918.5,Rajasthan,Udaipur,Student,Credit Card,Mobile App,Organic,Delivered,4,4,2025,11,November,4,Thursday,26.58,Low
ORD100178,2025-09-09,CUST1017,Electronics,Tablet,1,1049.07,10,104.91,944.16,550.99,393.17,Telangana,Warangal,Consumer,Cash on Delivery,Mobile App,Organic,Returned,3,4,2025,9,September,3,Tuesday,-17.13,Medium
ORD100179,2025-09-25,CUST1175,Fashion,Jacket,3,1509.9,10,452.97,4076.73,3185.66,891.07,Gujarat,Ahmedabad,Consumer,Net Banking,Website,Organic,Delivered,1,4,2025,9,September,3,Thursday,21.86,Medium
ORD100180,2025-08-10,CUST1307,Home & Kitchen,Vacuum Cleaner,1,1295.08,5,64.75,1230.33,896.93,333.4,Karnataka,Mangaluru,Consumer,Net Banking,Mobile App,Instagram Ads,Delivered,6,4,2025,8,August,3,Sunday,27.1,Low
ORD100181,2025-06-09,CUST1104,Books,Fiction Book,1,1032.56,5,0.0,0.0,555.33,-555.33,Tamil Nadu,Madurai,Consumer,UPI,Marketplace,Instagram Ads,Cancelled,4,4,2025,6,June,2,Monday,0.0,Low
ORD100182,2025-04-29,CUST1181,Sports,Cricket Bat,3,2821.44,0,0.0,8464.32,6440.98,2023.34,Rajasthan,Jaipur,Consumer,Credit Card,Website,Email,Delivered,2,4,2025,4,April,2,Tuesday,23.9,Low
ORD100183,2025-12-26,CUST1248,Books,Technical Book,2,1140.36,25,570.18,1710.54,1008.83,701.71,Gujarat,Surat,Corporate,UPI,Marketplace,Organic,Delivered,4,1,2025,12,December,4,Friday,41.02,High
ORD100184,2025-02-23,CUST1235,Home & Kitchen,Mixer Grinder,1,7646.34,25,1911.58,5734.76,3824.28,1910.48,Telangana,Warangal,Consumer,Wallet,Marketplace,Instagram Ads,Returned,2,2,2025,2,February,1,Sunday,-18.37,High
ORD100185,2025-04-18,CUST1274,Sports,Dumbbells,2,6218.34,5,621.83,11814.85,8165.07,3649.78,Gujarat,Ahmedabad,Consumer,Debit Card,Mobile App,Festival Sale,Delivered,3,3,2025,4,April,2,Friday,30.89,Low
ORD100186,2025-01-19,CUST1094,Electronics,Laptop,1,77853.66,20,15570.73,62282.93,36974.34,25308.59,Maharashtra,Mumbai,Student,Debit Card,Mobile App,Referral,Delivered,4,4,2025,1,January,1,Sunday,40.63,High
ORD100187,2025-11-17,CUST1322,Fashion,T-Shirt,1,637.24,20,0.0,0.0,391.15,-391.15,Gujarat,Ahmedabad,Consumer,Credit Card,Mobile App,Instagram Ads,Cancelled,5,2,2025,11,November,4,Monday,0.0,High
ORD100188,2025-02-24,CUST1117,Beauty,Shampoo,1,452.75,10,45.28,407.47,229.05,178.42,Kerala,Thiruvananthapuram,Student,Wallet,Mobile App,Festival Sale,Delivered,3,5,2025,2,February,1,Monday,43.79,Medium
ORD100189,2025-04-04,CUST1266,Books,Fiction Book,1,666.26,15,99.94,566.32,340.77,225.55,Tamil Nadu,Chennai,Corporate,Cash on Delivery,Mobile App,Organic,Delivered,2,5,2025,4,April,2,Friday,39.83,Medium
ORD100190,2025-11-11,CUST1109,Electronics,Smartphone,3,2325.41,0,0.0,6976.23,4642.16,2334.07,Uttar Pradesh,Lucknow,Corporate,Cash on Delivery,Mobile App,Instagram Ads,Delivered,5,4,2025,11,November,4,Tuesday,33.46,Low
ORD100191,2025-07-07,CUST1324,Fashion,Jeans,1,5146.88,20,1029.38,4117.5,2924.77,1192.73,Kerala,Thiruvananthapuram,Consumer,Net Banking,Website,Google Ads,Delivered,4,1,2025,7,July,3,Monday,28.97,High
ORD100192,2025-09-28,CUST1254,Sports,Yoga Mat,2,1836.73,20,0.0,0.0,1652.35,-1652.35,Tamil Nadu,Coimbatore,Consumer,Credit Card,Marketplace,Instagram Ads,Cancelled,7,3,2025,9,September,3,Sunday,0.0,High
ORD100193,2025-06-30,CUST1239,Beauty,Face Wash,1,1337.88,10,133.79,1204.09,899.36,304.73,Rajasthan,Udaipur,Consumer,Cash on Delivery,Website,Organic,Returned,2,5,2025,6,June,2,Monday,-24.89,Medium
ORD100194,2025-06-18,CUST1241,Sports,Running Shoes,1,1309.42,15,196.41,1113.01,678.42,434.59,Delhi,Delhi,Student,Wallet,Website,Google Ads,Delivered,4,5,2025,6,June,2,Wednesday,39.05,Medium
ORD100195,2025-09-29,CUST1241,Electronics,Laptop,1,21898.14,20,4379.63,17518.51,12625.29,4893.22,Rajasthan,Jaipur,Consumer,Credit Card,Mobile App,Festival Sale,Delivered,4,3,2025,9,September,3,Monday,27.93,High
ORD100196,2025-11-17,CUST1073,Beauty,Shampoo,3,656.54,20,393.92,1575.7,1233.23,342.47,Uttar Pradesh,Kanpur,Corporate,Wallet,Marketplace,Referral,Delivered,5,3,2025,11,November,4,Monday,21.73,High
ORD100197,2025-05-21,CUST1078,Electronics,Smart Watch,2,76896.13,15,23068.84,130723.42,97820.32,32903.1,West Bengal,Siliguri,Consumer,UPI,Mobile App,Referral,Delivered,1,4,2025,5,May,2,Wednesday,25.17,Medium
ORD100198,2025-11-10,CUST1320,Fashion,Jeans,1,1399.88,15,209.98,1189.9,885.26,304.64,Delhi,Delhi,Consumer,UPI,Marketplace,Instagram Ads,Delivered,2,5,2025,11,November,4,Monday,25.6,Medium
ORD100199,2025-05-27,CUST1328,Home & Kitchen,Mixer Grinder,2,11681.29,15,3504.39,19858.19,15936.8,3921.39,West Bengal,Siliguri,Consumer,Debit Card,Mobile App,Google Ads,Returned,8,5,2025,5,May,2,Tuesday,-23.84,Medium
ORD100200,2025-05-04,CUST1019,Electronics,Smart Watch,1,3061.46,10,306.15,2755.31,2098.49,656.82,Karnataka,Mysuru,Consumer,Cash on Delivery,Mobile App,Organic,Delivered,3,3,2025,5,May,2,Sunday,23.84,Medium
ORD100201,2025-08-02,CUST1062,Home & Kitchen,Coffee Maker,1,1043.85,30,313.15,730.7,466.05,264.65,Tamil Nadu,Coimbatore,Consumer,Debit Card,Mobile App,Festival Sale,Returned,6,5,2025,8,August,3,Saturday,-5.34,Very High
ORD100202,2025-06-06,CUST1208,Books,Self Help Book,1,2770.99,10,277.1,2493.89,1549.59,944.3,Telangana,Warangal,Consumer,Net Banking,Mobile App,Google Ads,Delivered,3,3,2025,6,June,2,Friday,37.86,Medium
ORD100203,2025-01-02,CUST1134,Home & Kitchen,Coffee Maker,1,5922.08,15,888.31,5033.77,3520.68,1513.09,Gujarat,Vadodara,Consumer,Wallet,Mobile App,Organic,Delivered,4,4,2025,1,January,1,Thursday,30.06,Medium
ORD100204,2025-07-26,CUST1048,Fashion,T-Shirt,1,3022.93,5,151.15,2871.78,1699.53,1172.25,Tamil Nadu,Madurai,Student,Credit Card,Marketplace,Organic,Delivered,5,5,2025,7,July,3,Saturday,40.82,Low
ORD100205,2025-09-05,CUST1176,Fashion,Jeans,1,1165.21,15,174.78,990.43,769.31,221.12,Tamil Nadu,Madurai,Student,UPI,Mobile App,Google Ads,Delivered,4,3,2025,9,September,3,Friday,22.33,Medium
ORD100206,2025-06-15,CUST1043,Electronics,Laptop,1,25603.41,25,6400.85,19202.56,12834.3,6368.26,Telangana,Hyderabad,Corporate,Net Banking,Marketplace,Instagram Ads,Delivered,2,5,2025,6,June,2,Sunday,33.16,High
ORD100207,2025-02-10,CUST1161,Home & Kitchen,Cookware Set,1,1038.71,20,207.74,830.97,536.65,294.32,Tamil Nadu,Madurai,Consumer,UPI,Website,Festival Sale,Delivered,2,4,2025,2,February,1,Monday,35.42,High
ORD100208,2025-11-27,CUST1107,Fashion,Jeans,1,5036.22,10,503.62,4532.6,2849.66,1682.94,Uttar Pradesh,Noida,Consumer,Credit Card,Mobile App,Festival Sale,Delivered,3,5,2025,11,November,4,Thursday,37.13,Medium
ORD100209,2025-12-11,CUST1037,Home & Kitchen,Cookware Set,3,1872.35,15,0.0,0.0,3177.2,-3177.2,Uttar Pradesh,Kanpur,Consumer,Credit Card,Mobile App,Referral,Cancelled,4,4,2025,12,December,4,Thursday,0.0,Medium
ORD100210,2025-12-01,CUST1102,Electronics,Laptop,2,8249.29,15,0.0,0.0,10607.58,-10607.58,Tamil Nadu,Coimbatore,Student,Debit Card,Mobile App,Organic,Cancelled,4,4,2025,12,December,4,Monday,0.0,Medium
ORD100211,2025-02-07,CUST1153,Electronics,Tablet,1,1111.55,15,0.0,0.0,755.51,-755.51,West Bengal,Kolkata,Corporate,Net Banking,Mobile App,Organic,Cancelled,4,4,2025,2,February,1,Friday,0.0,Medium
ORD100212,2025-10-04,CUST1006,Beauty,Moisturizer,2,2879.39,5,0.0,0.0,3351.34,-3351.34,West Bengal,Siliguri,Consumer,Net Banking,Mobile App,Google Ads,Cancelled,6,4,2025,10,October,4,Saturday,0.0,Low
ORD100213,2025-04-19,CUST1112,Fashion,T-Shirt,2,4673.07,20,1869.23,7476.91,5472.23,2004.68,West Bengal,Siliguri,Consumer,Wallet,Mobile App,Organic,Delivered,4,3,2025,4,April,2,Saturday,26.81,High
ORD100214,2025-02-14,CUST1162,Electronics,Tablet,2,22881.94,10,4576.39,41187.49,25339.16,15848.33,Gujarat,Surat,Consumer,Wallet,Website,Festival Sale,Delivered,2,4,2025,2,February,1,Friday,38.48,Medium
ORD100215,2025-07-20,CUST1141,Electronics,Headphones,1,2513.36,10,251.34,2262.02,1704.53,557.49,Delhi,Delhi,Student,Net Banking,Mobile App,Google Ads,Returned,4,5,2025,7,July,3,Sunday,-17.36,Medium
ORD100216,2025-09-03,CUST1241,Fashion,Jacket,1,1836.47,15,275.47,1561.0,944.66,616.34,West Bengal,Siliguri,Consumer,UPI,Website,Festival Sale,Delivered,3,4,2025,9,September,3,Wednesday,39.48,Medium
ORD100217,2025-03-03,CUST1118,Sports,Yoga Mat,1,4248.08,25,1062.02,3186.06,2458.92,727.14,Kerala,Thiruvananthapuram,Consumer,Wallet,Mobile App,Referral,Delivered,3,5,2025,3,March,1,Monday,22.82,High
ORD100218,2025-08-21,CUST1204,Fashion,Jacket,2,676.22,25,0.0,0.0,613.61,-613.61,Delhi,New Delhi,Corporate,Wallet,Mobile App,Festival Sale,Cancelled,6,2,2025,8,August,3,Thursday,0.0,High
ORD100219,2025-08-27,CUST1206,Fashion,Dress,1,4529.67,30,0.0,0.0,1780.6,-1780.6,Maharashtra,Pune,Consumer,Cash on Delivery,Marketplace,Festival Sale,Cancelled,1,4,2025,8,August,3,Wednesday,0.0,Very High
ORD100220,2025-11-16,CUST1250,Fashion,Dress,2,1510.52,15,453.16,2567.88,1792.57,775.31,Maharashtra,Pune,Corporate,UPI,Website,Referral,Delivered,5,2,2025,11,November,4,Sunday,30.19,Medium
ORD100221,2025-11-10,CUST1215,Sports,Fitness Band,2,1521.68,20,608.67,2434.69,1924.4,510.29,Delhi,New Delhi,Consumer,Net Banking,Mobile App,Organic,Delivered,6,5,2025,11,November,4,Monday,20.96,High
ORD100222,2025-10-04,CUST1204,Beauty,Perfume,1,3110.95,20,0.0,0.0,1531.1,-1531.1,Kerala,Kochi,Consumer,Debit Card,Website,Google Ads,Cancelled,3,3,2025,10,October,4,Saturday,0.0,High
ORD100223,2025-05-18,CUST1156,Fashion,T-Shirt,1,2132.18,10,213.22,1918.96,1541.98,376.98,West Bengal,Siliguri,Corporate,UPI,Website,Google Ads,Returned,3,4,2025,5,May,2,Sunday,-13.09,Medium
ORD100224,2025-04-20,CUST1096,Electronics,Smart Watch,1,37351.99,20,7470.4,29881.59,18187.5,11694.09,Tamil Nadu,Madurai,Corporate,Net Banking,Mobile App,Organic,Returned,3,4,2025,4,April,2,Sunday,-17.46,High
ORD100225,2025-06-12,CUST1038,Sports,Cricket Bat,2,565.94,5,56.59,1075.29,808.58,266.71,Uttar Pradesh,Noida,Corporate,Cash on Delivery,Mobile App,Organic,Delivered,4,5,2025,6,June,2,Thursday,24.8,Low
ORD100226,2025-06-25,CUST1304,Sports,Cricket Bat,2,1411.89,20,0.0,0.0,1321.8,-1321.8,Kerala,Kochi,Consumer,Debit Card,Website,Google Ads,Cancelled,3,1,2025,6,June,2,Wednesday,0.0,High
ORD100227,2025-10-18,CUST1074,Electronics,Laptop,1,21577.41,0,0.0,21577.41,17639.17,3938.24,Kerala,Kochi,Consumer,Cash on Delivery,Marketplace,Email,Delivered,3,5,2025,10,October,4,Saturday,18.25,Low
ORD100228,2025-03-02,CUST1166,Home & Kitchen,Cookware Set,2,3848.22,10,769.64,6926.8,4733.91,2192.89,Maharashtra,Nagpur,Consumer,Cash on Delivery,Mobile App,Instagram Ads,Delivered,3,5,2025,3,March,1,Sunday,31.66,Medium
ORD100229,2025-01-14,CUST1321,Electronics,Headphones,1,38965.6,20,7793.12,31172.48,25344.69,5827.79,Uttar Pradesh,Kanpur,Consumer,Cash on Delivery,Mobile App,Email,Delivered,4,2,2025,1,January,1,Tuesday,18.7,High
ORD100230,2025-03-05,CUST1166,Sports,Yoga Mat,2,884.14,10,176.83,1591.45,948.96,642.49,Karnataka,Bengaluru,Corporate,Wallet,Website,Organic,Returned,3,4,2025,3,March,1,Wednesday,-25.57,Medium
ORD100231,2025-05-11,CUST1209,Fashion,Jeans,1,1263.63,15,189.54,1074.09,605.83,468.26,Gujarat,Surat,Consumer,Wallet,Mobile App,Google Ads,Delivered,3,1,2025,5,May,2,Sunday,43.6,Medium
ORD100232,2025-05-08,CUST1222,Fashion,Sneakers,2,732.2,25,366.1,1098.3,782.89,315.41,Telangana,Hyderabad,Consumer,Debit Card,Website,Email,Delivered,7,4,2025,5,May,2,Thursday,28.72,High
ORD100233,2025-10-03,CUST1052,Home & Kitchen,Vacuum Cleaner,2,16477.79,20,6591.12,26364.46,17839.75,8524.71,Delhi,Delhi,Consumer,Credit Card,Website,Organic,Delivered,2,3,2025,10,October,4,Friday,32.33,High
ORD100234,2025-09-28,CUST1013,Electronics,Headphones,1,79366.94,0,0.0,79366.94,61365.48,18001.46,Uttar Pradesh,Kanpur,Consumer,Wallet,Mobile App,Organic,Delivered,3,4,2025,9,September,3,Sunday,22.68,Low
ORD100235,2025-02-05,CUST1112,Electronics,Smart Watch,1,1587.82,20,317.56,1270.26,752.14,518.12,Uttar Pradesh,Kanpur,Corporate,Credit Card,Marketplace,Email,Returned,5,4,2025,2,February,1,Wednesday,-14.11,High
ORD100236,2025-11-12,CUST1271,Fashion,T-Shirt,4,1416.34,10,0.0,0.0,3722.89,-3722.89,West Bengal,Siliguri,Corporate,Credit Card,Mobile App,Instagram Ads,Cancelled,6,5,2025,11,November,4,Wednesday,0.0,Medium
ORD100237,2025-11-15,CUST1295,Electronics,Tablet,2,80917.68,10,0.0,0.0,94321.06,-94321.06,Telangana,Warangal,Consumer,UPI,Mobile App,Referral,Cancelled,3,5,2025,11,November,4,Saturday,0.0,Medium
ORD100238,2025-07-15,CUST1120,Home & Kitchen,Vacuum Cleaner,2,12131.05,10,2426.21,21835.89,14203.96,7631.93,Rajasthan,Udaipur,Consumer,Wallet,Mobile App,Instagram Ads,Delivered,2,4,2025,7,July,3,Tuesday,34.95,Medium
ORD100239,2025-08-08,CUST1255,Electronics,Headphones,1,2219.57,20,443.91,1775.66,1152.75,622.91,Gujarat,Ahmedabad,Consumer,Wallet,Website,Referral,Returned,4,2,2025,8,August,3,Friday,-30.35,High
ORD100240,2025-11-21,CUST1273,Electronics,Smartphone,1,899.97,10,90.0,809.97,582.68,227.29,Tamil Nadu,Madurai,Student,Net Banking,Website,Referral,Returned,2,5,2025,11,November,4,Friday,-18.75,Medium
ORD100241,2025-02-27,CUST1286,Electronics,Headphones,1,964.41,5,48.22,916.19,542.12,374.07,Kerala,Kochi,Consumer,Cash on Delivery,Mobile App,Referral,Delivered,3,4,2025,2,February,1,Thursday,40.83,Low
ORD100242,2025-12-25,CUST1180,Books,Self Help Book,2,587.43,0,0.0,0.0,807.9,-807.9,Telangana,Warangal,Consumer,UPI,Mobile App,Festival Sale,Cancelled,1,4,2025,12,December,4,Thursday,0.0,Low
ORD100243,2025-11-09,CUST1171,Fashion,T-Shirt,2,3904.16,5,390.42,7417.9,4840.42,2577.48,Karnataka,Bengaluru,Consumer,UPI,Mobile App,Organic,Returned,3,5,2025,11,November,4,Sunday,-27.52,Low
ORD100244,2025-12-17,CUST1305,Sports,Running Shoes,1,4304.43,25,1076.11,3228.32,2451.31,777.01,Gujarat,Surat,Corporate,Wallet,Website,Instagram Ads,Delivered,3,3,2025,12,December,4,Wednesday,24.07,High
ORD100245,2025-05-29,CUST1269,Books,Manga,1,1122.82,15,168.42,954.4,615.22,339.18,Uttar Pradesh,Noida,Consumer,Credit Card,Mobile App,Instagram Ads,Delivered,3,5,2025,5,May,2,Thursday,35.54,Medium
ORD100246,2025-11-04,CUST1208,Beauty,Face Wash,1,1942.32,30,582.7,1359.62,873.85,485.77,Kerala,Thiruvananthapuram,Consumer,Wallet,Website,Google Ads,Delivered,7,5,2025,11,November,4,Tuesday,35.73,Very High
ORD100247,2025-05-17,CUST1195,Electronics,Smart Watch,1,2858.75,10,285.88,2572.87,1604.75,968.12,Maharashtra,Nagpur,Student,Wallet,Website,Email,Delivered,3,3,2025,5,May,2,Saturday,37.63,Medium
ORD100248,2025-10-10,CUST1149,Electronics,Headphones,2,2155.65,10,431.13,3880.17,2246.25,1633.92,Maharashtra,Nagpur,Consumer,Net Banking,Mobile App,Google Ads,Delivered,4,4,2025,10,October,4,Friday,42.11,Medium
ORD100249,2025-12-06,CUST1091,Sports,Fitness Band,1,5168.0,5,258.4,4909.6,3217.42,1692.18,Kerala,Thiruvananthapuram,Consumer,Net Banking,Mobile App,Email,Returned,1,4,2025,12,December,4,Saturday,-11.54,Low
ORD100250,2025-01-18,CUST1056,Electronics,Headphones,1,11251.71,25,2812.93,8438.78,4879.33,3559.45,Maharashtra,Pune,Corporate,Net Banking,Website,Referral,Delivered,3,4,2025,1,January,1,Saturday,42.18,High
ORD100251,2025-08-25,CUST1220,Fashion,Jacket,1,484.88,20,96.98,387.9,291.7,96.2,Delhi,Delhi,Student,Net Banking,Website,Referral,Delivered,2,4,2025,8,August,3,Monday,24.8,High
ORD100252,2025-04-04,CUST1335,Home & Kitchen,Coffee Maker,1,2344.77,0,0.0,2344.77,1449.7,895.07,Tamil Nadu,Chennai,Consumer,UPI,Mobile App,Email,Delivered,3,4,2025,4,April,2,Friday,38.17,Low
ORD100253,2025-07-28,CUST1143,Electronics,Headphones,1,4111.16,20,822.23,3288.93,2555.65,733.28,Karnataka,Mysuru,Consumer,Cash on Delivery,Website,Instagram Ads,Delivered,3,3,2025,7,July,3,Monday,22.3,High
ORD100254,2025-11-06,CUST1146,Beauty,Makeup Kit,1,876.71,25,219.18,657.53,446.08,211.45,Gujarat,Ahmedabad,Consumer,Credit Card,Mobile App,Organic,Returned,2,4,2025,11,November,4,Thursday,-24.69,High
ORD100255,2025-09-30,CUST1327,Books,Biography,1,366.82,10,36.68,330.14,185.75,144.39,Delhi,New Delhi,Corporate,Debit Card,Website,Festival Sale,Delivered,3,4,2025,9,September,3,Tuesday,43.74,Medium
ORD100256,2025-12-29,CUST1259,Books,Manga,1,522.9,15,78.44,444.46,263.21,181.25,Telangana,Warangal,Consumer,Net Banking,Mobile App,Festival Sale,Returned,4,3,2025,12,December,4,Monday,-26.3,Medium
ORD100257,2025-09-03,CUST1221,Home & Kitchen,Mixer Grinder,1,1280.13,20,256.03,1024.1,588.52,435.58,West Bengal,Siliguri,Consumer,Debit Card,Mobile App,Google Ads,Delivered,1,4,2025,9,September,3,Wednesday,42.53,High
ORD100258,2025-03-01,CUST1323,Fashion,Jacket,1,2630.55,25,657.64,1972.91,1249.42,723.49,Tamil Nadu,Chennai,Consumer,Credit Card,Marketplace,Instagram Ads,Returned,3,4,2025,3,March,1,Saturday,-6.18,High
ORD100259,2025-04-16,CUST1076,Electronics,Smartphone,1,20645.41,5,1032.27,19613.14,14066.99,5546.15,Delhi,New Delhi,Consumer,Wallet,Mobile App,Google Ads,Returned,5,4,2025,4,April,2,Wednesday,-34.93,Low
ORD100260,2025-03-28,CUST1206,Fashion,Jeans,3,564.56,5,0.0,0.0,959.21,-959.21,Delhi,New Delhi,Consumer,Net Banking,Mobile App,Organic,Cancelled,5,4,2025,3,March,1,Friday,0.0,Low
ORD100261,2025-11-10,CUST1121,Home & Kitchen,Air Fryer,1,603.26,10,60.33,542.93,337.39,205.54,Kerala,Kochi,Student,Debit Card,Marketplace,Google Ads,Delivered,3,3,2025,11,November,4,Monday,37.86,Medium
ORD100262,2025-10-25,CUST1246,Books,Manga,1,222.51,10,22.25,200.26,147.87,52.39,Telangana,Hyderabad,Consumer,Wallet,Mobile App,Organic,Delivered,4,4,2025,10,October,4,Saturday,26.16,Medium
ORD100263,2025-05-10,CUST1090,Electronics,Headphones,1,21910.21,25,5477.55,16432.66,10446.89,5985.77,West Bengal,Siliguri,Consumer,Net Banking,Mobile App,Organic,Delivered,2,3,2025,5,May,2,Saturday,36.43,High
ORD100264,2025-07-27,CUST1106,Electronics,Tablet,1,14876.4,5,0.0,0.0,9278.53,-9278.53,Kerala,Kochi,Consumer,Net Banking,Mobile App,Google Ads,Cancelled,2,4,2025,7,July,3,Sunday,0.0,Low
ORD100265,2025-01-21,CUST1022,Sports,Dumbbells,1,9037.95,20,1807.59,7230.36,5337.7,1892.66,Tamil Nadu,Coimbatore,Consumer,Credit Card,Website,Google Ads,Returned,4,3,2025,1,January,1,Tuesday,-12.79,High
ORD100266,2025-06-29,CUST1324,Books,Technical Book,1,278.38,15,41.76,236.62,140.13,96.49,Tamil Nadu,Madurai,Corporate,Net Banking,Mobile App,Google Ads,Delivered,3,5,2025,6,June,2,Sunday,40.78,Medium
ORD100267,2025-10-27,CUST1194,Electronics,Laptop,1,6365.76,0,0.0,6365.76,4821.18,1544.58,Kerala,Thiruvananthapuram,Consumer,UPI,Mobile App,Festival Sale,Delivered,3,4,2025,10,October,4,Monday,24.26,Low
ORD100268,2025-11-12,CUST1199,Beauty,Makeup Kit,1,797.29,0,0.0,797.29,480.49,316.8,Telangana,Warangal,Consumer,Credit Card,Website,Instagram Ads,Delivered,5,4,2025,11,November,4,Wednesday,39.73,Low
ORD100269,2025-04-16,CUST1284,Sports,Cricket Bat,1,606.98,0,0.0,606.98,334.72,272.26,Delhi,Delhi,Student,Credit Card,Marketplace,Referral,Delivered,3,1,2025,4,April,2,Wednesday,44.85,Low
ORD100270,2025-10-08,CUST1160,Electronics,Laptop,1,20231.48,15,3034.72,17196.76,12714.83,4481.93,Rajasthan,Udaipur,Consumer,Cash on Delivery,Mobile App,Organic,Delivered,8,2,2025,10,October,4,Wednesday,26.06,Medium
ORD100271,2025-03-30,CUST1285,Books,Fiction Book,1,705.19,0,0.0,705.19,444.2,260.99,Maharashtra,Nagpur,Consumer,Credit Card,Mobile App,Organic,Delivered,7,4,2025,3,March,1,Sunday,37.01,Low
ORD100272,2025-01-15,CUST1217,Books,Technical Book,1,313.43,10,31.34,282.09,209.59,72.5,Telangana,Warangal,Consumer,Credit Card,Marketplace,Organic,Returned,4,3,2025,1,January,1,Wednesday,-25.93,Medium
ORD100273,2025-04-06,CUST1199,Beauty,Perfume,1,1445.59,5,0.0,0.0,875.28,-875.28,Telangana,Warangal,Consumer,Debit Card,Mobile App,Referral,Cancelled,4,4,2025,4,April,2,Sunday,0.0,Low
ORD100274,2025-02-15,CUST1083,Electronics,Smart Watch,1,59694.34,10,5969.43,53724.91,42476.2,11248.71,Telangana,Hyderabad,Consumer,Net Banking,Mobile App,Google Ads,Delivered,3,1,2025,2,February,1,Saturday,20.94,Medium
ORD100275,2025-04-20,CUST1096,Electronics,Tablet,1,69753.61,10,6975.36,62778.25,41136.89,21641.36,Gujarat,Vadodara,Student,Wallet,Mobile App,Organic,Delivered,2,4,2025,4,April,2,Sunday,34.47,Medium
ORD100276,2025-03-16,CUST1131,Sports,Dumbbells,2,2710.6,30,1626.36,3794.84,2786.14,1008.7,Delhi,New Delhi,Consumer,Cash on Delivery,Website,Email,Delivered,2,4,2025,3,March,1,Sunday,26.58,Very High
ORD100277,2025-07-07,CUST1111,Electronics,Headphones,1,1397.53,5,69.88,1327.65,971.71,355.94,West Bengal,Siliguri,Consumer,Wallet,Marketplace,Referral,Delivered,3,5,2025,7,July,3,Monday,26.81,Low
ORD100278,2025-12-31,CUST1267,Sports,Dumbbells,1,1025.52,10,102.55,922.97,533.92,389.05,Delhi,Delhi,Consumer,Cash on Delivery,Mobile App,Organic,Delivered,4,4,2025,12,December,4,Wednesday,42.15,Medium
ORD100279,2025-06-03,CUST1317,Home & Kitchen,Mixer Grinder,1,580.34,15,87.05,493.29,289.38,203.91,Tamil Nadu,Coimbatore,Student,Credit Card,Website,Instagram Ads,Delivered,1,5,2025,6,June,2,Tuesday,41.34,Medium
ORD100280,2025-11-20,CUST1007,Electronics,Laptop,1,29125.24,25,0.0,0.0,17714.72,-17714.72,Telangana,Warangal,Corporate,UPI,Marketplace,Google Ads,Cancelled,7,4,2025,11,November,4,Thursday,0.0,High
ORD100281,2025-05-02,CUST1238,Home & Kitchen,Air Fryer,1,1228.61,15,184.29,1044.32,591.61,452.71,Rajasthan,Udaipur,Consumer,Wallet,Mobile App,Organic,Delivered,2,4,2025,5,May,2,Friday,43.35,Medium
ORD100282,2025-04-03,CUST1230,Sports,Yoga Mat,1,1868.6,15,280.29,1588.31,938.51,649.8,Gujarat,Surat,Consumer,UPI,Marketplace,Festival Sale,Returned,4,4,2025,4,April,2,Thursday,-22.45,Medium
ORD100283,2025-11-04,CUST1244,Home & Kitchen,Cookware Set,1,2035.35,20,407.07,1628.28,946.76,681.52,Gujarat,Surat,Consumer,UPI,Website,Organic,Delivered,3,3,2025,11,November,4,Tuesday,41.86,High
ORD100284,2025-05-03,CUST1222,Beauty,Face Wash,1,716.23,0,0.0,716.23,409.43,306.8,Tamil Nadu,Chennai,Consumer,Wallet,Mobile App,Referral,Delivered,4,4,2025,5,May,2,Saturday,42.84,Low
ORD100285,2025-10-19,CUST1030,Sports,Fitness Band,2,929.79,5,92.98,1766.6,1195.58,571.02,Kerala,Kochi,Consumer,Cash on Delivery,Mobile App,Referral,Delivered,8,4,2025,10,October,4,Sunday,32.32,Low
ORD100286,2025-09-06,CUST1274,Books,Self Help Book,3,1791.77,0,0.0,0.0,3594.8,-3594.8,Rajasthan,Udaipur,Consumer,Net Banking,Marketplace,Organic,Cancelled,3,4,2025,9,September,3,Saturday,0.0,Low
ORD100287,2025-09-16,CUST1025,Electronics,Laptop,1,4782.01,10,478.2,4303.81,3011.66,1292.15,Kerala,Kochi,Consumer,Debit Card,Mobile App,Referral,Delivered,4,5,2025,9,September,3,Tuesday,30.02,Medium
ORD100288,2025-07-04,CUST1251,Electronics,Headphones,1,69855.95,15,10478.39,59377.56,45286.69,14090.87,Delhi,New Delhi,Corporate,UPI,Website,Referral,Delivered,5,3,2025,7,July,3,Friday,23.73,Medium
ORD100289,2025-10-22,CUST1085,Home & Kitchen,Vacuum Cleaner,1,522.61,20,104.52,418.09,324.68,93.41,Delhi,Delhi,Consumer,Wallet,Mobile App,Google Ads,Delivered,3,3,2025,10,October,4,Wednesday,22.34,High
ORD100290,2025-02-14,CUST1306,Fashion,Jacket,1,6892.29,5,344.61,6547.68,3681.81,2865.87,Telangana,Hyderabad,Consumer,Credit Card,Website,Email,Returned,5,5,2025,2,February,1,Friday,-13.9,Low
ORD100291,2025-01-12,CUST1319,Books,Technical Book,1,279.27,5,13.96,265.31,173.29,92.02,Rajasthan,Jaipur,Student,Wallet,Mobile App,Organic,Delivered,1,4,2025,1,January,1,Sunday,34.68,Low
ORD100292,2025-04-02,CUST1197,Fashion,Sneakers,1,3582.55,15,537.38,3045.17,2466.75,578.42,Karnataka,Mysuru,Student,Credit Card,Website,Instagram Ads,Delivered,3,2,2025,4,April,2,Wednesday,18.99,Medium
ORD100293,2025-01-25,CUST1045,Electronics,Laptop,2,33045.76,10,6609.15,59482.37,48655.33,10827.04,Maharashtra,Nagpur,Consumer,Cash on Delivery,Website,Referral,Delivered,6,3,2025,1,January,1,Saturday,18.2,Medium
ORD100294,2025-08-04,CUST1099,Home & Kitchen,Mixer Grinder,1,7081.75,0,0.0,7081.75,5432.59,1649.16,Delhi,Delhi,Consumer,Net Banking,Mobile App,Referral,Delivered,1,5,2025,8,August,3,Monday,23.29,Low
ORD100295,2025-04-08,CUST1134,Beauty,Makeup Kit,1,1464.91,0,0.0,0.0,977.38,-977.38,Delhi,Delhi,Corporate,Wallet,Website,Instagram Ads,Cancelled,3,3,2025,4,April,2,Tuesday,0.0,Low
ORD100296,2025-05-31,CUST1170,Home & Kitchen,Mixer Grinder,1,6159.01,25,1539.75,4619.26,2802.64,1816.62,Maharashtra,Nagpur,Consumer,Cash on Delivery,Mobile App,Instagram Ads,Delivered,1,5,2025,5,May,2,Saturday,39.33,High
ORD100297,2025-05-15,CUST1028,Sports,Cricket Bat,1,4615.37,20,0.0,0.0,2347.09,-2347.09,Rajasthan,Jaipur,Consumer,Credit Card,Mobile App,Instagram Ads,Cancelled,1,5,2025,5,May,2,Thursday,0.0,High
ORD100298,2025-01-25,CUST1001,Home & Kitchen,Air Fryer,1,2959.84,20,0.0,0.0,1533.54,-1533.54,Maharashtra,Nagpur,Consumer,Debit Card,Website,Referral,Cancelled,2,3,2025,1,January,1,Saturday,0.0,High
ORD100299,2025-06-02,CUST1034,Electronics,Smart Watch,1,1411.51,5,70.58,1340.93,802.96,537.97,Delhi,New Delhi,Student,UPI,Mobile App,Instagram Ads,Delivered,2,3,2025,6,June,2,Monday,40.12,Low
ORD100300,2025-12-11,CUST1191,Fashion,Jacket,1,1355.86,0,0.0,1355.86,892.27,463.59,West Bengal,Kolkata,Consumer,Credit Card,Mobile App,Google Ads,Delivered,1,5,2025,12,December,4,Thursday,34.19,Low
ORD100301,2025-06-17,CUST1095,Beauty,Face Wash,1,514.49,10,0.0,0.0,371.16,-371.16,Rajasthan,Udaipur,Corporate,Cash on Delivery,Mobile App,Email,Cancelled,4,5,2025,6,June,2,Tuesday,0.0,Medium
ORD100302,2025-04-15,CUST1279,Sports,Yoga Mat,1,774.33,25,193.58,580.75,438.58,142.17,Kerala,Kochi,Consumer,Cash on Delivery,Mobile App,Referral,Delivered,3,4,2025,4,April,2,Tuesday,24.48,High
ORD100303,2025-04-13,CUST1070,Books,Biography,1,2512.69,20,502.54,2010.15,1629.44,380.71,West Bengal,Kolkata,Consumer,Credit Card,Website,Organic,Delivered,4,4,2025,4,April,2,Sunday,18.94,High
ORD100304,2025-07-14,CUST1035,Home & Kitchen,Coffee Maker,1,1048.27,15,157.24,891.03,688.59,202.44,Gujarat,Vadodara,Student,Debit Card,Mobile App,Referral,Delivered,3,5,2025,7,July,3,Monday,22.72,Medium
ORD100305,2025-07-02,CUST1034,Electronics,Headphones,1,69318.94,10,6931.89,62387.05,49060.05,13327.0,Rajasthan,Udaipur,Consumer,Debit Card,Website,Referral,Returned,5,4,2025,7,July,3,Wednesday,-30.72,Medium
ORD100306,2025-02-05,CUST1176,Electronics,Laptop,2,65768.75,10,13153.75,118383.75,70772.69,47611.06,Karnataka,Mysuru,Consumer,Credit Card,Website,Organic,Delivered,3,1,2025,2,February,1,Wednesday,40.22,Medium
ORD100307,2025-01-21,CUST1007,Beauty,Shampoo,3,2729.49,5,0.0,0.0,5591.15,-5591.15,West Bengal,Kolkata,Consumer,UPI,Mobile App,Email,Cancelled,3,4,2025,1,January,1,Tuesday,0.0,Low
ORD100308,2025-10-10,CUST1099,Books,Technical Book,2,338.7,15,101.61,575.79,445.52,130.27,Karnataka,Mysuru,Consumer,Cash on Delivery,Mobile App,Instagram Ads,Delivered,4,5,2025,10,October,4,Friday,22.62,Medium
ORD100309,2025-04-26,CUST1079,Fashion,Jacket,1,5602.47,5,280.12,5322.35,3429.96,1892.39,Tamil Nadu,Madurai,Consumer,Credit Card,Website,Organic,Delivered,2,5,2025,4,April,2,Saturday,35.56,Low
ORD100310,2025-07-09,CUST1192,Books,Fiction Book,4,286.16,15,0.0,0.0,580.19,-580.19,Tamil Nadu,Chennai,Consumer,UPI,Website,Instagram Ads,Cancelled,3,3,2025,7,July,3,Wednesday,0.0,Medium
ORD100311,2025-09-10,CUST1273,Home & Kitchen,Mixer Grinder,1,1224.63,15,0.0,0.0,803.05,-803.05,Uttar Pradesh,Noida,Corporate,Net Banking,Mobile App,Organic,Cancelled,3,4,2025,9,September,3,Wednesday,0.0,Medium
ORD100312,2025-12-02,CUST1322,Home & Kitchen,Coffee Maker,2,14047.98,20,5619.19,22476.77,15826.02,6650.75,Karnataka,Mangaluru,Consumer,Cash on Delivery,Website,Google Ads,Delivered,6,4,2025,12,December,4,Tuesday,29.59,High
ORD100313,2025-09-22,CUST1106,Fashion,Jeans,1,646.64,0,0.0,646.64,368.4,278.24,Maharashtra,Nagpur,Consumer,UPI,Mobile App,Organic,Delivered,4,5,2025,9,September,3,Monday,43.03,Low
ORD100314,2025-04-15,CUST1146,Beauty,Perfume,1,4909.58,0,0.0,4909.58,3610.3,1299.28,Kerala,Thiruvananthapuram,Consumer,Cash on Delivery,Website,Referral,Delivered,6,5,2025,4,April,2,Tuesday,26.46,Low
ORD100315,2025-07-01,CUST1332,Electronics,Laptop,1,9707.52,20,1941.5,7766.02,6080.71,1685.31,Maharashtra,Pune,Student,Wallet,Mobile App,Google Ads,Returned,4,3,2025,7,July,3,Tuesday,-30.76,High
ORD100316,2025-10-25,CUST1022,Electronics,Headphones,3,871.21,0,0.0,2613.63,1739.64,873.99,Uttar Pradesh,Lucknow,Consumer,UPI,Website,Organic,Returned,2,2,2025,10,October,4,Saturday,-15.9,Low
ORD100317,2025-07-31,CUST1057,Sports,Dumbbells,1,1427.76,25,356.94,1070.82,853.73,217.09,Maharashtra,Nagpur,Corporate,UPI,Website,Referral,Delivered,3,5,2025,7,July,3,Thursday,20.27,High
ORD100318,2025-10-18,CUST1074,Beauty,Face Wash,1,2812.47,0,0.0,2812.47,1556.9,1255.57,Delhi,New Delhi,Consumer,Cash on Delivery,Marketplace,Festival Sale,Delivered,5,4,2025,10,October,4,Saturday,44.64,Low
ORD100319,2025-07-11,CUST1140,Books,Fiction Book,4,1759.58,15,0.0,0.0,4422.63,-4422.63,Maharashtra,Pune,Consumer,Net Banking,Mobile App,Email,Cancelled,3,3,2025,7,July,3,Friday,0.0,Medium
ORD100320,2025-11-22,CUST1036,Beauty,Face Wash,1,1597.53,10,159.75,1437.78,1161.76,276.02,Gujarat,Vadodara,Consumer,Wallet,Mobile App,Google Ads,Delivered,3,5,2025,11,November,4,Saturday,19.2,Medium
ORD100321,2025-04-19,CUST1314,Sports,Dumbbells,1,10164.97,20,2032.99,8131.98,5863.0,2268.98,Karnataka,Mangaluru,Corporate,Wallet,Mobile App,Email,Returned,4,4,2025,4,April,2,Saturday,-27.37,High
ORD100322,2025-02-01,CUST1170,Beauty,Shampoo,1,249.77,5,12.49,237.28,138.98,98.3,Gujarat,Vadodara,Corporate,Credit Card,Mobile App,Google Ads,Delivered,2,3,2025,2,February,1,Saturday,41.43,Low
ORD100323,2025-11-03,CUST1203,Fashion,T-Shirt,2,1803.02,15,540.91,3065.13,2027.09,1038.04,Maharashtra,Pune,Consumer,Net Banking,Mobile App,Organic,Delivered,4,2,2025,11,November,4,Monday,33.87,Medium
ORD100324,2025-03-15,CUST1306,Beauty,Shampoo,1,264.7,10,26.47,238.23,183.28,54.95,Uttar Pradesh,Lucknow,Consumer,Cash on Delivery,Marketplace,Organic,Delivered,2,4,2025,3,March,1,Saturday,23.07,Medium
ORD100325,2025-04-04,CUST1132,Electronics,Headphones,1,2453.88,5,122.69,2331.19,1408.83,922.36,Kerala,Kochi,Consumer,Credit Card,Mobile App,Email,Delivered,2,5,2025,4,April,2,Friday,39.57,Low
ORD100326,2025-12-04,CUST1298,Fashion,Sneakers,1,467.54,10,46.75,420.79,340.68,80.11,Telangana,Hyderabad,Consumer,Credit Card,Marketplace,Google Ads,Delivered,3,4,2025,12,December,4,Thursday,19.04,Medium
ORD100327,2025-10-02,CUST1310,Fashion,T-Shirt,1,1372.88,15,205.93,1166.95,748.7,418.25,Karnataka,Mangaluru,Corporate,Debit Card,Marketplace,Email,Delivered,1,4,2025,10,October,4,Thursday,35.84,Medium
ORD100328,2025-11-14,CUST1063,Fashion,T-Shirt,2,1263.59,10,252.72,2274.46,1376.27,898.19,West Bengal,Siliguri,Corporate,Net Banking,Website,Instagram Ads,Returned,5,3,2025,11,November,4,Friday,-19.48,Medium
ORD100329,2025-03-09,CUST1234,Beauty,Shampoo,2,1439.39,5,143.94,2734.84,1881.47,853.37,Kerala,Thiruvananthapuram,Corporate,Cash on Delivery,Mobile App,Email,Delivered,1,4,2025,3,March,1,Sunday,31.2,Low
ORD100330,2025-03-28,CUST1278,Home & Kitchen,Air Fryer,1,10112.6,0,0.0,10112.6,8119.56,1993.04,Delhi,New Delhi,Consumer,Credit Card,Marketplace,Google Ads,Delivered,3,4,2025,3,March,1,Friday,19.71,Low
ORD100331,2025-01-18,CUST1069,Home & Kitchen,Mixer Grinder,1,4515.93,5,225.8,4290.13,3147.68,1142.45,Delhi,Delhi,Consumer,Debit Card,Marketplace,Google Ads,Delivered,5,3,2025,1,January,1,Saturday,26.63,Low
ORD100332,2025-01-23,CUST1140,Sports,Yoga Mat,1,3765.74,5,0.0,0.0,2388.15,-2388.15,Telangana,Warangal,Student,UPI,Mobile App,Email,Cancelled,4,5,2025,1,January,1,Thursday,0.0,Low
ORD100333,2025-10-21,CUST1012,Fashion,Jeans,2,465.29,0,0.0,930.58,737.54,193.04,Delhi,New Delhi,Corporate,Net Banking,Website,Referral,Delivered,2,4,2025,10,October,4,Tuesday,20.74,Low
ORD100334,2025-03-22,CUST1253,Beauty,Makeup Kit,1,1710.08,15,256.51,1453.57,900.51,553.06,Rajasthan,Udaipur,Corporate,Debit Card,Website,Referral,Delivered,3,5,2025,3,March,1,Saturday,38.05,Medium
ORD100335,2025-01-14,CUST1145,Sports,Running Shoes,1,1204.89,10,120.49,1084.4,688.94,395.46,West Bengal,Siliguri,Corporate,UPI,Mobile App,Festival Sale,Delivered,1,5,2025,1,January,1,Tuesday,36.47,Medium
ORD100336,2025-02-20,CUST1180,Beauty,Shampoo,4,263.28,10,105.31,947.81,735.61,212.2,Telangana,Hyderabad,Consumer,UPI,Mobile App,Organic,Returned,2,3,2025,2,February,1,Thursday,-20.15,Medium
ORD100337,2025-02-01,CUST1110,Books,Fiction Book,1,276.21,0,0.0,276.21,197.91,78.3,West Bengal,Kolkata,Consumer,Cash on Delivery,Website,Google Ads,Delivered,3,5,2025,2,February,1,Saturday,28.35,Low
ORD100338,2025-09-11,CUST1275,Home & Kitchen,Vacuum Cleaner,1,11912.39,10,1191.24,10721.15,7393.8,3327.35,Karnataka,Mangaluru,Consumer,Credit Card,Mobile App,Google Ads,Delivered,4,5,2025,9,September,3,Thursday,31.04,Medium
ORD100339,2025-10-06,CUST1076,Home & Kitchen,Air Fryer,1,704.39,0,0.0,0.0,549.46,-549.46,Maharashtra,Mumbai,Consumer,Credit Card,Mobile App,Google Ads,Cancelled,4,4,2025,10,October,4,Monday,0.0,Low
ORD100340,2025-04-18,CUST1330,Books,Biography,2,2057.09,0,0.0,4114.18,2714.26,1399.92,West Bengal,Siliguri,Consumer,Net Banking,Website,Referral,Delivered,4,5,2025,4,April,2,Friday,34.03,Low
ORD100341,2025-11-04,CUST1151,Fashion,Jacket,2,988.84,10,197.77,1779.91,1206.82,573.09,West Bengal,Siliguri,Consumer,Debit Card,Website,Referral,Delivered,4,3,2025,11,November,4,Tuesday,32.2,Medium
ORD100342,2025-08-09,CUST1220,Fashion,Jacket,4,610.91,5,122.18,2321.46,1476.06,845.4,West Bengal,Kolkata,Corporate,Cash on Delivery,Marketplace,Referral,Returned,3,1,2025,8,August,3,Saturday,-14.05,Low
ORD100343,2025-01-09,CUST1200,Fashion,Dress,2,1214.3,0,0.0,2428.6,1516.43,912.17,Maharashtra,Mumbai,Consumer,Cash on Delivery,Mobile App,Festival Sale,Delivered,4,4,2025,1,January,1,Thursday,37.56,Low
ORD100344,2025-04-11,CUST1101,Books,Self Help Book,1,218.37,5,10.92,207.45,154.3,53.15,Delhi,Delhi,Student,Credit Card,Website,Email,Delivered,3,5,2025,4,April,2,Friday,25.62,Low
ORD100345,2025-01-09,CUST1001,Sports,Running Shoes,1,5266.55,15,789.98,4476.57,2814.68,1661.89,Maharashtra,Mumbai,Consumer,Net Banking,Mobile App,Organic,Returned,2,5,2025,1,January,1,Thursday,-13.68,Medium
ORD100346,2025-06-16,CUST1049,Beauty,Face Wash,1,724.74,15,108.71,616.03,385.77,230.26,Kerala,Thiruvananthapuram,Corporate,UPI,Website,Organic,Delivered,2,4,2025,6,June,2,Monday,37.38,Medium
ORD100347,2025-08-20,CUST1342,Beauty,Shampoo,2,1047.74,10,209.55,1885.93,1233.84,652.09,Kerala,Thiruvananthapuram,Consumer,Cash on Delivery,Marketplace,Instagram Ads,Delivered,4,5,2025,8,August,3,Wednesday,34.58,Medium
ORD100348,2025-04-24,CUST1045,Sports,Cricket Bat,1,622.11,10,62.21,559.9,368.67,191.23,Kerala,Kochi,Corporate,Cash on Delivery,Website,Google Ads,Returned,5,4,2025,4,April,2,Thursday,-24.53,Medium
ORD100349,2025-07-25,CUST1010,Electronics,Smart Watch,4,22526.16,5,0.0,0.0,57635.56,-57635.56,Rajasthan,Udaipur,Corporate,Net Banking,Mobile App,Organic,Cancelled,1,4,2025,7,July,3,Friday,0.0,Low
ORD100350,2025-12-24,CUST1063,Home & Kitchen,Mixer Grinder,1,3240.87,30,0.0,0.0,1534.23,-1534.23,Telangana,Warangal,Corporate,UPI,Website,Organic,Cancelled,3,4,2025,12,December,4,Wednesday,0.0,Very High
ORD100351,2025-05-27,CUST1238,Sports,Yoga Mat,1,713.61,15,107.04,606.57,413.44,193.13,Karnataka,Mysuru,Student,Credit Card,Mobile App,Referral,Delivered,1,5,2025,5,May,2,Tuesday,31.84,Medium
ORD100352,2025-07-01,CUST1055,Books,Biography,1,294.44,5,14.72,279.72,187.65,92.07,Delhi,Delhi,Corporate,UPI,Mobile App,Google Ads,Delivered,3,5,2025,7,July,3,Tuesday,32.92,Low
ORD100353,2025-06-21,CUST1276,Electronics,Tablet,2,7243.96,10,1448.79,13039.13,7493.04,5546.09,Telangana,Hyderabad,Corporate,UPI,Website,Festival Sale,Delivered,7,3,2025,6,June,2,Saturday,42.53,Medium
ORD100354,2025-11-25,CUST1204,Electronics,Laptop,2,6528.66,20,0.0,0.0,6222.32,-6222.32,West Bengal,Siliguri,Consumer,Wallet,Mobile App,Google Ads,Cancelled,5,5,2025,11,November,4,Tuesday,0.0,High
ORD100355,2025-07-15,CUST1265,Fashion,T-Shirt,1,870.46,5,43.52,826.94,457.87,369.07,Kerala,Kochi,Student,Net Banking,Website,Referral,Delivered,1,5,2025,7,July,3,Tuesday,44.63,Low
ORD100356,2025-09-28,CUST1027,Electronics,Smart Watch,1,32510.56,10,0.0,0.0,17557.47,-17557.47,Tamil Nadu,Chennai,Consumer,UPI,Mobile App,Organic,Cancelled,4,3,2025,9,September,3,Sunday,0.0,Medium
ORD100357,2025-08-08,CUST1082,Sports,Yoga Mat,2,3052.07,15,915.62,5188.52,3859.77,1328.75,Maharashtra,Nagpur,Consumer,Credit Card,Website,Email,Delivered,4,3,2025,8,August,3,Friday,25.61,Medium
ORD100358,2025-08-08,CUST1133,Beauty,Perfume,2,565.65,0,0.0,1131.3,730.18,401.12,Gujarat,Vadodara,Consumer,Cash on Delivery,Website,Google Ads,Delivered,3,4,2025,8,August,3,Friday,35.46,Low
ORD100359,2025-04-18,CUST1045,Electronics,Smart Watch,1,75607.82,10,7560.78,68047.04,46539.52,21507.52,Kerala,Kochi,Corporate,Wallet,Website,Google Ads,Delivered,3,1,2025,4,April,2,Friday,31.61,Medium
ORD100360,2025-11-10,CUST1322,Home & Kitchen,Coffee Maker,1,10204.42,20,2040.88,8163.54,5555.77,2607.77,Maharashtra,Nagpur,Consumer,Wallet,Mobile App,Organic,Delivered,2,3,2025,11,November,4,Monday,31.94,High
ORD100361,2025-01-04,CUST1176,Electronics,Smartphone,2,2834.74,15,0.0,0.0,3194.81,-3194.81,Rajasthan,Jaipur,Student,Debit Card,Website,Festival Sale,Cancelled,3,4,2025,1,January,1,Saturday,0.0,Medium
ORD100362,2025-11-06,CUST1022,Home & Kitchen,Cookware Set,1,2353.16,20,470.63,1882.53,1243.37,639.16,Gujarat,Ahmedabad,Corporate,UPI,Website,Organic,Delivered,4,4,2025,11,November,4,Thursday,33.95,High
ORD100363,2025-04-17,CUST1128,Sports,Dumbbells,4,6688.83,25,0.0,0.0,13517.79,-13517.79,West Bengal,Kolkata,Consumer,UPI,Website,Instagram Ads,Cancelled,3,4,2025,4,April,2,Thursday,0.0,High
ORD100364,2025-06-22,CUST1020,Electronics,Tablet,2,8980.39,0,0.0,17960.78,11316.01,6644.77,Kerala,Thiruvananthapuram,Consumer,Credit Card,Mobile App,Instagram Ads,Delivered,2,5,2025,6,June,2,Sunday,37.0,Low
ORD100365,2025-08-14,CUST1165,Home & Kitchen,Air Fryer,1,3640.24,10,364.02,3276.22,1902.73,1373.49,Gujarat,Ahmedabad,Corporate,Wallet,Mobile App,Referral,Delivered,5,4,2025,8,August,3,Thursday,41.92,Medium
ORD100366,2025-02-18,CUST1163,Fashion,Jeans,1,1816.62,15,272.49,1544.13,1137.63,406.5,Telangana,Hyderabad,Consumer,Debit Card,Website,Organic,Returned,2,5,2025,2,February,1,Tuesday,-8.13,Medium
ORD100367,2025-04-08,CUST1053,Sports,Fitness Band,1,2207.44,15,0.0,0.0,1056.96,-1056.96,Telangana,Hyderabad,Consumer,Net Banking,Mobile App,Organic,Cancelled,2,3,2025,4,April,2,Tuesday,0.0,Medium
ORD100368,2025-07-06,CUST1097,Home & Kitchen,Cookware Set,2,4455.53,15,0.0,0.0,4704.91,-4704.91,Delhi,New Delhi,Consumer,Wallet,Mobile App,Festival Sale,Cancelled,7,3,2025,7,July,3,Sunday,0.0,Medium
ORD100369,2025-12-24,CUST1043,Beauty,Shampoo,1,410.0,10,41.0,369.0,256.67,112.33,Maharashtra,Nagpur,Student,Debit Card,Mobile App,Instagram Ads,Delivered,5,3,2025,12,December,4,Wednesday,30.44,Medium
ORD100370,2025-03-25,CUST1326,Electronics,Headphones,1,1258.0,15,188.7,1069.3,667.56,401.74,Kerala,Kochi,Corporate,Credit Card,Mobile App,Festival Sale,Delivered,7,4,2025,3,March,1,Tuesday,37.57,Medium
ORD100371,2025-06-26,CUST1013,Books,Biography,2,523.45,15,157.04,889.86,498.98,390.88,Gujarat,Vadodara,Consumer,Credit Card,Website,Email,Delivered,6,4,2025,6,June,2,Thursday,43.93,Medium
ORD100372,2025-07-27,CUST1341,Fashion,Jacket,2,4816.13,10,963.23,8669.03,5549.51,3119.52,Gujarat,Surat,Consumer,Debit Card,Mobile App,Email,Delivered,4,3,2025,7,July,3,Sunday,35.98,Medium
ORD100373,2025-09-05,CUST1093,Electronics,Laptop,1,13506.61,10,1350.66,12155.95,7307.55,4848.4,Rajasthan,Jaipur,Corporate,Credit Card,Mobile App,Festival Sale,Returned,7,4,2025,9,September,3,Friday,-16.9,Medium
ORD100374,2025-12-02,CUST1164,Fashion,Jacket,1,1019.08,15,152.86,866.22,649.89,216.33,Uttar Pradesh,Lucknow,Consumer,Cash on Delivery,Mobile App,Email,Delivered,2,4,2025,12,December,4,Tuesday,24.97,Medium
ORD100375,2025-12-27,CUST1087,Electronics,Laptop,2,18762.25,30,11257.35,26267.15,18831.89,7435.26,Kerala,Thiruvananthapuram,Corporate,UPI,Website,Instagram Ads,Delivered,4,5,2025,12,December,4,Saturday,28.31,Very High
ORD100376,2025-01-02,CUST1301,Electronics,Tablet,3,8140.29,5,1221.04,23199.83,17701.71,5498.12,Karnataka,Bengaluru,Student,UPI,Website,Organic,Delivered,2,5,2025,1,January,1,Thursday,23.7,Low
ORD100377,2025-11-29,CUST1103,Electronics,Laptop,1,27607.48,25,6901.87,20705.61,16484.58,4221.03,Karnataka,Mangaluru,Corporate,UPI,Mobile App,Instagram Ads,Returned,2,5,2025,11,November,4,Saturday,-5.07,High
ORD100378,2025-10-24,CUST1188,Home & Kitchen,Mixer Grinder,1,2579.01,25,644.75,1934.26,1421.05,513.21,Karnataka,Bengaluru,Consumer,UPI,Mobile App,Instagram Ads,Delivered,4,3,2025,10,October,4,Friday,26.53,High
ORD100379,2025-02-25,CUST1169,Electronics,Smart Watch,1,1565.36,10,156.54,1408.82,982.15,426.67,Karnataka,Bengaluru,Corporate,Wallet,Mobile App,Referral,Delivered,2,2,2025,2,February,1,Tuesday,30.29,Medium
ORD100380,2025-01-22,CUST1238,Electronics,Smart Watch,1,19337.77,5,0.0,0.0,15022.58,-15022.58,Gujarat,Surat,Consumer,UPI,Marketplace,Referral,Cancelled,4,3,2025,1,January,1,Wednesday,0.0,Low
ORD100381,2025-02-28,CUST1337,Beauty,Moisturizer,1,1823.75,20,364.75,1459.0,971.9,487.1,Delhi,New Delhi,Consumer,Debit Card,Marketplace,Email,Delivered,3,4,2025,2,February,1,Friday,33.39,High
ORD100382,2025-04-16,CUST1349,Fashion,Sneakers,2,659.66,20,263.86,1055.46,653.78,401.68,Karnataka,Mysuru,Consumer,Wallet,Marketplace,Referral,Delivered,1,5,2025,4,April,2,Wednesday,38.06,High
ORD100383,2025-09-17,CUST1313,Fashion,T-Shirt,3,525.83,25,394.37,1183.12,942.24,240.88,Delhi,New Delhi,Consumer,Wallet,Website,Instagram Ads,Delivered,1,3,2025,9,September,3,Wednesday,20.36,High
ORD100384,2025-07-15,CUST1185,Home & Kitchen,Air Fryer,3,15903.77,10,0.0,0.0,24778.28,-24778.28,Telangana,Warangal,Consumer,Cash on Delivery,Marketplace,Google Ads,Cancelled,5,3,2025,7,July,3,Tuesday,0.0,Medium
ORD100385,2025-09-10,CUST1130,Electronics,Laptop,1,5157.88,10,515.79,4642.09,2624.12,2017.97,Delhi,New Delhi,Consumer,Debit Card,Marketplace,Organic,Delivered,4,3,2025,9,September,3,Wednesday,43.47,Medium
ORD100386,2025-12-18,CUST1053,Fashion,Jacket,2,1433.22,20,0.0,0.0,1878.05,-1878.05,Rajasthan,Udaipur,Consumer,Wallet,Website,Instagram Ads,Cancelled,5,4,2025,12,December,4,Thursday,0.0,High
ORD100387,2025-07-17,CUST1255,Sports,Running Shoes,2,8487.27,15,2546.18,14428.36,11338.59,3089.77,West Bengal,Siliguri,Consumer,Credit Card,Website,Organic,Delivered,2,3,2025,7,July,3,Thursday,21.41,Medium
ORD100388,2025-01-30,CUST1167,Fashion,T-Shirt,1,6226.42,15,933.96,5292.46,3561.6,1730.86,Delhi,New Delhi,Consumer,Debit Card,Website,Email,Delivered,1,4,2025,1,January,1,Thursday,32.7,Medium
ORD100389,2025-07-07,CUST1107,Beauty,Shampoo,1,3375.91,30,1012.77,2363.14,1681.05,682.09,West Bengal,Siliguri,Consumer,Cash on Delivery,Mobile App,Instagram Ads,Delivered,1,5,2025,7,July,3,Monday,28.86,Very High
ORD100390,2025-10-06,CUST1072,Electronics,Laptop,1,2074.82,10,207.48,1867.34,1483.05,384.29,West Bengal,Kolkata,Consumer,UPI,Website,Festival Sale,Delivered,4,1,2025,10,October,4,Monday,20.58,Medium
ORD100391,2025-11-26,CUST1183,Electronics,Tablet,2,2572.54,10,514.51,4630.57,2733.65,1896.92,Kerala,Kochi,Student,Debit Card,Mobile App,Instagram Ads,Delivered,3,5,2025,11,November,4,Wednesday,40.97,Medium
ORD100392,2025-09-08,CUST1133,Electronics,Smart Watch,3,5326.63,15,2396.98,13582.91,8517.29,5065.62,Maharashtra,Nagpur,Student,Debit Card,Website,Email,Returned,2,4,2025,9,September,3,Monday,-33.98,Medium
ORD100393,2025-11-19,CUST1029,Home & Kitchen,Cookware Set,2,8089.82,15,2426.95,13752.69,9544.27,4208.42,Maharashtra,Mumbai,Consumer,Credit Card,Website,Organic,Delivered,5,5,2025,11,November,4,Wednesday,30.6,Medium
ORD100394,2025-05-23,CUST1323,Home & Kitchen,Coffee Maker,1,13761.01,0,0.0,13761.01,9984.03,3776.98,Delhi,Delhi,Consumer,Wallet,Marketplace,Festival Sale,Delivered,1,5,2025,5,May,2,Friday,27.45,Low
ORD100395,2025-12-12,CUST1248,Books,Biography,1,1797.89,25,449.47,1348.42,865.95,482.47,Gujarat,Vadodara,Corporate,Net Banking,Website,Email,Delivered,5,3,2025,12,December,4,Friday,35.78,High
ORD100396,2025-10-29,CUST1027,Sports,Fitness Band,3,1253.31,0,0.0,3759.93,2578.22,1181.71,Karnataka,Mysuru,Student,Wallet,Mobile App,Instagram Ads,Delivered,4,3,2025,10,October,4,Wednesday,31.43,Low
ORD100397,2025-08-15,CUST1001,Electronics,Tablet,1,37159.05,10,0.0,0.0,20291.69,-20291.69,Tamil Nadu,Madurai,Consumer,Wallet,Mobile App,Referral,Cancelled,5,4,2025,8,August,3,Friday,0.0,Medium
ORD100398,2025-11-03,CUST1216,Sports,Dumbbells,1,3509.13,30,1052.74,2456.39,1970.75,485.64,Telangana,Warangal,Consumer,Cash on Delivery,Website,Email,Returned,5,3,2025,11,November,4,Monday,-30.99,Very High
ORD100399,2025-07-31,CUST1319,Fashion,Jeans,1,843.51,0,0.0,843.51,605.85,237.66,Rajasthan,Udaipur,Corporate,Net Banking,Website,Organic,Returned,5,4,2025,7,July,3,Thursday,-12.01,Low
ORD100400,2025-11-21,CUST1289,Electronics,Smartphone,2,28150.3,10,0.0,0.0,34069.97,-34069.97,Tamil Nadu,Coimbatore,Consumer,Net Banking,Website,Organic,Cancelled,4,5,2025,11,November,4,Friday,0.0,Medium
ORD100401,2025-06-02,CUST1017,Electronics,Smartphone,1,4320.98,10,0.0,0.0,2562.58,-2562.58,Delhi,New Delhi,Corporate,Credit Card,Mobile App,Referral,Cancelled,3,4,2025,6,June,2,Monday,0.0,Medium
ORD100402,2025-01-19,CUST1016,Electronics,Headphones,1,13432.47,15,0.0,0.0,7226.36,-7226.36,Kerala,Thiruvananthapuram,Consumer,Debit Card,Website,Instagram Ads,Cancelled,3,1,2025,1,January,1,Sunday,0.0,Medium
ORD100403,2025-01-12,CUST1055,Home & Kitchen,Vacuum Cleaner,1,15907.72,5,795.39,15112.33,9281.1,5831.23,Rajasthan,Udaipur,Consumer,Net Banking,Mobile App,Email,Delivered,3,4,2025,1,January,1,Sunday,38.59,Low
ORD100404,2025-09-14,CUST1024,Books,Biography,1,1491.71,20,298.34,1193.37,742.55,450.82,Kerala,Thiruvananthapuram,Consumer,Credit Card,Mobile App,Google Ads,Returned,2,4,2025,9,September,3,Sunday,-8.71,High
ORD100405,2025-04-19,CUST1235,Fashion,Sneakers,3,1174.26,10,352.28,3170.5,2319.08,851.42,Maharashtra,Mumbai,Student,UPI,Mobile App,Google Ads,Delivered,2,2,2025,4,April,2,Saturday,26.85,Medium
ORD100406,2025-09-24,CUST1059,Sports,Cricket Bat,1,5048.05,15,0.0,0.0,3099.51,-3099.51,Telangana,Hyderabad,Consumer,Credit Card,Website,Email,Cancelled,2,5,2025,9,September,3,Wednesday,0.0,Medium
ORD100407,2025-03-31,CUST1075,Fashion,Dress,1,1126.22,25,281.56,844.66,504.45,340.21,Telangana,Warangal,Consumer,Credit Card,Website,Festival Sale,Returned,2,4,2025,3,March,1,Monday,-26.74,High
ORD100408,2025-10-22,CUST1243,Electronics,Laptop,1,23377.34,20,0.0,0.0,15267.72,-15267.72,Tamil Nadu,Coimbatore,Consumer,Cash on Delivery,Website,Google Ads,Cancelled,2,2,2025,10,October,4,Wednesday,0.0,High
ORD100409,2025-08-29,CUST1326,Electronics,Headphones,2,1684.11,0,0.0,3368.22,1952.69,1415.53,Tamil Nadu,Chennai,Consumer,Credit Card,Mobile App,Instagram Ads,Delivered,2,4,2025,8,August,3,Friday,42.03,Low
ORD100410,2025-12-10,CUST1162,Electronics,Laptop,1,1231.85,5,61.59,1170.26,709.78,460.48,Uttar Pradesh,Kanpur,Consumer,Wallet,Website,Referral,Delivered,4,2,2025,12,December,4,Wednesday,39.35,Low
ORD100411,2025-08-22,CUST1282,Electronics,Tablet,1,60369.73,5,3018.49,57351.24,33166.55,24184.69,Uttar Pradesh,Noida,Consumer,Cash on Delivery,Mobile App,Festival Sale,Returned,4,3,2025,8,August,3,Friday,-21.97,Low
ORD100412,2025-10-20,CUST1250,Sports,Cricket Bat,1,6547.43,0,0.0,6547.43,4473.11,2074.32,Telangana,Warangal,Consumer,Net Banking,Website,Instagram Ads,Returned,3,1,2025,10,October,4,Monday,-16.51,Low
ORD100413,2025-03-24,CUST1078,Fashion,Sneakers,1,1328.9,15,199.34,1129.56,672.86,456.7,West Bengal,Siliguri,Consumer,Credit Card,Mobile App,Google Ads,Delivered,1,3,2025,3,March,1,Monday,40.43,Medium
ORD100414,2025-04-18,CUST1262,Fashion,Sneakers,1,421.25,10,42.12,379.13,228.03,151.1,Telangana,Hyderabad,Consumer,UPI,Marketplace,Instagram Ads,Returned,6,4,2025,4,April,2,Friday,-6.53,Medium
ORD100415,2025-04-17,CUST1104,Home & Kitchen,Cookware Set,1,4923.12,25,1230.78,3692.34,2394.23,1298.11,Maharashtra,Mumbai,Corporate,Credit Card,Mobile App,Google Ads,Delivered,2,5,2025,4,April,2,Thursday,35.16,High
ORD100416,2025-08-25,CUST1323,Fashion,Sneakers,1,478.28,10,47.83,430.45,348.84,81.61,Telangana,Hyderabad,Consumer,UPI,Website,Referral,Returned,8,5,2025,8,August,3,Monday,-25.95,Medium
ORD100417,2025-09-09,CUST1308,Beauty,Moisturizer,2,545.14,10,109.03,981.25,635.82,345.43,Delhi,New Delhi,Consumer,Wallet,Mobile App,Organic,Returned,5,4,2025,9,September,3,Tuesday,-31.66,Medium
ORD100418,2025-08-09,CUST1012,Home & Kitchen,Cookware Set,1,1003.72,5,50.19,953.53,545.42,408.11,Telangana,Warangal,Consumer,Debit Card,Mobile App,Google Ads,Returned,7,3,2025,8,August,3,Saturday,-17.26,Low
ORD100419,2025-06-26,CUST1196,Electronics,Headphones,1,4852.87,10,485.29,4367.58,3163.06,1204.52,West Bengal,Siliguri,Consumer,Wallet,Mobile App,Organic,Delivered,5,4,2025,6,June,2,Thursday,27.58,Medium
ORD100420,2025-11-04,CUST1345,Electronics,Tablet,1,77428.96,15,11614.34,65814.62,52539.9,13274.72,West Bengal,Siliguri,Consumer,Credit Card,Mobile App,Festival Sale,Delivered,2,4,2025,11,November,4,Tuesday,20.17,Medium
ORD100421,2025-06-01,CUST1085,Books,Self Help Book,1,713.78,15,107.07,606.71,433.02,173.69,Uttar Pradesh,Kanpur,Consumer,Net Banking,Marketplace,Organic,Delivered,4,4,2025,6,June,2,Sunday,28.63,Medium
ORD100422,2025-04-19,CUST1052,Sports,Running Shoes,1,8455.36,10,845.54,7609.82,5897.32,1712.5,Rajasthan,Jaipur,Student,Wallet,Mobile App,Google Ads,Delivered,4,4,2025,4,April,2,Saturday,22.5,Medium
ORD100423,2025-04-01,CUST1166,Fashion,T-Shirt,1,6815.01,10,681.5,6133.51,4339.02,1794.49,Uttar Pradesh,Kanpur,Consumer,Credit Card,Mobile App,Referral,Delivered,4,5,2025,4,April,2,Tuesday,29.26,Medium
ORD100424,2025-02-07,CUST1116,Fashion,T-Shirt,1,3403.95,5,170.2,3233.75,2474.73,759.02,West Bengal,Kolkata,Corporate,Credit Card,Marketplace,Referral,Delivered,6,3,2025,2,February,1,Friday,23.47,Low
ORD100425,2025-06-12,CUST1221,Home & Kitchen,Air Fryer,3,877.32,20,526.39,2105.57,1509.32,596.25,Kerala,Thiruvananthapuram,Consumer,Debit Card,Website,Organic,Returned,3,4,2025,6,June,2,Thursday,-33.63,High
ORD100426,2025-02-15,CUST1135,Beauty,Shampoo,1,1656.6,0,0.0,1656.6,1357.0,299.6,Maharashtra,Nagpur,Consumer,UPI,Website,Referral,Returned,3,4,2025,2,February,1,Saturday,-32.2,Low
ORD100427,2025-04-28,CUST1160,Fashion,Sneakers,2,773.48,30,464.09,1082.87,616.21,466.66,Karnataka,Mangaluru,Consumer,Debit Card,Marketplace,Instagram Ads,Delivered,5,5,2025,4,April,2,Monday,43.09,Very High
ORD100428,2025-09-24,CUST1240,Fashion,Sneakers,1,1914.61,20,382.92,1531.69,1010.26,521.43,Karnataka,Mysuru,Consumer,Cash on Delivery,Mobile App,Google Ads,Delivered,2,5,2025,9,September,3,Wednesday,34.04,High
ORD100429,2025-06-29,CUST1327,Home & Kitchen,Air Fryer,1,1348.95,15,202.34,1146.61,675.59,471.02,West Bengal,Kolkata,Student,Net Banking,Mobile App,Google Ads,Delivered,7,4,2025,6,June,2,Sunday,41.08,Medium
ORD100430,2025-08-13,CUST1190,Books,Manga,1,220.46,5,11.02,209.44,116.91,92.53,Rajasthan,Jaipur,Consumer,Credit Card,Marketplace,Festival Sale,Delivered,5,2,2025,8,August,3,Wednesday,44.18,Low
ORD100431,2025-01-31,CUST1203,Beauty,Face Wash,1,330.13,5,0.0,0.0,203.43,-203.43,Maharashtra,Mumbai,Consumer,Cash on Delivery,Marketplace,Referral,Cancelled,4,5,2025,1,January,1,Friday,0.0,Low
ORD100432,2025-03-02,CUST1127,Electronics,Smartphone,2,2572.76,25,1286.38,3859.14,2402.4,1456.74,West Bengal,Siliguri,Corporate,Net Banking,Website,Festival Sale,Delivered,2,4,2025,3,March,1,Sunday,37.75,High
ORD100433,2025-07-12,CUST1309,Fashion,Jeans,2,3360.36,5,336.04,6384.68,4466.54,1918.14,Telangana,Warangal,Consumer,Net Banking,Website,Google Ads,Delivered,3,1,2025,7,July,3,Saturday,30.04,Low
ORD100434,2025-05-25,CUST1149,Home & Kitchen,Air Fryer,2,2121.91,5,0.0,0.0,2223.78,-2223.78,Gujarat,Ahmedabad,Consumer,Wallet,Mobile App,Instagram Ads,Cancelled,6,2,2025,5,May,2,Sunday,0.0,Low
ORD100435,2025-02-15,CUST1334,Beauty,Perfume,3,671.39,10,201.42,1812.75,1227.39,585.36,Delhi,New Delhi,Corporate,Wallet,Website,Google Ads,Delivered,2,2,2025,2,February,1,Saturday,32.29,Medium
ORD100436,2025-06-01,CUST1216,Beauty,Shampoo,2,3129.17,5,0.0,0.0,4032.03,-4032.03,Karnataka,Bengaluru,Consumer,UPI,Marketplace,Instagram Ads,Cancelled,5,3,2025,6,June,2,Sunday,0.0,Low
ORD100437,2025-02-12,CUST1106,Electronics,Headphones,1,28274.76,0,0.0,28274.76,21089.48,7185.28,Gujarat,Surat,Consumer,UPI,Website,Instagram Ads,Returned,3,2,2025,2,February,1,Wednesday,-19.55,Low
ORD100438,2025-07-12,CUST1311,Sports,Cricket Bat,1,1240.2,10,124.02,1116.18,806.59,309.59,Maharashtra,Nagpur,Corporate,Net Banking,Website,Instagram Ads,Delivered,6,4,2025,7,July,3,Saturday,27.74,Medium
ORD100439,2025-09-10,CUST1105,Electronics,Smart Watch,1,18892.77,15,2833.92,16058.85,12556.81,3502.04,Gujarat,Vadodara,Student,Cash on Delivery,Marketplace,Email,Delivered,6,2,2025,9,September,3,Wednesday,21.81,Medium
ORD100440,2025-03-29,CUST1278,Fashion,Dress,1,1323.16,5,66.16,1257.0,944.69,312.31,Kerala,Kochi,Consumer,UPI,Mobile App,Google Ads,Delivered,5,5,2025,3,March,1,Saturday,24.85,Low
ORD100441,2025-03-23,CUST1165,Sports,Yoga Mat,2,3900.23,0,0.0,0.0,4781.37,-4781.37,West Bengal,Kolkata,Consumer,Wallet,Mobile App,Email,Cancelled,3,5,2025,3,March,1,Sunday,0.0,Low
ORD100442,2025-12-03,CUST1130,Electronics,Laptop,1,4128.29,0,0.0,4128.29,3008.29,1120.0,Kerala,Thiruvananthapuram,Consumer,Credit Card,Marketplace,Referral,Delivered,5,4,2025,12,December,4,Wednesday,27.13,Low
ORD100443,2025-12-03,CUST1299,Fashion,Dress,1,766.46,20,153.29,613.17,419.72,193.45,Karnataka,Bengaluru,Consumer,Cash on Delivery,Website,Google Ads,Delivered,2,4,2025,12,December,4,Wednesday,31.55,High
ORD100444,2025-06-16,CUST1066,Home & Kitchen,Mixer Grinder,1,6262.07,10,0.0,0.0,4296.65,-4296.65,Karnataka,Mangaluru,Consumer,Debit Card,Mobile App,Instagram Ads,Cancelled,4,1,2025,6,June,2,Monday,0.0,Medium
ORD100445,2025-10-13,CUST1028,Fashion,Dress,3,758.59,10,227.58,2048.19,1645.48,402.71,Tamil Nadu,Chennai,Consumer,Cash on Delivery,Marketplace,Organic,Delivered,2,3,2025,10,October,4,Monday,19.66,Medium
ORD100446,2025-02-04,CUST1162,Sports,Fitness Band,2,5208.35,10,0.0,0.0,5597.24,-5597.24,Delhi,New Delhi,Consumer,UPI,Website,Email,Cancelled,2,5,2025,2,February,1,Tuesday,0.0,Medium
ORD100447,2025-07-10,CUST1208,Fashion,Jacket,1,892.64,0,0.0,892.64,554.65,337.99,Maharashtra,Mumbai,Consumer,Cash on Delivery,Mobile App,Email,Returned,4,3,2025,7,July,3,Thursday,-29.2,Low
ORD100448,2025-07-23,CUST1033,Fashion,Jeans,1,417.57,15,62.64,354.93,279.04,75.89,West Bengal,Siliguri,Consumer,Cash on Delivery,Mobile App,Referral,Delivered,5,5,2025,7,July,3,Wednesday,21.38,Medium
ORD100449,2025-12-20,CUST1320,Home & Kitchen,Coffee Maker,1,1483.59,5,0.0,0.0,1014.1,-1014.1,Karnataka,Mangaluru,Consumer,Debit Card,Website,Instagram Ads,Cancelled,4,4,2025,12,December,4,Saturday,0.0,Low
ORD100450,2025-10-14,CUST1215,Sports,Yoga Mat,1,1938.11,5,96.91,1841.2,1039.86,801.34,Telangana,Warangal,Corporate,UPI,Mobile App,Instagram Ads,Returned,7,4,2025,10,October,4,Tuesday,-22.93,Low
ORD100451,2025-10-17,CUST1139,Books,Self Help Book,1,1798.72,5,89.94,1708.78,1107.46,601.32,Karnataka,Bengaluru,Consumer,Cash on Delivery,Mobile App,Festival Sale,Delivered,2,4,2025,10,October,4,Friday,35.19,Low
ORD100452,2025-04-27,CUST1145,Home & Kitchen,Cookware Set,1,13261.62,0,0.0,13261.62,9438.73,3822.89,Kerala,Thiruvananthapuram,Consumer,Wallet,Website,Instagram Ads,Delivered,2,2,2025,4,April,2,Sunday,28.83,Low
ORD100453,2025-10-02,CUST1217,Sports,Yoga Mat,1,703.06,20,140.61,562.45,344.87,217.58,Rajasthan,Udaipur,Student,Credit Card,Website,Referral,Delivered,4,3,2025,10,October,4,Thursday,38.68,High
ORD100454,2025-11-18,CUST1330,Home & Kitchen,Air Fryer,1,15483.73,0,0.0,15483.73,9314.99,6168.74,Telangana,Warangal,Consumer,Credit Card,Marketplace,Organic,Returned,3,5,2025,11,November,4,Tuesday,-28.02,Low
ORD100455,2025-05-12,CUST1314,Fashion,Jeans,3,405.63,0,0.0,1216.89,795.31,421.58,Karnataka,Mangaluru,Student,Debit Card,Mobile App,Festival Sale,Delivered,6,4,2025,5,May,2,Monday,34.64,Low
ORD100456,2025-04-14,CUST1165,Electronics,Laptop,1,5724.58,5,286.23,5438.35,4167.49,1270.86,Uttar Pradesh,Kanpur,Consumer,Debit Card,Mobile App,Google Ads,Delivered,6,4,2025,4,April,2,Monday,23.37,Low
ORD100457,2025-05-19,CUST1329,Books,Biography,1,440.85,10,44.08,396.77,312.27,84.5,Uttar Pradesh,Noida,Consumer,Net Banking,Marketplace,Festival Sale,Returned,4,4,2025,5,May,2,Monday,-16.47,Medium
ORD100458,2025-03-18,CUST1225,Beauty,Moisturizer,1,561.25,10,56.12,505.13,345.73,159.4,Delhi,Delhi,Consumer,UPI,Mobile App,Referral,Delivered,5,4,2025,3,March,1,Tuesday,31.56,Medium
ORD100459,2025-05-22,CUST1049,Beauty,Perfume,1,252.48,25,63.12,189.36,131.8,57.56,Maharashtra,Mumbai,Corporate,Net Banking,Website,Google Ads,Delivered,4,4,2025,5,May,2,Thursday,30.4,High
ORD100460,2025-11-03,CUST1075,Home & Kitchen,Mixer Grinder,2,14161.89,10,2832.38,25491.4,14540.81,10950.59,West Bengal,Siliguri,Consumer,UPI,Marketplace,Organic,Returned,4,4,2025,11,November,4,Monday,-30.5,Medium
ORD100461,2025-06-06,CUST1116,Beauty,Face Wash,1,624.18,15,93.63,530.55,297.57,232.98,Gujarat,Ahmedabad,Consumer,Wallet,Website,Festival Sale,Delivered,3,5,2025,6,June,2,Friday,43.91,Medium
ORD100462,2025-11-13,CUST1057,Home & Kitchen,Mixer Grinder,3,674.11,15,303.35,1718.98,1032.12,686.86,Rajasthan,Udaipur,Consumer,Credit Card,Website,Organic,Delivered,5,5,2025,11,November,4,Thursday,39.96,Medium
ORD100463,2025-12-15,CUST1052,Home & Kitchen,Vacuum Cleaner,2,718.76,5,71.88,1365.64,840.09,525.55,Rajasthan,Udaipur,Consumer,Credit Card,Website,Festival Sale,Delivered,3,2,2025,12,December,4,Monday,38.48,Low
ORD100464,2025-07-28,CUST1140,Fashion,T-Shirt,2,970.67,15,291.2,1650.14,1204.62,445.52,West Bengal,Kolkata,Consumer,Net Banking,Marketplace,Organic,Delivered,4,3,2025,7,July,3,Monday,27.0,Medium
ORD100465,2025-07-09,CUST1281,Home & Kitchen,Cookware Set,2,867.26,5,86.73,1647.79,1230.85,416.94,Telangana,Hyderabad,Student,UPI,Website,Google Ads,Delivered,2,1,2025,7,July,3,Wednesday,25.3,Low
ORD100466,2025-11-24,CUST1221,Sports,Yoga Mat,1,9602.57,10,960.26,8642.31,4788.68,3853.63,Maharashtra,Mumbai,Consumer,Wallet,Mobile App,Instagram Ads,Delivered,3,3,2025,11,November,4,Monday,44.59,Medium
ORD100467,2025-06-01,CUST1346,Fashion,Sneakers,1,1214.73,25,303.68,911.05,515.41,395.64,West Bengal,Kolkata,Consumer,Net Banking,Marketplace,Referral,Delivered,6,5,2025,6,June,2,Sunday,43.43,High
ORD100468,2025-12-03,CUST1138,Electronics,Smart Watch,1,6025.85,15,903.88,5121.97,3483.64,1638.33,Uttar Pradesh,Lucknow,Consumer,Debit Card,Website,Festival Sale,Delivered,3,5,2025,12,December,4,Wednesday,31.99,Medium
ORD100469,2025-11-15,CUST1156,Home & Kitchen,Vacuum Cleaner,1,584.68,25,146.17,438.51,298.73,139.78,Uttar Pradesh,Lucknow,Consumer,Net Banking,Marketplace,Google Ads,Returned,4,4,2025,11,November,4,Saturday,-34.08,High
ORD100470,2025-06-07,CUST1218,Electronics,Headphones,1,5369.26,10,536.93,4832.33,3299.54,1532.79,Uttar Pradesh,Kanpur,Consumer,Credit Card,Mobile App,Referral,Delivered,4,5,2025,6,June,2,Saturday,31.72,Medium
ORD100471,2025-08-10,CUST1131,Beauty,Face Wash,1,933.74,20,186.75,746.99,585.68,161.31,Maharashtra,Pune,Consumer,Wallet,Website,Referral,Returned,4,4,2025,8,August,3,Sunday,-8.79,High
ORD100472,2025-10-18,CUST1078,Electronics,Smart Watch,1,993.38,15,0.0,0.0,683.8,-683.8,Gujarat,Surat,Corporate,Cash on Delivery,Mobile App,Organic,Cancelled,3,5,2025,10,October,4,Saturday,0.0,Medium
ORD100473,2025-05-27,CUST1299,Fashion,Dress,2,911.39,0,0.0,1822.78,1374.71,448.07,Maharashtra,Mumbai,Consumer,UPI,Mobile App,Organic,Delivered,6,3,2025,5,May,2,Tuesday,24.58,Low
ORD100474,2025-03-17,CUST1323,Home & Kitchen,Vacuum Cleaner,1,7341.25,10,734.12,6607.13,5025.53,1581.6,Uttar Pradesh,Noida,Consumer,Net Banking,Mobile App,Google Ads,Delivered,2,5,2025,3,March,1,Monday,23.94,Medium
ORD100475,2025-04-21,CUST1056,Electronics,Smartphone,1,8321.02,15,1248.15,7072.87,4140.4,2932.47,Rajasthan,Udaipur,Corporate,UPI,Website,Instagram Ads,Returned,7,5,2025,4,April,2,Monday,-33.42,Medium
ORD100476,2025-12-25,CUST1283,Fashion,T-Shirt,1,5794.85,5,289.74,5505.11,3133.73,2371.38,West Bengal,Kolkata,Student,Credit Card,Marketplace,Festival Sale,Delivered,5,5,2025,12,December,4,Thursday,43.08,Low
ORD100477,2025-07-22,CUST1124,Electronics,Smartphone,3,63560.6,25,47670.45,143011.35,95003.39,48007.96,Kerala,Thiruvananthapuram,Consumer,Cash on Delivery,Marketplace,Festival Sale,Delivered,3,1,2025,7,July,3,Tuesday,33.57,High
ORD100478,2025-01-10,CUST1207,Fashion,Dress,1,1550.81,20,310.16,1240.65,777.66,462.99,Kerala,Kochi,Consumer,Wallet,Marketplace,Instagram Ads,Delivered,4,2,2025,1,January,1,Friday,37.32,High
ORD100479,2025-10-09,CUST1070,Electronics,Smart Watch,3,42889.45,5,6433.42,122234.93,91004.0,31230.93,Gujarat,Vadodara,Consumer,Debit Card,Mobile App,Organic,Delivered,2,4,2025,10,October,4,Thursday,25.55,Low
ORD100480,2025-04-28,CUST1257,Home & Kitchen,Vacuum Cleaner,1,993.08,10,99.31,893.77,508.88,384.89,Kerala,Kochi,Consumer,Net Banking,Website,Organic,Delivered,3,4,2025,4,April,2,Monday,43.06,Medium
ORD100481,2025-03-06,CUST1281,Fashion,T-Shirt,1,466.29,15,69.94,396.35,254.49,141.86,Rajasthan,Udaipur,Student,UPI,Marketplace,Instagram Ads,Delivered,4,5,2025,3,March,1,Thursday,35.79,Medium
ORD100482,2025-09-14,CUST1057,Electronics,Laptop,1,52271.02,10,5227.1,47043.92,26389.67,20654.25,Maharashtra,Pune,Consumer,UPI,Mobile App,Festival Sale,Delivered,5,5,2025,9,September,3,Sunday,43.9,Medium
ORD100483,2025-02-19,CUST1061,Sports,Running Shoes,1,809.12,20,161.82,647.3,412.07,235.23,West Bengal,Siliguri,Consumer,Cash on Delivery,Marketplace,Organic,Returned,2,5,2025,2,February,1,Wednesday,-23.23,High
ORD100484,2025-09-28,CUST1159,Electronics,Headphones,2,25604.16,5,0.0,0.0,27410.22,-27410.22,Rajasthan,Jaipur,Consumer,Debit Card,Mobile App,Organic,Cancelled,4,3,2025,9,September,3,Sunday,0.0,Low
ORD100485,2025-07-22,CUST1228,Books,Technical Book,1,1891.59,10,189.16,1702.43,1233.16,469.27,Delhi,New Delhi,Corporate,Wallet,Mobile App,Instagram Ads,Returned,2,1,2025,7,July,3,Tuesday,-34.55,Medium
ORD100486,2025-05-27,CUST1002,Books,Biography,2,1393.02,5,0.0,0.0,1869.56,-1869.56,Karnataka,Mangaluru,Consumer,Credit Card,Mobile App,Instagram Ads,Cancelled,6,3,2025,5,May,2,Tuesday,0.0,Low
ORD100487,2025-04-16,CUST1242,Fashion,Sneakers,1,1340.58,5,67.03,1273.55,873.01,400.54,Uttar Pradesh,Kanpur,Corporate,Net Banking,Website,Email,Returned,5,5,2025,4,April,2,Wednesday,-22.39,Low
ORD100488,2025-07-22,CUST1254,Home & Kitchen,Mixer Grinder,1,1394.68,15,209.2,1185.48,673.01,512.47,Telangana,Hyderabad,Corporate,UPI,Marketplace,Organic,Delivered,4,5,2025,7,July,3,Tuesday,43.23,Medium
ORD100489,2025-08-23,CUST1300,Electronics,Smart Watch,1,8082.07,0,0.0,8082.07,5630.94,2451.13,West Bengal,Siliguri,Corporate,Cash on Delivery,Website,Instagram Ads,Delivered,2,4,2025,8,August,3,Saturday,30.33,Low
ORD100490,2025-06-09,CUST1059,Beauty,Makeup Kit,1,366.32,0,0.0,366.32,229.79,136.53,Telangana,Warangal,Corporate,Net Banking,Website,Email,Delivered,2,4,2025,6,June,2,Monday,37.27,Low
ORD100491,2025-01-01,CUST1277,Books,Biography,1,2057.89,0,0.0,2057.89,1525.2,532.69,Kerala,Thiruvananthapuram,Consumer,UPI,Website,Google Ads,Delivered,2,4,2025,1,January,1,Wednesday,25.89,Low
ORD100492,2025-08-17,CUST1142,Electronics,Tablet,1,51500.82,15,7725.12,43775.7,29743.52,14032.18,Rajasthan,Jaipur,Consumer,Debit Card,Mobile App,Google Ads,Delivered,6,4,2025,8,August,3,Sunday,32.05,Medium
ORD100493,2025-02-13,CUST1074,Home & Kitchen,Vacuum Cleaner,2,11235.22,20,4494.09,17976.35,12714.56,5261.79,West Bengal,Kolkata,Consumer,Cash on Delivery,Website,Organic,Delivered,5,5,2025,2,February,1,Thursday,29.27,High
ORD100494,2025-02-10,CUST1189,Sports,Dumbbells,1,676.42,15,0.0,0.0,409.26,-409.26,Delhi,New Delhi,Consumer,Cash on Delivery,Mobile App,Festival Sale,Cancelled,2,5,2025,2,February,1,Monday,0.0,Medium
ORD100495,2025-05-31,CUST1054,Fashion,Jeans,1,735.34,10,73.53,661.81,463.49,198.32,Karnataka,Bengaluru,Consumer,Net Banking,Marketplace,Organic,Delivered,3,5,2025,5,May,2,Saturday,29.97,Medium
ORD100496,2025-06-10,CUST1106,Books,Technical Book,1,367.21,30,110.16,257.05,195.78,61.27,Kerala,Kochi,Consumer,Wallet,Website,Referral,Delivered,4,4,2025,6,June,2,Tuesday,23.84,Very High
ORD100497,2025-06-28,CUST1085,Books,Self Help Book,1,522.83,15,0.0,0.0,271.37,-271.37,Uttar Pradesh,Lucknow,Consumer,Credit Card,Website,Organic,Cancelled,5,4,2025,6,June,2,Saturday,0.0,Medium
ORD100498,2025-06-16,CUST1087,Electronics,Laptop,1,38592.06,25,9648.02,28944.04,17782.5,11161.54,Delhi,Delhi,Student,Credit Card,Mobile App,Instagram Ads,Delivered,4,5,2025,6,June,2,Monday,38.56,High
ORD100499,2025-11-03,CUST1031,Fashion,Dress,1,4630.09,5,231.5,4398.59,2453.16,1945.43,Rajasthan,Jaipur,Consumer,Cash on Delivery,Website,Referral,Delivered,3,4,2025,11,November,4,Monday,44.23,Low
ORD100500,2025-09-25,CUST1097,Home & Kitchen,Air Fryer,1,9465.35,10,946.54,8518.81,6830.25,1688.56,Tamil Nadu,Coimbatore,Consumer,Credit Card,Website,Organic,Delivered,4,4,2025,9,September,3,Thursday,19.82,Medium
ORD100501,2025-10-02,CUST1321,Home & Kitchen,Air Fryer,2,5636.62,10,0.0,0.0,5711.31,-5711.31,Uttar Pradesh,Noida,Consumer,Debit Card,Mobile App,Festival Sale,Cancelled,8,5,2025,10,October,4,Thursday,0.0,Medium
ORD100502,2025-12-05,CUST1135,Sports,Dumbbells,2,1042.88,5,104.29,1981.47,1543.29,438.18,Delhi,Delhi,Student,Cash on Delivery,Website,Referral,Delivered,6,5,2025,12,December,4,Friday,22.11,Low
ORD100503,2025-11-30,CUST1210,Home & Kitchen,Air Fryer,1,10167.25,0,0.0,10167.25,7594.63,2572.62,Karnataka,Bengaluru,Corporate,UPI,Website,Organic,Delivered,4,4,2025,11,November,4,Sunday,25.3,Low
ORD100504,2025-01-29,CUST1183,Beauty,Perfume,1,228.18,25,57.04,171.14,135.44,35.7,Telangana,Warangal,Consumer,Wallet,Website,Instagram Ads,Delivered,1,5,2025,1,January,1,Wednesday,20.86,High
ORD100505,2025-05-08,CUST1125,Electronics,Smartphone,1,8826.33,5,0.0,0.0,6317.22,-6317.22,Maharashtra,Pune,Corporate,Debit Card,Website,Referral,Cancelled,4,5,2025,5,May,2,Thursday,0.0,Low
ORD100506,2025-02-10,CUST1210,Fashion,Jacket,1,941.33,15,0.0,0.0,477.79,-477.79,Delhi,Delhi,Consumer,Credit Card,Marketplace,Referral,Cancelled,7,4,2025,2,February,1,Monday,0.0,Medium
ORD100507,2025-06-03,CUST1296,Books,Fiction Book,1,2726.43,0,0.0,2726.43,1699.98,1026.45,Delhi,New Delhi,Corporate,Debit Card,Mobile App,Instagram Ads,Delivered,4,3,2025,6,June,2,Tuesday,37.65,Low
ORD100508,2025-11-26,CUST1339,Beauty,Shampoo,1,3425.08,0,0.0,3425.08,1914.82,1510.26,Delhi,New Delhi,Corporate,Net Banking,Website,Organic,Delivered,4,4,2025,11,November,4,Wednesday,44.09,Low
ORD100509,2025-06-24,CUST1124,Electronics,Headphones,1,861.42,5,43.07,818.35,603.71,214.64,West Bengal,Siliguri,Consumer,Wallet,Mobile App,Organic,Returned,4,3,2025,6,June,2,Tuesday,-6.64,Low
ORD100510,2025-01-19,CUST1245,Electronics,Tablet,1,60842.02,10,6084.2,54757.82,35811.28,18946.54,Karnataka,Mangaluru,Consumer,Debit Card,Marketplace,Festival Sale,Delivered,6,4,2025,1,January,1,Sunday,34.6,Medium
ORD100511,2025-03-31,CUST1137,Electronics,Smart Watch,1,11968.09,15,1795.21,10172.88,6426.34,3746.54,Uttar Pradesh,Noida,Consumer,Credit Card,Mobile App,Referral,Delivered,2,4,2025,3,March,1,Monday,36.83,Medium
ORD100512,2025-06-13,CUST1199,Electronics,Smart Watch,1,9027.36,15,1354.1,7673.26,5416.07,2257.19,Rajasthan,Jaipur,Consumer,Wallet,Mobile App,Organic,Delivered,6,5,2025,6,June,2,Friday,29.42,Medium
ORD100513,2025-01-17,CUST1066,Fashion,Sneakers,2,537.06,10,0.0,0.0,741.36,-741.36,Gujarat,Ahmedabad,Consumer,Cash on Delivery,Website,Google Ads,Cancelled,4,5,2025,1,January,1,Friday,0.0,Medium
ORD100514,2025-07-17,CUST1227,Electronics,Smartphone,1,15732.94,5,786.65,14946.29,9284.24,5662.05,West Bengal,Kolkata,Corporate,Wallet,Mobile App,Google Ads,Returned,4,5,2025,7,July,3,Thursday,-33.02,Low
ORD100515,2025-10-11,CUST1231,Books,Fiction Book,1,376.48,0,0.0,376.48,280.2,96.28,Uttar Pradesh,Lucknow,Consumer,Credit Card,Website,Organic,Delivered,2,5,2025,10,October,4,Saturday,25.57,Low
ORD100516,2025-11-12,CUST1076,Fashion,T-Shirt,1,772.43,5,0.0,0.0,485.2,-485.2,Karnataka,Mangaluru,Consumer,Debit Card,Mobile App,Google Ads,Cancelled,3,5,2025,11,November,4,Wednesday,0.0,Low
ORD100517,2025-02-04,CUST1206,Electronics,Smart Watch,1,10945.65,5,547.28,10398.37,7419.64,2978.73,Maharashtra,Nagpur,Consumer,Wallet,Marketplace,Instagram Ads,Delivered,3,5,2025,2,February,1,Tuesday,28.65,Low
ORD100518,2025-04-15,CUST1194,Fashion,Jeans,1,3231.99,15,484.8,2747.19,2097.12,650.07,Delhi,Delhi,Consumer,Cash on Delivery,Website,Email,Delivered,3,3,2025,4,April,2,Tuesday,23.66,Medium
ORD100519,2025-08-22,CUST1264,Home & Kitchen,Vacuum Cleaner,2,5350.36,10,1070.07,9630.65,6196.11,3434.54,Kerala,Kochi,Student,UPI,Website,Organic,Delivered,1,4,2025,8,August,3,Friday,35.66,Medium
ORD100520,2025-03-05,CUST1207,Electronics,Smartphone,1,3709.32,25,927.33,2781.99,1942.94,839.05,Maharashtra,Pune,Consumer,UPI,Website,Instagram Ads,Delivered,2,5,2025,3,March,1,Wednesday,30.16,High
ORD100521,2025-04-17,CUST1097,Books,Biography,1,591.08,10,59.11,531.97,363.03,168.94,West Bengal,Kolkata,Corporate,Cash on Delivery,Mobile App,Referral,Delivered,6,3,2025,4,April,2,Thursday,31.76,Medium
ORD100522,2025-11-03,CUST1026,Sports,Fitness Band,1,2288.76,5,114.44,2174.32,1594.92,579.4,Rajasthan,Jaipur,Corporate,Debit Card,Mobile App,Instagram Ads,Delivered,5,4,2025,11,November,4,Monday,26.65,Low
ORD100523,2025-12-09,CUST1197,Fashion,Jacket,1,1296.88,15,194.53,1102.35,836.22,266.13,Gujarat,Vadodara,Student,UPI,Website,Festival Sale,Delivered,5,3,2025,12,December,4,Tuesday,24.14,Medium
ORD100524,2025-04-19,CUST1311,Books,Fiction Book,1,278.22,15,41.73,236.49,139.06,97.43,Gujarat,Vadodara,Consumer,Wallet,Marketplace,Google Ads,Delivered,4,4,2025,4,April,2,Saturday,41.2,Medium
ORD100525,2025-06-06,CUST1128,Home & Kitchen,Mixer Grinder,1,627.23,0,0.0,627.23,444.29,182.94,Delhi,Delhi,Consumer,Net Banking,Marketplace,Referral,Delivered,8,3,2025,6,June,2,Friday,29.17,Low
ORD100526,2025-04-03,CUST1077,Electronics,Tablet,1,19855.21,25,4963.8,14891.41,11868.63,3022.78,Telangana,Hyderabad,Consumer,Debit Card,Website,Organic,Returned,3,4,2025,4,April,2,Thursday,-5.55,High
ORD100527,2025-05-07,CUST1178,Fashion,Sneakers,1,2868.36,10,0.0,0.0,1898.59,-1898.59,Kerala,Kochi,Corporate,Debit Card,Website,Organic,Cancelled,4,5,2025,5,May,2,Wednesday,0.0,Medium
ORD100528,2025-07-13,CUST1287,Home & Kitchen,Mixer Grinder,3,2556.23,0,0.0,7668.69,4347.08,3321.61,Maharashtra,Pune,Consumer,Cash on Delivery,Marketplace,Google Ads,Delivered,2,5,2025,7,July,3,Sunday,43.31,Low
ORD100529,2025-05-10,CUST1029,Sports,Cricket Bat,1,7286.84,10,728.68,6558.16,4488.57,2069.59,West Bengal,Siliguri,Consumer,Wallet,Mobile App,Festival Sale,Delivered,5,5,2025,5,May,2,Saturday,31.56,Medium
ORD100530,2025-12-27,CUST1010,Electronics,Laptop,1,37781.41,10,3778.14,34003.27,26514.76,7488.51,Gujarat,Vadodara,Corporate,Credit Card,Mobile App,Festival Sale,Delivered,3,5,2025,12,December,4,Saturday,22.02,Medium
ORD100531,2025-01-12,CUST1319,Electronics,Smartphone,1,2797.08,15,0.0,0.0,1380.04,-1380.04,Karnataka,Mysuru,Corporate,Debit Card,Mobile App,Instagram Ads,Cancelled,6,5,2025,1,January,1,Sunday,0.0,Medium
ORD100532,2025-11-29,CUST1016,Sports,Dumbbells,1,1455.97,10,145.6,1310.37,774.88,535.49,West Bengal,Kolkata,Consumer,Net Banking,Mobile App,Festival Sale,Delivered,2,1,2025,11,November,4,Saturday,40.87,Medium
ORD100533,2025-05-25,CUST1292,Electronics,Laptop,2,1466.59,0,0.0,2933.18,1998.19,934.99,West Bengal,Kolkata,Consumer,Credit Card,Mobile App,Google Ads,Returned,2,4,2025,5,May,2,Sunday,-11.41,Low
ORD100534,2025-10-19,CUST1254,Beauty,Face Wash,2,762.53,5,0.0,0.0,1150.99,-1150.99,Gujarat,Surat,Student,Net Banking,Mobile App,Instagram Ads,Cancelled,2,2,2025,10,October,4,Sunday,0.0,Low
ORD100535,2025-11-17,CUST1042,Home & Kitchen,Coffee Maker,1,17258.57,0,0.0,17258.57,12683.13,4575.44,Tamil Nadu,Madurai,Consumer,Debit Card,Mobile App,Email,Delivered,5,3,2025,11,November,4,Monday,26.51,Low
ORD100536,2025-04-20,CUST1061,Home & Kitchen,Mixer Grinder,1,7097.5,20,1419.5,5678.0,3641.29,2036.71,Gujarat,Ahmedabad,Student,Cash on Delivery,Mobile App,Organic,Delivered,3,2,2025,4,April,2,Sunday,35.87,High
ORD100537,2025-04-10,CUST1307,Electronics,Smartphone,1,11279.23,10,0.0,0.0,6372.26,-6372.26,Tamil Nadu,Coimbatore,Student,Debit Card,Mobile App,Instagram Ads,Cancelled,4,3,2025,4,April,2,Thursday,0.0,Medium
ORD100538,2025-09-23,CUST1070,Home & Kitchen,Air Fryer,1,6337.12,5,316.86,6020.26,4603.51,1416.75,Rajasthan,Jaipur,Consumer,Credit Card,Marketplace,Festival Sale,Delivered,4,3,2025,9,September,3,Tuesday,23.53,Low
ORD100539,2025-06-20,CUST1311,Beauty,Shampoo,1,4435.53,10,443.55,3991.98,2405.54,1586.44,Rajasthan,Jaipur,Corporate,Wallet,Website,Instagram Ads,Returned,5,5,2025,6,June,2,Friday,-19.59,Medium
ORD100540,2025-04-29,CUST1122,Fashion,T-Shirt,2,786.01,0,0.0,1572.02,927.97,644.05,Rajasthan,Jaipur,Student,Debit Card,Website,Google Ads,Delivered,7,3,2025,4,April,2,Tuesday,40.97,Low
ORD100541,2025-01-10,CUST1001,Electronics,Smartphone,1,20501.55,5,0.0,0.0,11295.35,-11295.35,Gujarat,Ahmedabad,Consumer,Debit Card,Mobile App,Festival Sale,Cancelled,5,4,2025,1,January,1,Friday,0.0,Low
ORD100542,2025-11-15,CUST1271,Fashion,Jeans,4,4073.34,25,4073.34,12220.02,9374.74,2845.28,Karnataka,Mysuru,Corporate,Credit Card,Marketplace,Festival Sale,Delivered,2,3,2025,11,November,4,Saturday,23.28,High
ORD100543,2025-08-15,CUST1274,Fashion,Sneakers,1,573.37,10,57.34,516.03,381.73,134.3,Uttar Pradesh,Lucknow,Consumer,Cash on Delivery,Mobile App,Instagram Ads,Delivered,4,5,2025,8,August,3,Friday,26.03,Medium
ORD100544,2025-08-15,CUST1244,Beauty,Moisturizer,2,1675.76,10,0.0,0.0,2409.46,-2409.46,Telangana,Hyderabad,Student,Cash on Delivery,Mobile App,Referral,Cancelled,1,5,2025,8,August,3,Friday,0.0,Medium
ORD100545,2025-06-03,CUST1233,Electronics,Smartphone,1,77799.79,20,15559.96,62239.83,44258.6,17981.23,Uttar Pradesh,Noida,Consumer,Credit Card,Marketplace,Google Ads,Delivered,3,4,2025,6,June,2,Tuesday,28.89,High
ORD100546,2025-11-23,CUST1019,Electronics,Laptop,1,1323.91,15,198.59,1125.32,673.4,451.92,Rajasthan,Udaipur,Consumer,Debit Card,Website,Email,Delivered,1,3,2025,11,November,4,Sunday,40.16,Medium
ORD100547,2025-08-19,CUST1054,Sports,Dumbbells,1,7386.16,0,0.0,7386.16,5730.36,1655.8,Telangana,Warangal,Consumer,Credit Card,Mobile App,Instagram Ads,Delivered,7,5,2025,8,August,3,Tuesday,22.42,Low
ORD100548,2025-06-27,CUST1122,Sports,Running Shoes,2,1138.92,5,113.89,2163.95,1468.72,695.23,Karnataka,Mysuru,Consumer,Debit Card,Website,Instagram Ads,Returned,1,3,2025,6,June,2,Friday,-23.15,Low
ORD100549,2025-09-09,CUST1062,Home & Kitchen,Air Fryer,2,7263.21,10,1452.64,13073.78,7635.14,5438.64,West Bengal,Kolkata,Consumer,UPI,Mobile App,Referral,Returned,6,5,2025,9,September,3,Tuesday,-18.94,Medium
ORD100550,2025-09-11,CUST1031,Fashion,Jacket,2,1376.61,10,275.32,2477.9,1446.42,1031.48,Uttar Pradesh,Kanpur,Consumer,Credit Card,Mobile App,Organic,Delivered,1,1,2025,9,September,3,Thursday,41.63,Medium
ORD100551,2025-02-16,CUST1024,Beauty,Moisturizer,2,1603.13,0,0.0,3206.26,2170.73,1035.53,Rajasthan,Udaipur,Consumer,Net Banking,Marketplace,Festival Sale,Delivered,8,4,2025,2,February,1,Sunday,32.3,Low
ORD100552,2025-03-21,CUST1283,Fashion,Jacket,1,2999.52,30,899.86,2099.66,1576.33,523.33,Karnataka,Mysuru,Consumer,Debit Card,Website,Google Ads,Returned,3,4,2025,3,March,1,Friday,-10.12,Very High
ORD100553,2025-08-15,CUST1019,Electronics,Headphones,1,8841.02,15,1326.15,7514.87,4316.19,3198.68,Karnataka,Mysuru,Consumer,Wallet,Marketplace,Email,Delivered,2,4,2025,8,August,3,Friday,42.56,Medium
ORD100554,2025-03-24,CUST1037,Beauty,Face Wash,1,246.18,10,0.0,0.0,143.18,-143.18,Uttar Pradesh,Kanpur,Corporate,Cash on Delivery,Website,Referral,Cancelled,5,5,2025,3,March,1,Monday,0.0,Medium
ORD100555,2025-02-22,CUST1142,Electronics,Smart Watch,1,4709.92,30,1412.98,3296.94,1961.07,1335.87,Delhi,New Delhi,Student,Net Banking,Marketplace,Google Ads,Delivered,3,5,2025,2,February,1,Saturday,40.52,Very High
ORD100556,2025-09-09,CUST1212,Electronics,Headphones,1,30927.7,15,4639.16,26288.54,17439.38,8849.16,Karnataka,Bengaluru,Consumer,Debit Card,Website,Instagram Ads,Returned,3,3,2025,9,September,3,Tuesday,-26.83,Medium
ORD100557,2025-08-27,CUST1015,Electronics,Headphones,1,2099.96,10,210.0,1889.96,1364.13,525.83,Karnataka,Mysuru,Consumer,Wallet,Website,Festival Sale,Returned,6,5,2025,8,August,3,Wednesday,-32.36,Medium
ORD100558,2025-07-04,CUST1018,Electronics,Smartphone,2,2070.18,15,621.05,3519.31,2429.9,1089.41,Uttar Pradesh,Lucknow,Consumer,Wallet,Marketplace,Instagram Ads,Returned,1,3,2025,7,July,3,Friday,-11.6,Medium
ORD100559,2025-09-29,CUST1347,Fashion,Jacket,2,5376.62,15,1612.99,9140.25,5299.61,3840.64,Gujarat,Ahmedabad,Consumer,Cash on Delivery,Website,Instagram Ads,Delivered,3,4,2025,9,September,3,Monday,42.02,Medium
ORD100560,2025-06-21,CUST1259,Electronics,Tablet,3,870.24,0,0.0,0.0,1736.57,-1736.57,Uttar Pradesh,Lucknow,Consumer,Cash on Delivery,Marketplace,Google Ads,Cancelled,1,3,2025,6,June,2,Saturday,0.0,Low
ORD100561,2025-11-03,CUST1236,Home & Kitchen,Coffee Maker,2,5421.23,20,2168.49,8673.97,5829.46,2844.51,Karnataka,Bengaluru,Student,Wallet,Marketplace,Festival Sale,Delivered,1,5,2025,11,November,4,Monday,32.79,High
ORD100562,2025-02-17,CUST1025,Home & Kitchen,Vacuum Cleaner,1,13674.24,20,2734.85,10939.39,8077.26,2862.13,Delhi,Delhi,Consumer,Cash on Delivery,Mobile App,Instagram Ads,Returned,3,4,2025,2,February,1,Monday,-23.66,High
ORD100563,2025-05-23,CUST1038,Electronics,Smartphone,1,5333.44,0,0.0,5333.44,4091.55,1241.89,Tamil Nadu,Chennai,Consumer,Credit Card,Marketplace,Email,Delivered,3,4,2025,5,May,2,Friday,23.28,Low
ORD100564,2025-02-21,CUST1181,Sports,Cricket Bat,3,721.79,25,541.34,1624.03,1231.74,392.29,Karnataka,Bengaluru,Consumer,Credit Card,Mobile App,Email,Returned,2,5,2025,2,February,1,Friday,-31.92,High
ORD100565,2025-02-26,CUST1299,Books,Manga,1,441.9,10,44.19,397.71,247.58,150.13,Telangana,Hyderabad,Consumer,Net Banking,Mobile App,Google Ads,Delivered,1,5,2025,2,February,1,Wednesday,37.75,Medium
ORD100566,2025-09-02,CUST1259,Electronics,Tablet,1,3153.21,0,0.0,3153.21,2413.27,739.94,Delhi,New Delhi,Consumer,UPI,Marketplace,Referral,Delivered,3,4,2025,9,September,3,Tuesday,23.47,Low
ORD100567,2025-04-12,CUST1105,Home & Kitchen,Vacuum Cleaner,1,7097.76,10,709.78,6387.98,4998.8,1389.18,Rajasthan,Jaipur,Consumer,UPI,Mobile App,Referral,Returned,3,3,2025,4,April,2,Saturday,-17.24,Medium
ORD100568,2025-07-03,CUST1060,Fashion,Dress,1,1152.23,10,115.22,1037.01,713.57,323.44,Maharashtra,Pune,Student,Wallet,Mobile App,Referral,Delivered,2,4,2025,7,July,3,Thursday,31.19,Medium
ORD100569,2025-04-17,CUST1128,Fashion,Sneakers,1,4536.03,15,680.4,3855.63,2685.4,1170.23,Rajasthan,Udaipur,Consumer,Debit Card,Mobile App,Festival Sale,Delivered,5,5,2025,4,April,2,Thursday,30.35,Medium
ORD100570,2025-07-14,CUST1044,Books,Manga,1,1033.58,20,0.0,0.0,475.12,-475.12,Telangana,Warangal,Consumer,UPI,Mobile App,Instagram Ads,Cancelled,2,5,2025,7,July,3,Monday,0.0,High
ORD100571,2025-07-05,CUST1166,Electronics,Laptop,1,4526.86,10,452.69,4074.17,3229.51,844.66,West Bengal,Siliguri,Student,Cash on Delivery,Mobile App,Organic,Delivered,7,5,2025,7,July,3,Saturday,20.73,Medium
ORD100572,2025-01-29,CUST1020,Electronics,Laptop,3,35147.67,0,0.0,105443.01,78205.18,27237.83,Tamil Nadu,Madurai,Consumer,Debit Card,Website,Organic,Delivered,2,4,2025,1,January,1,Wednesday,25.83,Low
ORD100573,2025-09-26,CUST1342,Sports,Dumbbells,1,8238.86,15,1235.83,7003.03,3897.95,3105.08,Delhi,Delhi,Consumer,Wallet,Website,Instagram Ads,Returned,1,5,2025,9,September,3,Friday,-13.79,Medium
ORD100574,2025-03-31,CUST1226,Books,Technical Book,1,2373.57,10,237.36,2136.21,1604.07,532.14,Rajasthan,Udaipur,Consumer,Wallet,Website,Instagram Ads,Returned,1,4,2025,3,March,1,Monday,-26.71,Medium
ORD100575,2025-12-30,CUST1286,Home & Kitchen,Coffee Maker,2,9891.53,20,3956.61,15826.45,11621.94,4204.51,West Bengal,Kolkata,Student,Cash on Delivery,Website,Referral,Delivered,4,5,2025,12,December,4,Tuesday,26.57,High
ORD100576,2025-07-23,CUST1023,Sports,Dumbbells,1,1804.32,10,180.43,1623.89,932.52,691.37,Uttar Pradesh,Noida,Consumer,UPI,Marketplace,Organic,Delivered,4,4,2025,7,July,3,Wednesday,42.57,Medium
ORD100577,2025-10-29,CUST1054,Fashion,Jeans,1,3269.95,15,0.0,0.0,1676.49,-1676.49,Tamil Nadu,Madurai,Corporate,Debit Card,Marketplace,Referral,Cancelled,5,5,2025,10,October,4,Wednesday,0.0,Medium
ORD100578,2025-03-08,CUST1059,Electronics,Smartphone,2,5615.18,0,0.0,11230.36,7385.21,3845.15,Rajasthan,Udaipur,Corporate,Debit Card,Marketplace,Organic,Delivered,2,3,2025,3,March,1,Saturday,34.24,Low
ORD100579,2025-02-23,CUST1309,Electronics,Tablet,1,3893.58,5,194.68,3698.9,2505.54,1193.36,Kerala,Thiruvananthapuram,Corporate,Net Banking,Website,Instagram Ads,Delivered,5,4,2025,2,February,1,Sunday,32.26,Low
ORD100580,2025-08-15,CUST1110,Beauty,Makeup Kit,1,4461.85,15,669.28,3792.57,2350.37,1442.2,Tamil Nadu,Coimbatore,Consumer,Credit Card,Website,Referral,Delivered,8,4,2025,8,August,3,Friday,38.03,Medium
ORD100581,2025-03-29,CUST1024,Home & Kitchen,Vacuum Cleaner,1,3245.33,15,486.8,2758.53,1953.78,804.75,West Bengal,Siliguri,Corporate,Wallet,Website,Referral,Delivered,4,4,2025,3,March,1,Saturday,29.17,Medium
ORD100582,2025-08-02,CUST1104,Home & Kitchen,Coffee Maker,1,2225.73,10,0.0,0.0,1612.07,-1612.07,Uttar Pradesh,Lucknow,Corporate,Debit Card,Mobile App,Instagram Ads,Cancelled,3,2,2025,8,August,3,Saturday,0.0,Medium
ORD100583,2025-09-02,CUST1145,Electronics,Smart Watch,1,3227.43,0,0.0,0.0,1828.5,-1828.5,Maharashtra,Pune,Student,Debit Card,Mobile App,Email,Cancelled,3,4,2025,9,September,3,Tuesday,0.0,Low
ORD100584,2025-09-22,CUST1157,Books,Biography,1,238.16,15,35.72,202.44,149.34,53.1,West Bengal,Kolkata,Consumer,Credit Card,Marketplace,Organic,Delivered,4,4,2025,9,September,3,Monday,26.23,Medium
ORD100585,2025-12-09,CUST1097,Fashion,Jacket,1,760.01,25,190.0,570.01,439.31,130.7,Kerala,Kochi,Student,Debit Card,Mobile App,Organic,Delivered,7,5,2025,12,December,4,Tuesday,22.93,High
ORD100586,2025-12-01,CUST1087,Sports,Running Shoes,1,511.69,10,51.17,460.52,270.7,189.82,Tamil Nadu,Coimbatore,Consumer,Debit Card,Marketplace,Organic,Delivered,4,4,2025,12,December,4,Monday,41.22,Medium
ORD100587,2025-01-21,CUST1270,Books,Fiction Book,1,306.9,0,0.0,306.9,250.53,56.37,Maharashtra,Nagpur,Consumer,Wallet,Mobile App,Instagram Ads,Delivered,5,5,2025,1,January,1,Tuesday,18.37,Low
ORD100588,2025-05-14,CUST1279,Electronics,Smartphone,2,8806.16,10,1761.23,15851.09,11261.72,4589.37,Delhi,Delhi,Corporate,Debit Card,Mobile App,Organic,Delivered,2,4,2025,5,May,2,Wednesday,28.95,Medium
ORD100589,2025-05-06,CUST1022,Books,Technical Book,2,625.2,0,0.0,1250.4,793.52,456.88,Gujarat,Surat,Student,Net Banking,Website,Google Ads,Returned,3,4,2025,5,May,2,Tuesday,-30.91,Low
ORD100590,2025-12-09,CUST1343,Home & Kitchen,Mixer Grinder,3,8227.28,5,1234.09,23447.75,18436.56,5011.19,Tamil Nadu,Chennai,Corporate,Cash on Delivery,Website,Referral,Returned,4,1,2025,12,December,4,Tuesday,-11.43,Low
ORD100591,2025-09-09,CUST1289,Electronics,Headphones,1,6546.74,15,982.01,5564.73,3973.67,1591.06,Karnataka,Bengaluru,Consumer,Wallet,Mobile App,Email,Delivered,3,4,2025,9,September,3,Tuesday,28.59,Medium
ORD100592,2025-04-10,CUST1179,Fashion,Jacket,1,2525.17,20,505.03,2020.14,1566.91,453.23,Rajasthan,Udaipur,Consumer,Debit Card,Mobile App,Referral,Delivered,4,5,2025,4,April,2,Thursday,22.44,High
ORD100593,2025-03-05,CUST1020,Home & Kitchen,Cookware Set,1,1444.57,0,0.0,1444.57,1063.52,381.05,Karnataka,Bengaluru,Consumer,Credit Card,Website,Google Ads,Delivered,4,5,2025,3,March,1,Wednesday,26.38,Low
ORD100594,2025-11-11,CUST1051,Electronics,Smartphone,1,3047.6,0,0.0,0.0,1708.17,-1708.17,Karnataka,Bengaluru,Consumer,Wallet,Website,Referral,Cancelled,3,4,2025,11,November,4,Tuesday,0.0,Low
ORD100595,2025-03-28,CUST1246,Fashion,Sneakers,1,1759.97,15,0.0,0.0,831.56,-831.56,Gujarat,Surat,Consumer,Credit Card,Website,Instagram Ads,Cancelled,3,4,2025,3,March,1,Friday,0.0,Medium
ORD100596,2025-03-22,CUST1304,Beauty,Perfume,1,395.36,5,19.77,375.59,250.42,125.17,Gujarat,Surat,Consumer,Net Banking,Mobile App,Instagram Ads,Delivered,6,5,2025,3,March,1,Saturday,33.33,Low
ORD100597,2025-07-02,CUST1290,Electronics,Smartphone,3,4246.98,15,0.0,0.0,6763.77,-6763.77,West Bengal,Kolkata,Consumer,Net Banking,Mobile App,Referral,Cancelled,3,5,2025,7,July,3,Wednesday,0.0,Medium
ORD100598,2025-07-28,CUST1118,Beauty,Makeup Kit,2,282.13,20,112.85,451.41,339.41,112.0,Maharashtra,Nagpur,Corporate,UPI,Mobile App,Referral,Delivered,5,4,2025,7,July,3,Monday,24.81,High
ORD100599,2025-01-05,CUST1099,Sports,Dumbbells,1,3498.47,0,0.0,0.0,2415.03,-2415.03,Gujarat,Surat,Student,UPI,Mobile App,Referral,Cancelled,4,5,2025,1,January,1,Sunday,0.0,Low
ORD100600,2025-06-16,CUST1136,Beauty,Moisturizer,2,3998.1,10,799.62,7196.58,4591.35,2605.23,Rajasthan,Jaipur,Consumer,Credit Card,Mobile App,Instagram Ads,Delivered,4,4,2025,6,June,2,Monday,36.2,Medium
ORD100601,2025-02-24,CUST1308,Sports,Running Shoes,1,1769.78,25,0.0,0.0,1070.71,-1070.71,Karnataka,Mysuru,Consumer,Debit Card,Mobile App,Referral,Cancelled,5,3,2025,2,February,1,Monday,0.0,High
ORD100602,2025-05-18,CUST1125,Sports,Yoga Mat,1,6273.33,20,1254.67,5018.66,3317.25,1701.41,Maharashtra,Pune,Consumer,Credit Card,Marketplace,Referral,Delivered,3,4,2025,5,May,2,Sunday,33.9,High
ORD100603,2025-09-15,CUST1275,Fashion,T-Shirt,1,679.93,20,135.99,543.94,334.42,209.52,Tamil Nadu,Chennai,Consumer,Debit Card,Mobile App,Google Ads,Delivered,2,4,2025,9,September,3,Monday,38.52,High
ORD100604,2025-07-25,CUST1218,Home & Kitchen,Cookware Set,1,2963.14,10,0.0,0.0,2021.65,-2021.65,Uttar Pradesh,Lucknow,Consumer,Cash on Delivery,Website,Organic,Cancelled,4,4,2025,7,July,3,Friday,0.0,Medium
ORD100605,2025-11-03,CUST1260,Books,Biography,1,203.15,10,20.32,182.83,115.9,66.93,Gujarat,Surat,Student,Credit Card,Mobile App,Organic,Delivered,5,5,2025,11,November,4,Monday,36.61,Medium
ORD100606,2025-08-16,CUST1067,Fashion,Jeans,2,4061.23,0,0.0,8122.46,6386.74,1735.72,Tamil Nadu,Madurai,Student,UPI,Mobile App,Organic,Returned,3,4,2025,8,August,3,Saturday,-9.86,Low
ORD100607,2025-03-27,CUST1033,Sports,Cricket Bat,1,1077.48,20,215.5,861.98,503.76,358.22,Delhi,New Delhi,Student,Wallet,Mobile App,Referral,Delivered,4,2,2025,3,March,1,Thursday,41.56,High
ORD100608,2025-07-24,CUST1155,Home & Kitchen,Mixer Grinder,1,13874.99,25,3468.75,10406.24,7787.11,2619.13,Rajasthan,Jaipur,Student,Debit Card,Website,Instagram Ads,Delivered,1,4,2025,7,July,3,Thursday,25.17,High
ORD100609,2025-10-04,CUST1111,Home & Kitchen,Coffee Maker,2,6044.5,15,1813.35,10275.65,7961.62,2314.03,Telangana,Warangal,Consumer,Net Banking,Website,Instagram Ads,Delivered,4,4,2025,10,October,4,Saturday,22.52,Medium
ORD100610,2025-05-04,CUST1133,Electronics,Headphones,1,27405.39,30,8221.62,19183.77,14750.3,4433.47,Uttar Pradesh,Noida,Corporate,Cash on Delivery,Mobile App,Email,Delivered,3,2,2025,5,May,2,Sunday,23.11,Very High
ORD100611,2025-11-21,CUST1240,Electronics,Laptop,1,3394.5,15,0.0,0.0,2363.37,-2363.37,West Bengal,Siliguri,Consumer,UPI,Marketplace,Google Ads,Cancelled,4,5,2025,11,November,4,Friday,0.0,Medium
ORD100612,2025-11-14,CUST1326,Electronics,Laptop,1,40464.88,15,6069.73,34395.15,24165.0,10230.15,Uttar Pradesh,Noida,Consumer,Credit Card,Mobile App,Instagram Ads,Delivered,6,5,2025,11,November,4,Friday,29.74,Medium
ORD100613,2025-08-18,CUST1298,Fashion,Dress,1,530.26,10,53.03,477.23,297.1,180.13,Uttar Pradesh,Lucknow,Student,Credit Card,Mobile App,Google Ads,Returned,4,4,2025,8,August,3,Monday,-21.65,Medium
ORD100614,2025-06-29,CUST1306,Fashion,Sneakers,1,4006.15,15,600.92,3405.23,1941.22,1464.01,Tamil Nadu,Coimbatore,Student,Wallet,Mobile App,Instagram Ads,Delivered,5,5,2025,6,June,2,Sunday,42.99,Medium
ORD100615,2025-05-22,CUST1131,Books,Fiction Book,2,660.58,10,132.12,1189.04,876.74,312.3,Telangana,Hyderabad,Corporate,Cash on Delivery,Mobile App,Google Ads,Delivered,3,5,2025,5,May,2,Thursday,26.26,Medium
ORD100616,2025-08-06,CUST1150,Home & Kitchen,Mixer Grinder,2,7412.01,15,2223.6,12600.42,9329.95,3270.47,Delhi,Delhi,Corporate,Credit Card,Website,Google Ads,Delivered,4,4,2025,8,August,3,Wednesday,25.96,Medium
ORD100617,2025-09-21,CUST1333,Beauty,Moisturizer,2,1066.78,10,213.36,1920.2,1460.91,459.29,Uttar Pradesh,Kanpur,Corporate,Credit Card,Marketplace,Email,Delivered,1,3,2025,9,September,3,Sunday,23.92,Medium
ORD100618,2025-07-23,CUST1067,Electronics,Laptop,1,11122.35,25,2780.59,8341.76,5792.65,2549.11,Tamil Nadu,Madurai,Consumer,Debit Card,Website,Google Ads,Delivered,6,5,2025,7,July,3,Wednesday,30.56,High
ORD100619,2025-05-18,CUST1191,Home & Kitchen,Vacuum Cleaner,4,14999.48,5,2999.9,56998.02,31696.25,25301.77,Uttar Pradesh,Noida,Consumer,Wallet,Website,Instagram Ads,Delivered,3,5,2025,5,May,2,Sunday,44.39,Low
ORD100620,2025-03-22,CUST1016,Home & Kitchen,Air Fryer,1,2151.07,10,215.11,1935.96,1122.48,813.48,Telangana,Hyderabad,Corporate,Net Banking,Website,Referral,Returned,1,4,2025,3,March,1,Saturday,-22.95,Medium
ORD100621,2025-04-04,CUST1057,Fashion,Jacket,1,409.44,15,61.42,348.02,232.04,115.98,Karnataka,Bengaluru,Consumer,UPI,Mobile App,Referral,Returned,5,5,2025,4,April,2,Friday,-10.67,Medium
ORD100622,2025-07-04,CUST1181,Home & Kitchen,Air Fryer,1,1283.47,15,192.52,1090.95,740.2,350.75,Gujarat,Surat,Consumer,Wallet,Website,Google Ads,Returned,7,2,2025,7,July,3,Friday,-26.48,Medium
ORD100623,2025-01-14,CUST1132,Home & Kitchen,Cookware Set,1,12030.56,10,1203.06,10827.5,6954.09,3873.41,Uttar Pradesh,Lucknow,Student,Credit Card,Mobile App,Email,Delivered,1,5,2025,1,January,1,Tuesday,35.77,Medium
ORD100624,2025-11-20,CUST1265,Fashion,T-Shirt,3,6147.68,25,4610.76,13832.28,11036.94,2795.34,West Bengal,Siliguri,Student,Cash on Delivery,Mobile App,Organic,Returned,7,5,2025,11,November,4,Thursday,-31.41,High
ORD100625,2025-12-04,CUST1006,Electronics,Headphones,1,3113.18,20,622.64,2490.54,1706.93,783.61,Delhi,Delhi,Consumer,Wallet,Website,Google Ads,Delivered,3,2,2025,12,December,4,Thursday,31.46,High
ORD100626,2025-08-08,CUST1065,Fashion,Jacket,1,2127.44,0,0.0,0.0,1387.2,-1387.2,Gujarat,Ahmedabad,Consumer,Debit Card,Mobile App,Festival Sale,Cancelled,2,4,2025,8,August,3,Friday,0.0,Low
ORD100627,2025-04-12,CUST1047,Fashion,Dress,1,1900.79,0,0.0,0.0,1157.03,-1157.03,Karnataka,Bengaluru,Consumer,Debit Card,Website,Google Ads,Cancelled,3,3,2025,4,April,2,Saturday,0.0,Low
ORD100628,2025-12-25,CUST1075,Sports,Fitness Band,1,1586.73,30,476.02,1110.71,679.08,431.63,Maharashtra,Mumbai,Student,UPI,Mobile App,Organic,Delivered,1,3,2025,12,December,4,Thursday,38.86,Very High
ORD100629,2025-11-25,CUST1019,Beauty,Face Wash,1,222.98,5,11.15,211.83,140.32,71.51,West Bengal,Kolkata,Consumer,Net Banking,Website,Google Ads,Delivered,5,4,2025,11,November,4,Tuesday,33.76,Low
ORD100630,2025-02-16,CUST1091,Beauty,Shampoo,1,2119.46,15,317.92,1801.54,1398.8,402.74,Karnataka,Mysuru,Corporate,Wallet,Mobile App,Festival Sale,Delivered,2,4,2025,2,February,1,Sunday,22.36,Medium
ORD100631,2025-08-24,CUST1227,Electronics,Laptop,1,51113.98,20,10222.8,40891.18,30362.3,10528.88,Maharashtra,Mumbai,Corporate,Credit Card,Website,Google Ads,Delivered,2,3,2025,8,August,3,Sunday,25.75,High
ORD100632,2025-07-05,CUST1286,Books,Manga,1,295.8,25,73.95,221.85,129.68,92.17,Gujarat,Vadodara,Corporate,Net Banking,Mobile App,Instagram Ads,Returned,3,5,2025,7,July,3,Saturday,-12.89,High
ORD100633,2025-05-29,CUST1344,Home & Kitchen,Mixer Grinder,1,2085.26,20,0.0,0.0,1010.02,-1010.02,Gujarat,Surat,Corporate,UPI,Mobile App,Instagram Ads,Cancelled,4,5,2025,5,May,2,Thursday,0.0,High
ORD100634,2025-09-02,CUST1176,Books,Manga,2,2780.37,15,834.11,4726.63,3546.07,1180.56,Gujarat,Surat,Consumer,Net Banking,Mobile App,Google Ads,Delivered,3,4,2025,9,September,3,Tuesday,24.98,Medium
ORD100635,2025-12-03,CUST1017,Electronics,Tablet,2,69409.23,15,0.0,0.0,78844.7,-78844.7,Maharashtra,Nagpur,Student,Credit Card,Website,Organic,Cancelled,3,1,2025,12,December,4,Wednesday,0.0,Medium
ORD100636,2025-10-23,CUST1218,Home & Kitchen,Cookware Set,1,3085.59,10,0.0,0.0,1714.29,-1714.29,Delhi,New Delhi,Consumer,Cash on Delivery,Website,Organic,Cancelled,4,3,2025,10,October,4,Thursday,0.0,Medium
ORD100637,2025-06-24,CUST1093,Books,Technical Book,3,2399.07,5,359.86,6837.35,3864.43,2972.92,Rajasthan,Udaipur,Consumer,Debit Card,Mobile App,Organic,Delivered,4,4,2025,6,June,2,Tuesday,43.48,Low
ORD100638,2025-12-05,CUST1013,Fashion,Sneakers,1,1214.23,10,121.42,1092.81,813.97,278.84,Uttar Pradesh,Noida,Consumer,Wallet,Mobile App,Google Ads,Delivered,6,2,2025,12,December,4,Friday,25.52,Medium
ORD100639,2025-01-03,CUST1307,Fashion,Jeans,1,1303.24,0,0.0,1303.24,789.59,513.65,Uttar Pradesh,Lucknow,Consumer,Wallet,Mobile App,Referral,Delivered,4,5,2025,1,January,1,Friday,39.41,Low
ORD100640,2025-08-23,CUST1186,Home & Kitchen,Air Fryer,1,1022.68,15,153.4,869.28,529.25,340.03,Gujarat,Surat,Consumer,UPI,Marketplace,Organic,Delivered,3,4,2025,8,August,3,Saturday,39.12,Medium
ORD100641,2025-06-27,CUST1075,Fashion,Jacket,1,3268.28,15,0.0,0.0,1959.42,-1959.42,Kerala,Thiruvananthapuram,Consumer,Wallet,Website,Instagram Ads,Cancelled,3,3,2025,6,June,2,Friday,0.0,Medium
ORD100642,2025-01-03,CUST1320,Sports,Fitness Band,1,5357.47,15,803.62,4553.85,3141.12,1412.73,Telangana,Hyderabad,Consumer,Wallet,Mobile App,Instagram Ads,Delivered,4,5,2025,1,January,1,Friday,31.02,Medium
ORD100643,2025-07-01,CUST1201,Beauty,Makeup Kit,2,4004.42,15,1201.33,6807.51,3890.54,2916.97,Maharashtra,Nagpur,Student,Net Banking,Mobile App,Organic,Delivered,4,2,2025,7,July,3,Tuesday,42.85,Medium
ORD100644,2025-02-28,CUST1210,Electronics,Smart Watch,2,17160.11,10,3432.02,30888.2,19814.05,11074.15,Uttar Pradesh,Kanpur,Consumer,Cash on Delivery,Marketplace,Referral,Returned,3,3,2025,2,February,1,Friday,-28.82,Medium
ORD100645,2025-10-23,CUST1137,Home & Kitchen,Cookware Set,1,2089.8,10,208.98,1880.82,1363.07,517.75,Rajasthan,Udaipur,Consumer,Cash on Delivery,Website,Email,Delivered,1,1,2025,10,October,4,Thursday,27.53,Medium
ORD100646,2025-12-06,CUST1202,Fashion,Jeans,1,446.11,15,0.0,0.0,221.95,-221.95,Karnataka,Bengaluru,Corporate,Debit Card,Marketplace,Organic,Cancelled,4,4,2025,12,December,4,Saturday,0.0,Medium
ORD100647,2025-05-15,CUST1330,Fashion,Dress,1,418.43,15,62.76,355.67,230.61,125.06,Maharashtra,Nagpur,Consumer,Cash on Delivery,Mobile App,Instagram Ads,Delivered,4,4,2025,5,May,2,Thursday,35.16,Medium
ORD100648,2025-09-03,CUST1321,Electronics,Headphones,2,77421.97,15,23226.59,131617.35,107766.9,23850.45,Rajasthan,Udaipur,Student,Credit Card,Mobile App,Organic,Delivered,1,2,2025,9,September,3,Wednesday,18.12,Medium
ORD100649,2025-03-27,CUST1071,Electronics,Headphones,1,31500.54,20,6300.11,25200.43,18255.37,6945.06,Karnataka,Bengaluru,Consumer,UPI,Mobile App,Instagram Ads,Delivered,1,5,2025,3,March,1,Thursday,27.56,High
ORD100650,2025-02-15,CUST1008,Sports,Fitness Band,1,641.73,10,0.0,0.0,425.72,-425.72,Gujarat,Ahmedabad,Student,UPI,Mobile App,Referral,Cancelled,3,1,2025,2,February,1,Saturday,0.0,Medium
ORD100651,2025-08-19,CUST1102,Books,Manga,1,433.97,5,21.7,412.27,308.5,103.77,Gujarat,Surat,Consumer,Cash on Delivery,Mobile App,Referral,Delivered,5,4,2025,8,August,3,Tuesday,25.17,Low
ORD100652,2025-05-07,CUST1282,Books,Manga,3,1238.8,20,0.0,0.0,2220.9,-2220.9,West Bengal,Siliguri,Corporate,Net Banking,Website,Referral,Cancelled,4,2,2025,5,May,2,Wednesday,0.0,High
ORD100653,2025-01-28,CUST1166,Sports,Fitness Band,1,538.11,0,0.0,538.11,380.2,157.91,Telangana,Warangal,Student,Wallet,Marketplace,Email,Delivered,1,4,2025,1,January,1,Tuesday,29.35,Low
ORD100654,2025-06-07,CUST1041,Fashion,Jeans,3,851.48,10,0.0,0.0,1321.46,-1321.46,Maharashtra,Mumbai,Consumer,UPI,Mobile App,Instagram Ads,Cancelled,8,4,2025,6,June,2,Saturday,0.0,Medium
ORD100655,2025-02-17,CUST1280,Books,Technical Book,4,930.65,25,930.65,2791.95,2045.99,745.96,West Bengal,Kolkata,Consumer,Wallet,Mobile App,Referral,Delivered,1,3,2025,2,February,1,Monday,26.72,High
ORD100656,2025-04-26,CUST1297,Electronics,Smart Watch,1,2610.76,5,130.54,2480.22,1475.42,1004.8,Maharashtra,Pune,Consumer,Wallet,Mobile App,Google Ads,Delivered,5,4,2025,4,April,2,Saturday,40.51,Low
ORD100657,2025-11-04,CUST1231,Books,Self Help Book,1,938.02,10,0.0,0.0,479.51,-479.51,Gujarat,Ahmedabad,Corporate,Credit Card,Website,Organic,Cancelled,7,5,2025,11,November,4,Tuesday,0.0,Medium
ORD100658,2025-04-15,CUST1047,Fashion,Dress,1,1536.06,10,153.61,1382.45,987.37,395.08,West Bengal,Kolkata,Consumer,Net Banking,Mobile App,Festival Sale,Delivered,3,3,2025,4,April,2,Tuesday,28.58,Medium
ORD100659,2025-09-13,CUST1037,Home & Kitchen,Air Fryer,3,4045.5,10,1213.65,10922.85,6647.95,4274.9,Gujarat,Ahmedabad,Student,Wallet,Marketplace,Google Ads,Delivered,3,4,2025,9,September,3,Saturday,39.14,Medium
ORD100660,2025-01-14,CUST1038,Beauty,Shampoo,1,3245.1,15,486.76,2758.34,1891.85,866.49,Tamil Nadu,Chennai,Student,Wallet,Mobile App,Google Ads,Delivered,1,1,2025,1,January,1,Tuesday,31.41,Medium
ORD100661,2025-09-02,CUST1241,Electronics,Laptop,1,1827.42,25,456.86,1370.56,995.78,374.78,Uttar Pradesh,Kanpur,Student,Debit Card,Website,Festival Sale,Delivered,1,4,2025,9,September,3,Tuesday,27.35,High
ORD100662,2025-11-16,CUST1200,Fashion,T-Shirt,1,6231.69,5,0.0,0.0,4148.2,-4148.2,Tamil Nadu,Coimbatore,Consumer,Wallet,Marketplace,Organic,Cancelled,4,5,2025,11,November,4,Sunday,0.0,Low
ORD100663,2025-02-08,CUST1252,Beauty,Perfume,2,3540.22,15,1062.07,6018.37,4166.08,1852.29,West Bengal,Kolkata,Consumer,Net Banking,Mobile App,Referral,Delivered,2,4,2025,2,February,1,Saturday,30.78,Medium
ORD100664,2025-07-02,CUST1162,Fashion,Sneakers,1,611.22,15,91.68,519.54,333.02,186.52,Tamil Nadu,Coimbatore,Consumer,Debit Card,Marketplace,Organic,Delivered,4,3,2025,7,July,3,Wednesday,35.9,Medium
ORD100665,2025-10-10,CUST1124,Fashion,T-Shirt,1,5392.16,10,539.22,4852.94,3661.4,1191.54,Uttar Pradesh,Kanpur,Corporate,Wallet,Mobile App,Google Ads,Returned,2,3,2025,10,October,4,Friday,-9.84,Medium
ORD100666,2025-12-30,CUST1023,Sports,Cricket Bat,1,1687.91,15,253.19,1434.72,870.94,563.78,Karnataka,Bengaluru,Consumer,Net Banking,Mobile App,Google Ads,Delivered,3,4,2025,12,December,4,Tuesday,39.3,Medium
ORD100667,2025-04-15,CUST1027,Beauty,Moisturizer,1,343.05,0,0.0,343.05,245.42,97.63,West Bengal,Kolkata,Consumer,UPI,Website,Organic,Delivered,5,2,2025,4,April,2,Tuesday,28.46,Low
ORD100668,2025-01-02,CUST1344,Home & Kitchen,Mixer Grinder,2,649.43,10,129.89,1168.97,781.85,387.12,Uttar Pradesh,Noida,Consumer,Net Banking,Mobile App,Organic,Delivered,3,3,2025,1,January,1,Thursday,33.12,Medium
ORD100669,2025-03-25,CUST1052,Beauty,Moisturizer,3,505.37,20,303.22,1212.89,958.12,254.77,Tamil Nadu,Coimbatore,Student,Credit Card,Mobile App,Google Ads,Delivered,3,3,2025,3,March,1,Tuesday,21.01,High
ORD100670,2025-08-04,CUST1079,Sports,Fitness Band,1,1133.94,10,113.39,1020.55,704.26,316.29,Rajasthan,Jaipur,Corporate,Net Banking,Marketplace,Google Ads,Delivered,4,1,2025,8,August,3,Monday,30.99,Medium
ORD100671,2025-11-18,CUST1273,Fashion,T-Shirt,1,1766.28,10,176.63,1589.65,1063.01,526.64,Gujarat,Surat,Corporate,Cash on Delivery,Mobile App,Instagram Ads,Delivered,3,4,2025,11,November,4,Tuesday,33.13,Medium
ORD100672,2025-05-15,CUST1085,Books,Technical Book,1,298.22,0,0.0,0.0,170.93,-170.93,Rajasthan,Jaipur,Consumer,Credit Card,Website,Email,Cancelled,5,4,2025,5,May,2,Thursday,0.0,Low
ORD100673,2025-06-04,CUST1303,Electronics,Headphones,1,22649.75,5,0.0,0.0,11999.82,-11999.82,Delhi,Delhi,Corporate,Net Banking,Website,Organic,Cancelled,7,4,2025,6,June,2,Wednesday,0.0,Low
ORD100674,2025-03-13,CUST1002,Books,Biography,2,2814.95,10,0.0,0.0,3984.02,-3984.02,Tamil Nadu,Chennai,Consumer,Credit Card,Website,Organic,Cancelled,4,5,2025,3,March,1,Thursday,0.0,Medium
ORD100675,2025-08-21,CUST1106,Beauty,Moisturizer,1,373.13,10,37.31,335.82,216.17,119.65,Telangana,Warangal,Student,Debit Card,Mobile App,Organic,Delivered,1,4,2025,8,August,3,Thursday,35.63,Medium
ORD100676,2025-10-27,CUST1247,Home & Kitchen,Mixer Grinder,3,1300.29,0,0.0,0.0,2188.12,-2188.12,Telangana,Hyderabad,Corporate,UPI,Website,Google Ads,Cancelled,7,4,2025,10,October,4,Monday,0.0,Low
ORD100677,2025-11-08,CUST1220,Books,Manga,1,356.13,5,17.81,338.32,222.43,115.89,Karnataka,Bengaluru,Consumer,Debit Card,Marketplace,Instagram Ads,Delivered,3,4,2025,11,November,4,Saturday,34.25,Low
ORD100678,2025-10-25,CUST1077,Sports,Running Shoes,3,662.68,10,198.8,1789.24,1165.11,624.13,Tamil Nadu,Chennai,Consumer,Cash on Delivery,Mobile App,Google Ads,Delivered,5,5,2025,10,October,4,Saturday,34.88,Medium
ORD100679,2025-08-05,CUST1271,Beauty,Perfume,1,1467.19,10,0.0,0.0,920.27,-920.27,Gujarat,Vadodara,Corporate,Net Banking,Mobile App,Referral,Cancelled,2,3,2025,8,August,3,Tuesday,0.0,Medium
ORD100680,2025-08-12,CUST1309,Sports,Dumbbells,1,1610.15,15,241.52,1368.63,862.7,505.93,Rajasthan,Udaipur,Consumer,Net Banking,Website,Google Ads,Delivered,2,5,2025,8,August,3,Tuesday,36.97,Medium
ORD100681,2025-02-09,CUST1244,Fashion,Jeans,1,1956.89,20,391.38,1565.51,963.45,602.06,Gujarat,Ahmedabad,Consumer,Wallet,Marketplace,Organic,Delivered,2,4,2025,2,February,1,Sunday,38.46,High
ORD100682,2025-05-29,CUST1098,Home & Kitchen,Cookware Set,1,3995.46,15,599.32,3396.14,2545.97,850.17,Rajasthan,Udaipur,Consumer,Wallet,Mobile App,Google Ads,Returned,3,5,2025,5,May,2,Thursday,-29.89,Medium
ORD100683,2025-01-16,CUST1263,Fashion,Jeans,1,409.3,10,40.93,368.37,264.53,103.84,Karnataka,Mangaluru,Consumer,Debit Card,Mobile App,Google Ads,Delivered,5,4,2025,1,January,1,Thursday,28.19,Medium
ORD100684,2025-04-30,CUST1047,Electronics,Headphones,1,45850.77,10,4585.08,41265.69,32773.54,8492.15,Rajasthan,Udaipur,Consumer,Net Banking,Mobile App,Google Ads,Returned,3,4,2025,4,April,2,Wednesday,-34.93,Medium
ORD100685,2025-04-09,CUST1247,Electronics,Tablet,2,2485.95,0,0.0,4971.9,2909.67,2062.23,Delhi,Delhi,Student,Wallet,Marketplace,Organic,Delivered,6,5,2025,4,April,2,Wednesday,41.48,Low
ORD100686,2025-01-05,CUST1241,Fashion,Jacket,1,2544.26,0,0.0,2544.26,1517.35,1026.91,Kerala,Kochi,Consumer,UPI,Mobile App,Instagram Ads,Delivered,2,3,2025,1,January,1,Sunday,40.36,Low
ORD100687,2025-11-27,CUST1091,Electronics,Smart Watch,1,12584.01,0,0.0,0.0,8802.98,-8802.98,West Bengal,Siliguri,Consumer,Cash on Delivery,Website,Organic,Cancelled,2,4,2025,11,November,4,Thursday,0.0,Low
ORD100688,2025-12-25,CUST1214,Fashion,Dress,1,3380.97,5,169.05,3211.92,2633.22,578.7,Tamil Nadu,Madurai,Consumer,Credit Card,Mobile App,Festival Sale,Delivered,8,4,2025,12,December,4,Thursday,18.02,Low
ORD100689,2025-01-26,CUST1345,Fashion,Jacket,2,2913.44,20,1165.38,4661.5,2565.11,2096.39,Maharashtra,Pune,Student,Debit Card,Mobile App,Organic,Delivered,3,4,2025,1,January,1,Sunday,44.97,High
ORD100690,2025-09-23,CUST1161,Sports,Running Shoes,1,1177.47,15,0.0,0.0,594.17,-594.17,Rajasthan,Jaipur,Student,Cash on Delivery,Mobile App,Festival Sale,Cancelled,3,4,2025,9,September,3,Tuesday,0.0,Medium
ORD100691,2025-12-18,CUST1007,Sports,Running Shoes,1,1998.94,20,399.79,1599.15,1094.87,504.28,Rajasthan,Jaipur,Student,Debit Card,Mobile App,Google Ads,Returned,5,5,2025,12,December,4,Thursday,-27.43,High
ORD100692,2025-06-06,CUST1335,Home & Kitchen,Vacuum Cleaner,2,596.93,0,0.0,1193.86,732.53,461.33,Kerala,Thiruvananthapuram,Consumer,Cash on Delivery,Website,Organic,Delivered,4,3,2025,6,June,2,Friday,38.64,Low
ORD100693,2025-09-13,CUST1026,Beauty,Shampoo,1,2541.11,0,0.0,2541.11,1886.82,654.29,Rajasthan,Jaipur,Consumer,UPI,Mobile App,Instagram Ads,Delivered,2,3,2025,9,September,3,Saturday,25.75,Low
ORD100694,2025-06-26,CUST1099,Home & Kitchen,Air Fryer,1,8190.11,5,409.51,7780.6,6363.55,1417.05,Rajasthan,Udaipur,Student,Net Banking,Website,Email,Returned,2,2,2025,6,June,2,Thursday,-29.8,Low
ORD100695,2025-07-09,CUST1316,Electronics,Tablet,1,45819.09,15,6872.86,38946.23,21453.81,17492.42,Uttar Pradesh,Kanpur,Corporate,Net Banking,Website,Google Ads,Delivered,4,5,2025,7,July,3,Wednesday,44.91,Medium
ORD100696,2025-06-15,CUST1027,Sports,Cricket Bat,1,860.58,5,43.03,817.55,552.95,264.6,Telangana,Hyderabad,Consumer,Wallet,Website,Instagram Ads,Delivered,4,3,2025,6,June,2,Sunday,32.36,Low
ORD100697,2025-10-17,CUST1142,Electronics,Laptop,3,1386.48,0,0.0,0.0,3330.47,-3330.47,Gujarat,Surat,Student,UPI,Mobile App,Instagram Ads,Cancelled,4,4,2025,10,October,4,Friday,0.0,Low
ORD100698,2025-09-08,CUST1038,Home & Kitchen,Cookware Set,3,12850.06,30,11565.05,26985.13,18701.75,8283.38,Gujarat,Vadodara,Consumer,Net Banking,Marketplace,Instagram Ads,Delivered,1,4,2025,9,September,3,Monday,30.7,Very High
ORD100699,2025-12-21,CUST1193,Sports,Cricket Bat,1,3654.02,5,182.7,3471.32,2353.41,1117.91,Gujarat,Ahmedabad,Consumer,Wallet,Mobile App,Organic,Delivered,2,3,2025,12,December,4,Sunday,32.2,Low
ORD100700,2025-11-29,CUST1018,Home & Kitchen,Coffee Maker,3,2230.95,0,0.0,6692.85,4398.85,2294.0,West Bengal,Kolkata,Consumer,Debit Card,Marketplace,Referral,Delivered,6,3,2025,11,November,4,Saturday,34.28,Low
ORD100701,2025-12-11,CUST1244,Fashion,Jeans,3,2324.04,30,2091.64,4880.48,3497.69,1382.79,Kerala,Kochi,Consumer,Wallet,Website,Instagram Ads,Returned,3,4,2025,12,December,4,Thursday,-25.47,Very High
ORD100702,2025-12-14,CUST1325,Beauty,Shampoo,2,2012.43,0,0.0,4024.86,3182.43,842.43,Maharashtra,Mumbai,Consumer,UPI,Marketplace,Organic,Delivered,8,5,2025,12,December,4,Sunday,20.93,Low
ORD100703,2025-06-16,CUST1027,Sports,Yoga Mat,1,3051.45,25,762.86,2288.59,1709.96,578.63,Tamil Nadu,Madurai,Corporate,Credit Card,Mobile App,Referral,Delivered,4,4,2025,6,June,2,Monday,25.28,High
ORD100704,2025-03-12,CUST1281,Electronics,Smartphone,1,5507.1,5,275.36,5231.74,3873.72,1358.02,Uttar Pradesh,Lucknow,Corporate,Net Banking,Website,Instagram Ads,Delivered,7,4,2025,3,March,1,Wednesday,25.96,Low
ORD100705,2025-02-28,CUST1268,Home & Kitchen,Air Fryer,1,2414.82,10,241.48,2173.34,1308.6,864.74,Karnataka,Bengaluru,Consumer,Net Banking,Mobile App,Festival Sale,Delivered,5,5,2025,2,February,1,Friday,39.79,Medium
ORD100706,2025-08-12,CUST1347,Fashion,Dress,1,585.9,0,0.0,585.9,407.37,178.53,Delhi,New Delhi,Consumer,Wallet,Website,Email,Delivered,2,4,2025,8,August,3,Tuesday,30.47,Low
ORD100707,2025-08-18,CUST1040,Electronics,Smartphone,1,74769.46,5,3738.47,71030.99,44203.87,26827.12,Tamil Nadu,Madurai,Consumer,Wallet,Website,Festival Sale,Delivered,2,5,2025,8,August,3,Monday,37.77,Low
ORD100708,2025-07-12,CUST1340,Electronics,Smart Watch,1,10551.3,15,1582.7,8968.6,5284.12,3684.48,West Bengal,Kolkata,Consumer,UPI,Marketplace,Referral,Delivered,3,4,2025,7,July,3,Saturday,41.08,Medium
ORD100709,2025-12-19,CUST1238,Electronics,Tablet,1,17112.65,20,3422.53,13690.12,8582.54,5107.58,Rajasthan,Jaipur,Consumer,Wallet,Mobile App,Referral,Delivered,1,5,2025,12,December,4,Friday,37.31,High
ORD100710,2025-01-19,CUST1293,Home & Kitchen,Air Fryer,3,973.86,30,876.47,2045.11,1454.65,590.46,Karnataka,Mangaluru,Consumer,UPI,Mobile App,Instagram Ads,Delivered,4,4,2025,1,January,1,Sunday,28.87,Very High
ORD100711,2025-10-14,CUST1157,Electronics,Tablet,2,26341.68,5,2634.17,50049.19,30499.86,19549.33,Maharashtra,Mumbai,Corporate,UPI,Mobile App,Organic,Delivered,4,1,2025,10,October,4,Tuesday,39.06,Low
ORD100712,2025-11-15,CUST1031,Fashion,Jacket,2,3028.45,5,302.85,5754.05,4465.46,1288.59,Kerala,Thiruvananthapuram,Consumer,Net Banking,Mobile App,Google Ads,Returned,7,2,2025,11,November,4,Saturday,-34.59,Low
ORD100713,2025-01-12,CUST1018,Electronics,Headphones,1,12901.31,20,2580.26,10321.05,7628.11,2692.94,Delhi,New Delhi,Consumer,Cash on Delivery,Mobile App,Festival Sale,Returned,3,3,2025,1,January,1,Sunday,-19.82,High
ORD100714,2025-11-03,CUST1016,Books,Self Help Book,1,1825.79,10,0.0,0.0,930.33,-930.33,Rajasthan,Jaipur,Student,UPI,Website,Organic,Cancelled,4,5,2025,11,November,4,Monday,0.0,Medium
ORD100715,2025-09-22,CUST1050,Fashion,Jacket,1,3644.53,10,364.45,3280.08,2591.44,688.64,Kerala,Kochi,Student,Cash on Delivery,Website,Email,Delivered,1,5,2025,9,September,3,Monday,20.99,Medium
ORD100716,2025-07-08,CUST1210,Home & Kitchen,Vacuum Cleaner,1,727.05,5,36.35,690.7,443.2,247.5,Telangana,Hyderabad,Consumer,Net Banking,Marketplace,Festival Sale,Returned,3,2,2025,7,July,3,Tuesday,-7.57,Low
ORD100717,2025-03-19,CUST1294,Sports,Running Shoes,1,616.38,15,0.0,0.0,424.24,-424.24,Maharashtra,Pune,Corporate,Cash on Delivery,Website,Google Ads,Cancelled,3,2,2025,3,March,1,Wednesday,0.0,Medium
ORD100718,2025-05-28,CUST1338,Fashion,Dress,1,3480.93,5,0.0,0.0,2293.24,-2293.24,Kerala,Kochi,Corporate,Wallet,Mobile App,Instagram Ads,Cancelled,3,4,2025,5,May,2,Wednesday,0.0,Low
ORD100719,2025-10-02,CUST1188,Books,Manga,1,805.36,20,161.07,644.29,381.08,263.21,Tamil Nadu,Coimbatore,Consumer,Cash on Delivery,Website,Festival Sale,Delivered,3,3,2025,10,October,4,Thursday,40.85,High
ORD100720,2025-10-08,CUST1097,Books,Self Help Book,1,1071.93,0,0.0,1071.93,709.51,362.42,Maharashtra,Pune,Consumer,Wallet,Mobile App,Instagram Ads,Delivered,6,2,2025,10,October,4,Wednesday,33.81,Low
ORD100721,2025-08-18,CUST1331,Electronics,Smart Watch,1,44985.68,5,0.0,0.0,30685.81,-30685.81,West Bengal,Siliguri,Consumer,Wallet,Website,Organic,Cancelled,3,4,2025,8,August,3,Monday,0.0,Low
ORD100722,2025-06-26,CUST1018,Books,Manga,3,234.1,5,35.12,667.18,493.48,173.7,Rajasthan,Udaipur,Student,UPI,Marketplace,Google Ads,Delivered,5,4,2025,6,June,2,Thursday,26.03,Low
ORD100723,2025-11-29,CUST1250,Fashion,Dress,3,5213.44,10,1564.03,14076.29,11339.47,2736.82,Kerala,Thiruvananthapuram,Consumer,Wallet,Mobile App,Google Ads,Returned,4,3,2025,11,November,4,Saturday,-27.2,Medium
ORD100724,2025-11-04,CUST1249,Home & Kitchen,Coffee Maker,2,1237.14,15,371.14,2103.14,1196.61,906.53,Kerala,Thiruvananthapuram,Consumer,Debit Card,Mobile App,Referral,Delivered,2,5,2025,11,November,4,Tuesday,43.1,Medium
ORD100725,2025-04-15,CUST1146,Sports,Dumbbells,1,4605.37,15,690.81,3914.56,3155.67,758.89,Delhi,New Delhi,Consumer,UPI,Mobile App,Organic,Delivered,6,4,2025,4,April,2,Tuesday,19.39,Medium
ORD100726,2025-06-02,CUST1341,Electronics,Laptop,3,18722.99,5,2808.45,53360.52,42248.56,11111.96,Kerala,Kochi,Student,Net Banking,Website,Organic,Returned,4,2,2025,6,June,2,Monday,-7.15,Low
ORD100727,2025-02-22,CUST1236,Fashion,T-Shirt,1,1517.91,15,227.69,1290.22,802.75,487.47,Karnataka,Mangaluru,Consumer,Cash on Delivery,Mobile App,Organic,Delivered,4,4,2025,2,February,1,Saturday,37.78,Medium
ORD100728,2025-06-15,CUST1261,Fashion,Dress,1,840.02,25,210.0,630.02,477.07,152.95,West Bengal,Kolkata,Corporate,Net Banking,Mobile App,Organic,Delivered,4,5,2025,6,June,2,Sunday,24.28,High
ORD100729,2025-07-29,CUST1219,Electronics,Laptop,1,4026.58,25,1006.64,3019.94,2191.94,828.0,Telangana,Warangal,Corporate,UPI,Website,Organic,Delivered,2,3,2025,7,July,3,Tuesday,27.42,High
ORD100730,2025-04-23,CUST1265,Home & Kitchen,Cookware Set,3,15934.87,10,4780.46,43024.15,35235.02,7789.13,Tamil Nadu,Coimbatore,Consumer,Debit Card,Website,Referral,Delivered,3,4,2025,4,April,2,Wednesday,18.1,Medium
ORD100731,2025-09-03,CUST1179,Home & Kitchen,Mixer Grinder,1,3719.68,15,557.95,3161.73,2556.75,604.98,West Bengal,Kolkata,Consumer,Cash on Delivery,Mobile App,Instagram Ads,Delivered,1,4,2025,9,September,3,Wednesday,19.13,Medium
ORD100732,2025-03-04,CUST1140,Books,Technical Book,1,226.56,30,0.0,0.0,109.47,-109.47,Delhi,New Delhi,Consumer,Debit Card,Mobile App,Festival Sale,Cancelled,6,4,2025,3,March,1,Tuesday,0.0,Very High
ORD100733,2025-10-27,CUST1078,Sports,Cricket Bat,3,1801.17,25,1350.88,4052.63,2930.99,1121.64,Uttar Pradesh,Lucknow,Consumer,Debit Card,Mobile App,Festival Sale,Delivered,6,4,2025,10,October,4,Monday,27.68,High
ORD100734,2025-03-06,CUST1128,Sports,Dumbbells,2,1399.99,15,420.0,2379.98,1801.87,578.11,Tamil Nadu,Chennai,Corporate,Credit Card,Marketplace,Festival Sale,Delivered,2,5,2025,3,March,1,Thursday,24.29,Medium
ORD100735,2025-03-19,CUST1242,Electronics,Smartphone,1,7145.13,20,0.0,0.0,4102.87,-4102.87,West Bengal,Kolkata,Consumer,Net Banking,Mobile App,Organic,Cancelled,5,3,2025,3,March,1,Wednesday,0.0,High
ORD100736,2025-10-28,CUST1332,Books,Technical Book,1,395.94,20,79.19,316.75,227.74,89.01,Kerala,Thiruvananthapuram,Consumer,Wallet,Mobile App,Organic,Returned,4,4,2025,10,October,4,Tuesday,-11.31,High
ORD100737,2025-01-10,CUST1058,Fashion,Jeans,1,1955.87,30,586.76,1369.11,894.44,474.67,Rajasthan,Jaipur,Consumer,Debit Card,Website,Instagram Ads,Returned,2,4,2025,1,January,1,Friday,-21.06,Very High
ORD100738,2025-03-27,CUST1261,Beauty,Moisturizer,1,1414.01,5,70.7,1343.31,915.84,427.47,Telangana,Warangal,Corporate,Net Banking,Website,Google Ads,Delivered,2,5,2025,3,March,1,Thursday,31.82,Low
ORD100739,2025-10-13,CUST1273,Beauty,Moisturizer,3,3643.24,20,2185.94,8743.78,4912.89,3830.89,Rajasthan,Jaipur,Corporate,Wallet,Website,Email,Delivered,2,5,2025,10,October,4,Monday,43.81,High
ORD100740,2025-06-25,CUST1301,Beauty,Shampoo,1,247.04,20,49.41,197.63,132.18,65.45,Gujarat,Vadodara,Student,Credit Card,Mobile App,Google Ads,Returned,4,5,2025,6,June,2,Wednesday,-8.32,High
ORD100741,2025-07-14,CUST1190,Electronics,Tablet,2,9445.55,10,1889.11,17001.99,10210.32,6791.67,Delhi,Delhi,Consumer,Wallet,Marketplace,Google Ads,Delivered,3,5,2025,7,July,3,Monday,39.95,Medium
ORD100742,2025-02-15,CUST1335,Sports,Yoga Mat,4,10942.61,15,6565.57,37204.87,23221.49,13983.38,West Bengal,Kolkata,Consumer,Cash on Delivery,Website,Festival Sale,Returned,3,3,2025,2,February,1,Saturday,-23.37,Medium
ORD100743,2025-02-05,CUST1007,Books,Manga,1,480.74,25,0.0,0.0,282.69,-282.69,West Bengal,Kolkata,Corporate,Credit Card,Mobile App,Organic,Cancelled,1,4,2025,2,February,1,Wednesday,0.0,High
ORD100744,2025-08-30,CUST1338,Home & Kitchen,Mixer Grinder,3,6017.23,15,2707.75,15343.94,12187.03,3156.91,Kerala,Thiruvananthapuram,Consumer,Credit Card,Website,Organic,Delivered,2,4,2025,8,August,3,Saturday,20.57,Medium
ORD100745,2025-05-31,CUST1149,Home & Kitchen,Air Fryer,1,9939.37,10,993.94,8945.43,5633.94,3311.49,Maharashtra,Pune,Consumer,Credit Card,Mobile App,Google Ads,Delivered,8,5,2025,5,May,2,Saturday,37.02,Medium
ORD100746,2025-03-28,CUST1233,Electronics,Tablet,3,6999.57,25,5249.68,15749.03,11225.68,4523.35,Maharashtra,Nagpur,Consumer,Net Banking,Mobile App,Festival Sale,Delivered,2,4,2025,3,March,1,Friday,28.72,High
ORD100747,2025-04-08,CUST1272,Home & Kitchen,Mixer Grinder,2,754.02,0,0.0,1508.04,1017.99,490.05,Delhi,New Delhi,Consumer,Cash on Delivery,Marketplace,Instagram Ads,Returned,4,3,2025,4,April,2,Tuesday,-27.29,Low
ORD100748,2025-09-23,CUST1215,Electronics,Smart Watch,1,33553.71,0,0.0,0.0,22115.31,-22115.31,Rajasthan,Jaipur,Consumer,Wallet,Mobile App,Festival Sale,Cancelled,1,4,2025,9,September,3,Tuesday,0.0,Low
ORD100749,2025-03-20,CUST1298,Sports,Running Shoes,1,5762.49,20,1152.5,4609.99,3682.77,927.22,Gujarat,Vadodara,Student,Wallet,Mobile App,Google Ads,Delivered,2,5,2025,3,March,1,Thursday,20.11,High
ORD100750,2025-10-20,CUST1228,Fashion,Dress,1,872.99,25,218.25,654.74,481.84,172.9,Tamil Nadu,Coimbatore,Corporate,Credit Card,Mobile App,Email,Delivered,3,3,2025,10,October,4,Monday,26.41,High
ORD100751,2025-09-11,CUST1198,Books,Self Help Book,1,206.03,15,30.9,175.13,103.29,71.84,Gujarat,Vadodara,Consumer,Credit Card,Mobile App,Instagram Ads,Delivered,6,4,2025,9,September,3,Thursday,41.02,Medium
ORD100752,2025-05-23,CUST1268,Fashion,Jacket,2,1620.09,20,648.04,2592.14,1487.17,1104.97,Kerala,Thiruvananthapuram,Corporate,Net Banking,Website,Email,Delivered,4,5,2025,5,May,2,Friday,42.63,High
ORD100753,2025-12-07,CUST1113,Home & Kitchen,Vacuum Cleaner,3,1269.96,10,380.99,3428.89,2064.39,1364.5,Maharashtra,Mumbai,Consumer,Cash on Delivery,Mobile App,Instagram Ads,Delivered,7,4,2025,12,December,4,Sunday,39.79,Medium
ORD100754,2025-08-05,CUST1079,Fashion,Jeans,3,1035.37,0,0.0,0.0,2299.91,-2299.91,Gujarat,Vadodara,Consumer,Credit Card,Marketplace,Instagram Ads,Cancelled,5,4,2025,8,August,3,Tuesday,0.0,Low
ORD100755,2025-10-12,CUST1095,Home & Kitchen,Air Fryer,4,2092.78,0,0.0,8371.12,5325.7,3045.42,Tamil Nadu,Coimbatore,Consumer,Credit Card,Mobile App,Instagram Ads,Delivered,3,4,2025,10,October,4,Sunday,36.38,Low
ORD100756,2025-01-17,CUST1102,Beauty,Makeup Kit,1,1821.95,20,364.39,1457.56,873.54,584.02,Kerala,Thiruvananthapuram,Consumer,Net Banking,Marketplace,Referral,Delivered,4,4,2025,1,January,1,Friday,40.07,High
ORD100757,2025-01-13,CUST1021,Sports,Cricket Bat,1,1722.03,15,258.3,1463.73,1090.75,372.98,Tamil Nadu,Madurai,Consumer,Net Banking,Website,Festival Sale,Delivered,7,5,2025,1,January,1,Monday,25.48,Medium
ORD100758,2025-04-22,CUST1161,Electronics,Smartphone,1,10269.49,10,1026.95,9242.54,6439.78,2802.76,Gujarat,Ahmedabad,Corporate,UPI,Marketplace,Google Ads,Delivered,6,5,2025,4,April,2,Tuesday,30.32,Medium
ORD100759,2025-09-07,CUST1031,Home & Kitchen,Mixer Grinder,3,506.38,10,151.91,1367.23,1067.44,299.79,Tamil Nadu,Coimbatore,Consumer,Debit Card,Mobile App,Referral,Delivered,1,5,2025,9,September,3,Sunday,21.93,Medium
ORD100760,2025-06-11,CUST1242,Beauty,Moisturizer,1,2283.18,20,456.64,1826.54,1198.39,628.15,Karnataka,Bengaluru,Student,Credit Card,Website,Organic,Delivered,6,5,2025,6,June,2,Wednesday,34.39,High
ORD100761,2025-01-24,CUST1270,Beauty,Moisturizer,1,856.92,0,0.0,856.92,513.02,343.9,Karnataka,Mysuru,Consumer,Cash on Delivery,Marketplace,Festival Sale,Delivered,5,5,2025,1,January,1,Friday,40.13,Low
ORD100762,2025-04-22,CUST1271,Fashion,Jacket,2,4701.42,0,0.0,9402.84,5453.25,3949.59,Telangana,Hyderabad,Consumer,Debit Card,Website,Organic,Delivered,4,4,2025,4,April,2,Tuesday,42.0,Low
ORD100763,2025-02-16,CUST1167,Beauty,Moisturizer,2,1068.31,10,213.66,1922.96,1478.71,444.25,Delhi,Delhi,Student,Credit Card,Mobile App,Email,Delivered,2,2,2025,2,February,1,Sunday,23.1,Medium
ORD100764,2025-12-17,CUST1241,Beauty,Moisturizer,1,1694.09,0,0.0,0.0,1330.97,-1330.97,Tamil Nadu,Madurai,Consumer,Cash on Delivery,Marketplace,Google Ads,Cancelled,4,5,2025,12,December,4,Wednesday,0.0,Low
ORD100765,2025-01-30,CUST1190,Electronics,Tablet,2,4822.92,25,0.0,0.0,4044.14,-4044.14,Maharashtra,Nagpur,Consumer,Net Banking,Mobile App,Organic,Cancelled,6,4,2025,1,January,1,Thursday,0.0,High
ORD100766,2025-08-05,CUST1247,Home & Kitchen,Coffee Maker,1,6133.32,20,1226.66,4906.66,3152.93,1753.73,Rajasthan,Udaipur,Corporate,Wallet,Website,Instagram Ads,Delivered,6,4,2025,8,August,3,Tuesday,35.74,High
ORD100767,2025-09-05,CUST1252,Books,Fiction Book,2,212.56,15,63.77,361.35,201.1,160.25,Kerala,Kochi,Student,Wallet,Mobile App,Festival Sale,Delivered,4,4,2025,9,September,3,Friday,44.35,Medium
ORD100768,2025-04-24,CUST1251,Sports,Running Shoes,1,1679.57,25,419.89,1259.68,794.45,465.23,Tamil Nadu,Chennai,Student,Cash on Delivery,Marketplace,Google Ads,Delivered,8,5,2025,4,April,2,Thursday,36.93,High
ORD100769,2025-11-10,CUST1246,Sports,Fitness Band,1,574.3,15,86.14,488.16,399.27,88.89,Karnataka,Mangaluru,Student,Cash on Delivery,Website,Referral,Delivered,3,4,2025,11,November,4,Monday,18.21,Medium
ORD100770,2025-07-06,CUST1313,Fashion,Jeans,1,1134.7,25,283.68,851.02,635.63,215.39,Rajasthan,Udaipur,Consumer,Cash on Delivery,Marketplace,Organic,Delivered,4,4,2025,7,July,3,Sunday,25.31,High
ORD100771,2025-02-06,CUST1098,Fashion,Dress,2,4753.33,0,0.0,9506.66,5502.33,4004.33,Delhi,Delhi,Consumer,Debit Card,Website,Instagram Ads,Delivered,2,4,2025,2,February,1,Thursday,42.12,Low
ORD100772,2025-05-12,CUST1189,Books,Fiction Book,2,1012.8,0,0.0,2025.6,1252.31,773.29,Maharashtra,Nagpur,Consumer,Cash on Delivery,Mobile App,Email,Delivered,2,4,2025,5,May,2,Monday,38.18,Low
ORD100773,2025-11-19,CUST1025,Electronics,Smart Watch,1,11401.13,5,570.06,10831.07,7346.84,3484.23,Kerala,Kochi,Consumer,Debit Card,Mobile App,Google Ads,Returned,4,4,2025,11,November,4,Wednesday,-23.7,Low
ORD100774,2025-11-29,CUST1245,Home & Kitchen,Mixer Grinder,1,7854.26,5,392.71,7461.55,4334.11,3127.44,Tamil Nadu,Chennai,Consumer,Cash on Delivery,Website,Organic,Delivered,5,4,2025,11,November,4,Saturday,41.91,Low
ORD100775,2025-12-19,CUST1274,Home & Kitchen,Air Fryer,1,11201.77,0,0.0,11201.77,8094.9,3106.87,Maharashtra,Mumbai,Corporate,Cash on Delivery,Website,Festival Sale,Delivered,4,4,2025,12,December,4,Friday,27.74,Low
ORD100776,2025-06-04,CUST1276,Electronics,Smartphone,2,8816.04,30,5289.62,12342.46,9047.96,3294.5,Maharashtra,Nagpur,Consumer,Wallet,Website,Festival Sale,Delivered,4,3,2025,6,June,2,Wednesday,26.69,Very High
ORD100777,2025-04-02,CUST1258,Beauty,Makeup Kit,2,3298.91,15,989.67,5608.15,3765.25,1842.9,Rajasthan,Jaipur,Corporate,UPI,Mobile App,Email,Delivered,1,5,2025,4,April,2,Wednesday,32.86,Medium
ORD100778,2025-07-15,CUST1172,Sports,Cricket Bat,1,1588.01,30,0.0,0.0,901.6,-901.6,Tamil Nadu,Coimbatore,Corporate,Debit Card,Website,Referral,Cancelled,5,4,2025,7,July,3,Tuesday,0.0,Very High
ORD100779,2025-06-29,CUST1238,Home & Kitchen,Coffee Maker,1,1107.8,20,221.56,886.24,680.28,205.96,Tamil Nadu,Chennai,Student,Wallet,Mobile App,Organic,Delivered,2,3,2025,6,June,2,Sunday,23.24,High
ORD100780,2025-01-22,CUST1335,Electronics,Laptop,1,31458.01,30,9437.4,22020.61,13663.88,8356.73,Kerala,Kochi,Consumer,Credit Card,Marketplace,Referral,Returned,4,2,2025,1,January,1,Wednesday,-18.04,Very High
ORD100781,2025-12-01,CUST1089,Fashion,Sneakers,2,5303.04,5,0.0,0.0,7076.94,-7076.94,Uttar Pradesh,Kanpur,Corporate,Credit Card,Marketplace,Google Ads,Cancelled,3,5,2025,12,December,4,Monday,0.0,Low
ORD100782,2025-07-08,CUST1281,Sports,Running Shoes,3,6541.89,20,3925.13,15700.54,10322.66,5377.88,Uttar Pradesh,Kanpur,Consumer,Cash on Delivery,Mobile App,Festival Sale,Delivered,4,4,2025,7,July,3,Tuesday,34.25,High
ORD100783,2025-10-06,CUST1321,Books,Fiction Book,1,2205.82,0,0.0,2205.82,1719.24,486.58,Tamil Nadu,Coimbatore,Consumer,Net Banking,Website,Organic,Delivered,7,5,2025,10,October,4,Monday,22.06,Low
ORD100784,2025-04-16,CUST1229,Home & Kitchen,Vacuum Cleaner,1,1752.82,0,0.0,0.0,1351.12,-1351.12,Rajasthan,Jaipur,Consumer,Net Banking,Mobile App,Instagram Ads,Cancelled,4,5,2025,4,April,2,Wednesday,0.0,Low
ORD100785,2025-09-26,CUST1187,Electronics,Laptop,2,21136.25,20,0.0,0.0,26670.6,-26670.6,Gujarat,Vadodara,Student,Wallet,Mobile App,Referral,Cancelled,2,4,2025,9,September,3,Friday,0.0,High
ORD100786,2025-08-17,CUST1217,Books,Technical Book,2,386.09,15,115.83,656.35,418.33,238.02,Telangana,Hyderabad,Corporate,Net Banking,Website,Instagram Ads,Returned,4,5,2025,8,August,3,Sunday,-20.54,Medium
ORD100787,2025-07-28,CUST1187,Sports,Fitness Band,1,1716.17,20,343.23,1372.94,851.97,520.97,Kerala,Kochi,Consumer,Wallet,Marketplace,Organic,Delivered,3,5,2025,7,July,3,Monday,37.95,High
ORD100788,2025-07-24,CUST1155,Home & Kitchen,Vacuum Cleaner,2,875.66,0,0.0,1751.32,1204.86,546.46,Delhi,New Delhi,Corporate,Debit Card,Marketplace,Festival Sale,Delivered,7,5,2025,7,July,3,Thursday,31.2,Low
ORD100789,2025-03-28,CUST1198,Fashion,Sneakers,1,1920.41,25,0.0,0.0,937.17,-937.17,Uttar Pradesh,Lucknow,Corporate,Credit Card,Website,Festival Sale,Cancelled,3,5,2025,3,March,1,Friday,0.0,High
ORD100790,2025-11-21,CUST1015,Beauty,Makeup Kit,1,484.75,0,0.0,484.75,320.51,164.24,Tamil Nadu,Madurai,Student,Cash on Delivery,Mobile App,Referral,Returned,1,1,2025,11,November,4,Friday,-25.55,Low
ORD100791,2025-01-13,CUST1077,Home & Kitchen,Coffee Maker,1,14444.36,15,0.0,0.0,8174.04,-8174.04,West Bengal,Kolkata,Consumer,UPI,Mobile App,Festival Sale,Cancelled,3,5,2025,1,January,1,Monday,0.0,Medium
ORD100792,2025-06-20,CUST1134,Books,Self Help Book,1,1985.63,15,0.0,0.0,1236.22,-1236.22,West Bengal,Kolkata,Consumer,Credit Card,Marketplace,Referral,Cancelled,3,5,2025,6,June,2,Friday,0.0,Medium
ORD100793,2025-09-16,CUST1194,Beauty,Moisturizer,1,1233.41,5,61.67,1171.74,719.84,451.9,Karnataka,Mysuru,Student,Net Banking,Mobile App,Instagram Ads,Delivered,4,5,2025,9,September,3,Tuesday,38.57,Low
ORD100794,2025-05-15,CUST1302,Fashion,Jacket,2,1484.14,0,0.0,2968.28,2051.85,916.43,Tamil Nadu,Chennai,Consumer,UPI,Website,Email,Delivered,4,5,2025,5,May,2,Thursday,30.87,Low
ORD100795,2025-11-07,CUST1338,Home & Kitchen,Cookware Set,1,2394.39,15,0.0,0.0,1354.76,-1354.76,Kerala,Thiruvananthapuram,Consumer,Debit Card,Mobile App,Festival Sale,Cancelled,7,4,2025,11,November,4,Friday,0.0,Medium
ORD100796,2025-10-28,CUST1092,Home & Kitchen,Mixer Grinder,1,1206.87,25,301.72,905.15,633.17,271.98,Tamil Nadu,Coimbatore,Consumer,UPI,Mobile App,Email,Delivered,2,4,2025,10,October,4,Tuesday,30.05,High
ORD100797,2025-06-10,CUST1277,Fashion,Jeans,2,824.13,15,247.24,1401.02,1100.81,300.21,Delhi,New Delhi,Consumer,Debit Card,Mobile App,Organic,Delivered,4,5,2025,6,June,2,Tuesday,21.43,Medium
ORD100798,2025-01-18,CUST1121,Home & Kitchen,Air Fryer,1,749.25,15,112.39,636.86,474.55,162.31,Maharashtra,Pune,Consumer,Debit Card,Mobile App,Organic,Delivered,5,3,2025,1,January,1,Saturday,25.49,Medium
ORD100799,2025-06-27,CUST1022,Electronics,Headphones,2,5799.5,25,2899.75,8699.25,5417.25,3282.0,Gujarat,Ahmedabad,Consumer,UPI,Marketplace,Festival Sale,Returned,4,5,2025,6,June,2,Friday,-18.91,High
ORD100800,2025-03-09,CUST1069,Home & Kitchen,Coffee Maker,1,751.1,10,75.11,675.99,494.11,181.88,Kerala,Kochi,Consumer,Credit Card,Marketplace,Festival Sale,Delivered,3,3,2025,3,March,1,Sunday,26.91,Medium
ORD100801,2025-12-11,CUST1131,Electronics,Smartphone,2,30273.99,15,9082.2,51465.78,39181.77,12284.01,Uttar Pradesh,Lucknow,Consumer,Debit Card,Website,Instagram Ads,Returned,4,5,2025,12,December,4,Thursday,-17.09,Medium
ORD100802,2025-09-27,CUST1218,Electronics,Tablet,1,13909.25,0,0.0,13909.25,9958.81,3950.44,Tamil Nadu,Chennai,Consumer,Wallet,Website,Google Ads,Returned,2,5,2025,9,September,3,Saturday,-17.74,Low
ORD100803,2025-02-24,CUST1134,Fashion,Dress,1,4513.2,15,676.98,3836.22,2171.04,1665.18,Telangana,Hyderabad,Consumer,Debit Card,Marketplace,Referral,Delivered,2,5,2025,2,February,1,Monday,43.41,Medium
ORD100804,2025-06-26,CUST1343,Electronics,Tablet,1,3417.18,20,0.0,0.0,1989.69,-1989.69,Telangana,Warangal,Consumer,Credit Card,Marketplace,Organic,Cancelled,6,5,2025,6,June,2,Thursday,0.0,High
ORD100805,2025-05-17,CUST1079,Fashion,Sneakers,1,778.37,10,77.84,700.53,513.51,187.02,Delhi,New Delhi,Consumer,UPI,Mobile App,Organic,Delivered,3,4,2025,5,May,2,Saturday,26.7,Medium
ORD100806,2025-12-11,CUST1316,Fashion,T-Shirt,2,1604.16,10,320.83,2887.49,1674.9,1212.59,Uttar Pradesh,Lucknow,Consumer,UPI,Website,Festival Sale,Delivered,3,3,2025,12,December,4,Thursday,41.99,Medium
ORD100807,2025-11-20,CUST1313,Sports,Fitness Band,4,1444.0,0,0.0,5776.0,3339.78,2436.22,Tamil Nadu,Coimbatore,Consumer,UPI,Website,Organic,Delivered,7,3,2025,11,November,4,Thursday,42.18,Low
ORD100808,2025-07-14,CUST1065,Sports,Fitness Band,2,2738.32,15,821.5,4655.14,3109.31,1545.83,Gujarat,Surat,Consumer,Net Banking,Marketplace,Organic,Delivered,3,5,2025,7,July,3,Monday,33.21,Medium
ORD100809,2025-11-17,CUST1143,Electronics,Laptop,1,16478.1,0,0.0,16478.1,11812.2,4665.9,Rajasthan,Jaipur,Student,Debit Card,Website,Referral,Delivered,4,5,2025,11,November,4,Monday,28.32,Low
ORD100810,2025-02-05,CUST1273,Fashion,Dress,2,922.16,20,368.86,1475.46,1205.25,270.21,Rajasthan,Udaipur,Consumer,Wallet,Website,Google Ads,Returned,2,4,2025,2,February,1,Wednesday,-31.74,High
ORD100811,2025-08-07,CUST1007,Fashion,Sneakers,1,6142.87,5,307.14,5835.73,4264.52,1571.21,Gujarat,Vadodara,Consumer,Credit Card,Marketplace,Google Ads,Delivered,5,1,2025,8,August,3,Thursday,26.92,Low
ORD100812,2025-10-29,CUST1019,Home & Kitchen,Vacuum Cleaner,1,2618.07,10,261.81,2356.26,1704.03,652.23,Kerala,Kochi,Student,UPI,Marketplace,Organic,Delivered,3,2,2025,10,October,4,Wednesday,27.68,Medium
ORD100813,2025-05-08,CUST1211,Beauty,Makeup Kit,1,234.21,0,0.0,234.21,141.46,92.75,Gujarat,Ahmedabad,Consumer,Net Banking,Marketplace,Email,Delivered,3,5,2025,5,May,2,Thursday,39.6,Low
ORD100814,2025-06-10,CUST1288,Sports,Running Shoes,1,6603.09,20,1320.62,5282.47,3372.02,1910.45,Rajasthan,Udaipur,Student,Credit Card,Mobile App,Google Ads,Delivered,2,4,2025,6,June,2,Tuesday,36.17,High
ORD100815,2025-05-18,CUST1341,Electronics,Laptop,1,29726.65,15,4459.0,25267.65,19633.98,5633.67,Rajasthan,Udaipur,Consumer,Credit Card,Marketplace,Google Ads,Delivered,3,2,2025,5,May,2,Sunday,22.3,Medium
ORD100816,2025-12-02,CUST1148,Books,Self Help Book,2,237.8,10,47.56,428.04,259.19,168.85,West Bengal,Siliguri,Consumer,UPI,Mobile App,Instagram Ads,Delivered,3,5,2025,12,December,4,Tuesday,39.45,Medium
ORD100817,2025-11-24,CUST1065,Fashion,Sneakers,2,5907.55,25,0.0,0.0,5425.02,-5425.02,West Bengal,Siliguri,Consumer,Net Banking,Mobile App,Instagram Ads,Cancelled,4,5,2025,11,November,4,Monday,0.0,High
ORD100818,2025-11-11,CUST1299,Home & Kitchen,Cookware Set,1,987.04,15,0.0,0.0,681.63,-681.63,Delhi,New Delhi,Student,Net Banking,Mobile App,Organic,Cancelled,2,3,2025,11,November,4,Tuesday,0.0,Medium
ORD100819,2025-02-03,CUST1114,Fashion,T-Shirt,1,2886.86,15,0.0,0.0,1692.54,-1692.54,Telangana,Hyderabad,Consumer,Debit Card,Mobile App,Instagram Ads,Cancelled,4,5,2025,2,February,1,Monday,0.0,Medium
ORD100820,2025-01-21,CUST1268,Books,Self Help Book,1,208.64,10,20.86,187.78,111.07,76.71,Uttar Pradesh,Noida,Consumer,Wallet,Website,Instagram Ads,Returned,2,4,2025,1,January,1,Tuesday,-22.3,Medium
ORD100821,2025-08-17,CUST1342,Beauty,Moisturizer,2,882.16,10,176.43,1587.89,997.19,590.7,Maharashtra,Nagpur,Consumer,Net Banking,Website,Google Ads,Delivered,5,3,2025,8,August,3,Sunday,37.2,Medium
ORD100822,2025-04-28,CUST1143,Fashion,Jeans,1,745.81,15,111.87,633.94,465.32,168.62,Tamil Nadu,Madurai,Consumer,Wallet,Mobile App,Google Ads,Delivered,2,4,2025,4,April,2,Monday,26.6,Medium
ORD100823,2025-07-01,CUST1055,Home & Kitchen,Coffee Maker,1,2008.14,0,0.0,2008.14,1540.62,467.52,Tamil Nadu,Madurai,Consumer,Credit Card,Website,Referral,Returned,3,3,2025,7,July,3,Tuesday,-9.03,Low
ORD100824,2025-10-03,CUST1280,Books,Technical Book,2,1091.44,10,0.0,0.0,1587.92,-1587.92,West Bengal,Siliguri,Student,Credit Card,Mobile App,Email,Cancelled,6,3,2025,10,October,4,Friday,0.0,Medium
ORD100825,2025-06-07,CUST1172,Home & Kitchen,Mixer Grinder,2,3180.91,10,636.18,5725.64,4451.09,1274.55,Telangana,Warangal,Consumer,Cash on Delivery,Mobile App,Organic,Delivered,3,4,2025,6,June,2,Saturday,22.26,Medium
ORD100826,2025-10-14,CUST1084,Books,Biography,1,1060.76,5,53.04,1007.72,734.3,273.42,Rajasthan,Jaipur,Consumer,Debit Card,Website,Email,Delivered,2,5,2025,10,October,4,Tuesday,27.13,Low
ORD100827,2025-06-22,CUST1189,Electronics,Tablet,1,14216.88,5,0.0,0.0,10103.34,-10103.34,Kerala,Kochi,Consumer,Cash on Delivery,Website,Organic,Cancelled,4,4,2025,6,June,2,Sunday,0.0,Low
ORD100828,2025-01-26,CUST1206,Fashion,Sneakers,2,2111.34,5,211.13,4011.55,2928.65,1082.9,Delhi,Delhi,Corporate,Cash on Delivery,Mobile App,Referral,Returned,3,5,2025,1,January,1,Sunday,-32.02,Low
ORD100829,2025-05-22,CUST1180,Books,Fiction Book,1,763.43,10,0.0,0.0,526.67,-526.67,Rajasthan,Jaipur,Consumer,Cash on Delivery,Mobile App,Organic,Cancelled,5,5,2025,5,May,2,Thursday,0.0,Medium
ORD100830,2025-07-01,CUST1316,Electronics,Tablet,2,2116.58,25,1058.29,3174.87,1982.06,1192.81,Uttar Pradesh,Kanpur,Consumer,Cash on Delivery,Website,Instagram Ads,Delivered,5,4,2025,7,July,3,Tuesday,37.57,High
ORD100831,2025-02-02,CUST1345,Home & Kitchen,Mixer Grinder,1,2701.56,20,540.31,2161.25,1346.25,815.0,Uttar Pradesh,Kanpur,Student,UPI,Marketplace,Festival Sale,Delivered,3,1,2025,2,February,1,Sunday,37.71,High
ORD100832,2025-05-18,CUST1293,Books,Fiction Book,1,288.57,15,43.29,245.28,137.55,107.73,Gujarat,Surat,Consumer,Net Banking,Mobile App,Organic,Delivered,4,4,2025,5,May,2,Sunday,43.92,Medium
ORD100833,2025-08-18,CUST1317,Home & Kitchen,Coffee Maker,1,554.47,10,55.45,499.02,328.9,170.12,Telangana,Warangal,Consumer,UPI,Marketplace,Referral,Delivered,5,4,2025,8,August,3,Monday,34.09,Medium
ORD100834,2025-01-14,CUST1223,Home & Kitchen,Vacuum Cleaner,1,905.16,15,135.77,769.39,599.71,169.68,Uttar Pradesh,Noida,Consumer,UPI,Website,Festival Sale,Delivered,6,5,2025,1,January,1,Tuesday,22.05,Medium
ORD100835,2025-09-23,CUST1254,Home & Kitchen,Coffee Maker,1,1298.08,15,0.0,0.0,628.25,-628.25,Gujarat,Surat,Consumer,Debit Card,Mobile App,Organic,Cancelled,4,2,2025,9,September,3,Tuesday,0.0,Medium
ORD100836,2025-05-10,CUST1115,Beauty,Makeup Kit,1,342.41,0,0.0,0.0,204.31,-204.31,West Bengal,Kolkata,Student,Wallet,Mobile App,Email,Cancelled,3,5,2025,5,May,2,Saturday,0.0,Low
ORD100837,2025-08-08,CUST1043,Books,Technical Book,2,1812.8,15,543.84,3081.76,1733.0,1348.76,Tamil Nadu,Coimbatore,Consumer,Debit Card,Mobile App,Referral,Delivered,5,3,2025,8,August,3,Friday,43.77,Medium
ORD100838,2025-02-19,CUST1041,Fashion,Sneakers,1,1479.46,0,0.0,0.0,1023.44,-1023.44,West Bengal,Siliguri,Corporate,Credit Card,Marketplace,Organic,Cancelled,5,2,2025,2,February,1,Wednesday,0.0,Low
ORD100839,2025-03-10,CUST1060,Books,Fiction Book,3,1325.0,20,795.0,3180.0,2288.63,891.37,Maharashtra,Mumbai,Consumer,Credit Card,Website,Google Ads,Delivered,2,3,2025,3,March,1,Monday,28.03,High
ORD100840,2025-01-15,CUST1217,Fashion,Sneakers,1,507.95,0,0.0,507.95,323.48,184.47,Karnataka,Mysuru,Consumer,UPI,Mobile App,Organic,Delivered,2,1,2025,1,January,1,Wednesday,36.32,Low
ORD100841,2025-04-21,CUST1124,Sports,Dumbbells,1,594.38,20,118.88,475.5,341.2,134.3,Tamil Nadu,Coimbatore,Consumer,Cash on Delivery,Website,Organic,Delivered,4,4,2025,4,April,2,Monday,28.24,High
ORD100842,2025-12-10,CUST1151,Books,Technical Book,1,2517.5,10,251.75,2265.75,1502.73,763.02,West Bengal,Kolkata,Consumer,Debit Card,Website,Instagram Ads,Delivered,6,3,2025,12,December,4,Wednesday,33.68,Medium
ORD100843,2025-08-01,CUST1129,Electronics,Tablet,1,1510.16,10,151.02,1359.14,811.51,547.63,Karnataka,Mangaluru,Consumer,Debit Card,Mobile App,Google Ads,Returned,7,5,2025,8,August,3,Friday,-17.41,Medium
ORD100844,2025-06-20,CUST1189,Home & Kitchen,Cookware Set,1,2376.5,0,0.0,2376.5,1689.93,686.57,Telangana,Warangal,Consumer,Debit Card,Website,Instagram Ads,Returned,4,3,2025,6,June,2,Friday,-13.93,Low
ORD100845,2025-10-20,CUST1151,Books,Biography,1,2860.55,5,143.03,2717.52,2055.62,661.9,Kerala,Thiruvananthapuram,Student,Wallet,Mobile App,Organic,Delivered,3,1,2025,10,October,4,Monday,24.36,Low
ORD100846,2025-04-19,CUST1048,Electronics,Tablet,1,5612.14,15,841.82,4770.32,3359.94,1410.38,Delhi,Delhi,Consumer,Debit Card,Website,Festival Sale,Delivered,2,4,2025,4,April,2,Saturday,29.57,Medium
ORD100847,2025-03-13,CUST1146,Home & Kitchen,Air Fryer,1,867.78,10,86.78,781.0,598.31,182.69,Karnataka,Mangaluru,Consumer,UPI,Mobile App,Organic,Delivered,3,4,2025,3,March,1,Thursday,23.39,Medium
ORD100848,2025-03-02,CUST1300,Books,Biography,1,1658.42,20,0.0,0.0,751.84,-751.84,Uttar Pradesh,Lucknow,Corporate,Debit Card,Mobile App,Google Ads,Cancelled,2,4,2025,3,March,1,Sunday,0.0,High
ORD100849,2025-10-26,CUST1081,Fashion,T-Shirt,1,5368.16,5,268.41,5099.75,3174.33,1925.42,Tamil Nadu,Coimbatore,Student,UPI,Mobile App,Organic,Returned,5,2,2025,10,October,4,Sunday,-9.22,Low
ORD100850,2025-04-17,CUST1137,Fashion,Jeans,4,645.81,10,258.32,2324.92,1402.12,922.8,Maharashtra,Pune,Consumer,Net Banking,Mobile App,Google Ads,Delivered,2,5,2025,4,April,2,Thursday,39.69,Medium
ORD100851,2025-10-27,CUST1038,Home & Kitchen,Air Fryer,2,3917.08,20,1566.83,6267.33,4292.82,1974.51,Gujarat,Ahmedabad,Consumer,UPI,Marketplace,Referral,Delivered,4,4,2025,10,October,4,Monday,31.5,High
ORD100852,2025-05-14,CUST1223,Fashion,Jacket,1,736.89,25,184.22,552.67,423.45,129.22,West Bengal,Siliguri,Consumer,Wallet,Mobile App,Email,Delivered,5,4,2025,5,May,2,Wednesday,23.38,High
ORD100853,2025-06-05,CUST1309,Home & Kitchen,Cookware Set,1,6545.8,0,0.0,0.0,4935.76,-4935.76,Kerala,Thiruvananthapuram,Corporate,Wallet,Website,Organic,Cancelled,3,3,2025,6,June,2,Thursday,0.0,Low
ORD100854,2025-02-03,CUST1112,Electronics,Tablet,1,1934.81,0,0.0,1934.81,1530.72,404.09,Telangana,Warangal,Corporate,UPI,Mobile App,Festival Sale,Delivered,8,4,2025,2,February,1,Monday,20.89,Low
ORD100855,2025-06-30,CUST1065,Electronics,Tablet,1,2028.93,5,0.0,0.0,1228.31,-1228.31,Delhi,Delhi,Student,UPI,Mobile App,Referral,Cancelled,4,5,2025,6,June,2,Monday,0.0,Low
ORD100856,2025-10-04,CUST1202,Electronics,Headphones,3,3142.99,0,0.0,9428.97,5201.54,4227.43,West Bengal,Siliguri,Student,Wallet,Website,Festival Sale,Delivered,1,4,2025,10,October,4,Saturday,44.83,Low
ORD100857,2025-01-14,CUST1278,Fashion,Sneakers,3,5576.27,0,0.0,16728.81,12767.6,3961.21,Kerala,Thiruvananthapuram,Consumer,Cash on Delivery,Mobile App,Email,Delivered,2,5,2025,1,January,1,Tuesday,23.68,Low
ORD100858,2025-04-22,CUST1192,Sports,Yoga Mat,1,833.87,15,125.08,708.79,551.94,156.85,Telangana,Hyderabad,Student,Wallet,Website,Email,Delivered,3,4,2025,4,April,2,Tuesday,22.13,Medium
ORD100859,2025-10-20,CUST1137,Fashion,Jeans,1,3388.6,15,508.29,2880.31,1821.31,1059.0,Gujarat,Vadodara,Consumer,Credit Card,Website,Google Ads,Delivered,3,4,2025,10,October,4,Monday,36.77,Medium
ORD100860,2025-12-17,CUST1170,Home & Kitchen,Mixer Grinder,1,3429.46,15,514.42,2915.04,2320.91,594.13,Karnataka,Mangaluru,Consumer,Net Banking,Marketplace,Organic,Delivered,5,3,2025,12,December,4,Wednesday,20.38,Medium
ORD100861,2025-05-08,CUST1292,Fashion,Jeans,1,5616.82,5,280.84,5335.98,3766.67,1569.31,Gujarat,Surat,Consumer,Net Banking,Mobile App,Organic,Delivered,2,4,2025,5,May,2,Thursday,29.41,Low
ORD100862,2025-06-01,CUST1002,Books,Self Help Book,2,375.98,0,0.0,0.0,433.99,-433.99,Uttar Pradesh,Lucknow,Student,UPI,Mobile App,Festival Sale,Cancelled,7,3,2025,6,June,2,Sunday,0.0,Low
ORD100863,2025-12-28,CUST1173,Beauty,Perfume,1,629.81,20,0.0,0.0,325.56,-325.56,Delhi,Delhi,Consumer,Net Banking,Mobile App,Organic,Cancelled,2,3,2025,12,December,4,Sunday,0.0,High
ORD100864,2025-07-08,CUST1199,Books,Fiction Book,4,357.56,0,0.0,1430.24,1031.83,398.41,Tamil Nadu,Coimbatore,Corporate,Net Banking,Website,Referral,Delivered,6,4,2025,7,July,3,Tuesday,27.86,Low
ORD100865,2025-10-28,CUST1066,Electronics,Smartphone,1,989.58,0,0.0,0.0,599.31,-599.31,Karnataka,Mysuru,Consumer,Net Banking,Website,Festival Sale,Cancelled,1,4,2025,10,October,4,Tuesday,0.0,Low
ORD100866,2025-12-01,CUST1107,Fashion,T-Shirt,1,1126.65,20,225.33,901.32,595.98,305.34,Uttar Pradesh,Kanpur,Consumer,Cash on Delivery,Mobile App,Email,Delivered,8,4,2025,12,December,4,Monday,33.88,High
ORD100867,2025-04-19,CUST1223,Fashion,Jacket,1,896.15,0,0.0,896.15,556.47,339.68,Tamil Nadu,Coimbatore,Corporate,Credit Card,Mobile App,Referral,Delivered,1,2,2025,4,April,2,Saturday,37.9,Low
ORD100868,2025-10-21,CUST1119,Home & Kitchen,Coffee Maker,1,2696.44,5,134.82,2561.62,1682.55,879.07,Tamil Nadu,Chennai,Consumer,Debit Card,Website,Organic,Returned,4,3,2025,10,October,4,Tuesday,-25.78,Low
ORD100869,2025-07-22,CUST1005,Sports,Fitness Band,1,7255.75,20,1451.15,5804.6,4090.18,1714.42,Telangana,Hyderabad,Consumer,Cash on Delivery,Marketplace,Google Ads,Delivered,6,5,2025,7,July,3,Tuesday,29.54,High
ORD100870,2025-08-09,CUST1113,Electronics,Smartphone,3,62811.02,25,47108.26,141324.8,97118.75,44206.05,Rajasthan,Udaipur,Corporate,Cash on Delivery,Mobile App,Festival Sale,Delivered,2,4,2025,8,August,3,Saturday,31.28,High
ORD100871,2025-09-01,CUST1162,Fashion,T-Shirt,1,1677.47,10,167.75,1509.72,907.7,602.02,Gujarat,Surat,Corporate,Wallet,Marketplace,Organic,Delivered,1,5,2025,9,September,3,Monday,39.88,Medium
ORD100872,2025-06-29,CUST1084,Electronics,Laptop,2,27939.82,5,2793.98,53085.66,37372.39,15713.27,Kerala,Thiruvananthapuram,Consumer,Credit Card,Website,Google Ads,Delivered,3,3,2025,6,June,2,Sunday,29.6,Low
ORD100873,2025-05-14,CUST1066,Fashion,Jeans,1,4271.76,15,640.76,3631.0,2515.91,1115.09,Uttar Pradesh,Lucknow,Corporate,Cash on Delivery,Mobile App,Festival Sale,Delivered,3,1,2025,5,May,2,Wednesday,30.71,Medium
ORD100874,2025-12-26,CUST1264,Home & Kitchen,Vacuum Cleaner,1,918.74,10,91.87,826.87,532.22,294.65,Tamil Nadu,Madurai,Consumer,Credit Card,Website,Organic,Delivered,2,1,2025,12,December,4,Friday,35.63,Medium
ORD100875,2025-04-20,CUST1279,Home & Kitchen,Coffee Maker,1,6526.17,25,0.0,0.0,3123.96,-3123.96,Delhi,New Delhi,Student,Credit Card,Marketplace,Organic,Cancelled,4,3,2025,4,April,2,Sunday,0.0,High
ORD100876,2025-03-15,CUST1242,Fashion,Dress,2,1335.98,20,534.39,2137.57,1188.43,949.14,Rajasthan,Udaipur,Corporate,Cash on Delivery,Mobile App,Referral,Delivered,5,4,2025,3,March,1,Saturday,44.4,High
ORD100877,2025-02-20,CUST1004,Electronics,Laptop,1,1070.49,25,267.62,802.87,632.89,169.98,West Bengal,Kolkata,Consumer,Cash on Delivery,Mobile App,Email,Delivered,3,3,2025,2,February,1,Thursday,21.17,High
ORD100878,2025-08-10,CUST1176,Books,Manga,1,211.15,15,0.0,0.0,104.83,-104.83,Telangana,Warangal,Consumer,Net Banking,Website,Instagram Ads,Cancelled,5,4,2025,8,August,3,Sunday,0.0,Medium
ORD100879,2025-02-11,CUST1193,Home & Kitchen,Air Fryer,1,13892.19,5,694.61,13197.58,9679.99,3517.59,Gujarat,Vadodara,Corporate,UPI,Mobile App,Instagram Ads,Delivered,1,4,2025,2,February,1,Tuesday,26.65,Low
ORD100880,2025-05-02,CUST1338,Books,Biography,1,2423.83,5,121.19,2302.64,1602.14,700.5,Rajasthan,Udaipur,Consumer,UPI,Mobile App,Instagram Ads,Delivered,3,3,2025,5,May,2,Friday,30.42,Low
ORD100881,2025-06-07,CUST1002,Fashion,Sneakers,1,4795.17,0,0.0,4795.17,2970.61,1824.56,Rajasthan,Udaipur,Student,Cash on Delivery,Marketplace,Google Ads,Delivered,3,4,2025,6,June,2,Saturday,38.05,Low
ORD100882,2025-07-31,CUST1198,Home & Kitchen,Vacuum Cleaner,2,5173.78,0,0.0,10347.56,6341.09,4006.47,West Bengal,Kolkata,Consumer,Net Banking,Mobile App,Festival Sale,Delivered,2,5,2025,7,July,3,Thursday,38.72,Low
ORD100883,2025-12-15,CUST1087,Books,Fiction Book,1,250.96,20,50.19,200.77,144.41,56.36,Gujarat,Vadodara,Consumer,UPI,Website,Organic,Delivered,1,3,2025,12,December,4,Monday,28.07,High
ORD100884,2025-07-18,CUST1098,Electronics,Smartphone,2,63656.61,15,19096.98,108216.24,79588.38,28627.86,Karnataka,Mysuru,Consumer,Credit Card,Mobile App,Email,Delivered,4,4,2025,7,July,3,Friday,26.45,Medium
ORD100885,2025-10-30,CUST1175,Beauty,Perfume,3,626.13,15,281.76,1596.63,1098.46,498.17,Tamil Nadu,Chennai,Consumer,UPI,Website,Referral,Delivered,3,5,2025,10,October,4,Thursday,31.2,Medium
ORD100886,2025-09-26,CUST1110,Electronics,Laptop,2,2910.3,10,582.06,5238.54,3169.56,2068.98,Kerala,Kochi,Corporate,Credit Card,Website,Instagram Ads,Delivered,3,5,2025,9,September,3,Friday,39.5,Medium
ORD100887,2025-12-19,CUST1044,Home & Kitchen,Coffee Maker,2,1440.34,10,0.0,0.0,1864.06,-1864.06,Maharashtra,Pune,Consumer,Debit Card,Mobile App,Referral,Cancelled,3,5,2025,12,December,4,Friday,0.0,Medium
ORD100888,2025-02-01,CUST1017,Electronics,Smart Watch,1,51676.61,10,5167.66,46508.95,26392.39,20116.56,West Bengal,Siliguri,Consumer,Net Banking,Website,Organic,Delivered,3,5,2025,2,February,1,Saturday,43.25,Medium
ORD100889,2025-08-14,CUST1304,Fashion,Dress,1,783.63,0,0.0,783.63,521.76,261.87,Rajasthan,Jaipur,Consumer,UPI,Website,Email,Delivered,4,5,2025,8,August,3,Thursday,33.42,Low
ORD100890,2025-11-22,CUST1082,Electronics,Smartphone,1,81697.87,15,12254.68,69443.19,51548.18,17895.01,Gujarat,Vadodara,Consumer,Wallet,Website,Instagram Ads,Delivered,6,4,2025,11,November,4,Saturday,25.77,Medium
ORD100891,2025-01-21,CUST1212,Books,Manga,1,368.82,0,0.0,368.82,234.76,134.06,Tamil Nadu,Coimbatore,Student,Cash on Delivery,Mobile App,Email,Returned,5,3,2025,1,January,1,Tuesday,-10.83,Low
ORD100892,2025-08-10,CUST1019,Fashion,Sneakers,3,1522.47,5,228.37,4339.04,3395.59,943.45,Tamil Nadu,Madurai,Student,Credit Card,Website,Instagram Ads,Delivered,3,5,2025,8,August,3,Sunday,21.74,Low
ORD100893,2025-11-28,CUST1257,Books,Fiction Book,1,597.7,5,0.0,0.0,358.94,-358.94,West Bengal,Siliguri,Corporate,UPI,Mobile App,Referral,Cancelled,6,4,2025,11,November,4,Friday,0.0,Low
ORD100894,2025-07-04,CUST1156,Electronics,Headphones,1,22727.77,25,0.0,0.0,9617.55,-9617.55,Delhi,Delhi,Corporate,UPI,Mobile App,Festival Sale,Cancelled,4,3,2025,7,July,3,Friday,0.0,High
ORD100895,2025-06-05,CUST1051,Fashion,Dress,2,2129.1,5,212.91,4045.29,2657.33,1387.96,West Bengal,Kolkata,Consumer,Credit Card,Website,Festival Sale,Delivered,4,5,2025,6,June,2,Thursday,34.31,Low
ORD100896,2025-03-16,CUST1294,Beauty,Perfume,1,2468.46,10,246.85,2221.61,1464.98,756.63,Gujarat,Ahmedabad,Student,Credit Card,Mobile App,Google Ads,Returned,2,5,2025,3,March,1,Sunday,-5.86,Medium
ORD100897,2025-06-21,CUST1337,Sports,Cricket Bat,2,9317.56,10,1863.51,16771.61,10069.82,6701.79,Gujarat,Surat,Consumer,Debit Card,Website,Festival Sale,Delivered,3,3,2025,6,June,2,Saturday,39.96,Medium
ORD100898,2025-03-24,CUST1316,Electronics,Tablet,2,4670.42,5,0.0,0.0,6669.68,-6669.68,Rajasthan,Jaipur,Consumer,Debit Card,Website,Instagram Ads,Cancelled,3,2,2025,3,March,1,Monday,0.0,Low
ORD100899,2025-02-21,CUST1196,Electronics,Smartphone,2,1543.83,15,463.15,2624.51,1739.57,884.94,Kerala,Kochi,Consumer,Credit Card,Mobile App,Festival Sale,Returned,1,4,2025,2,February,1,Friday,-33.08,Medium
ORD100900,2025-07-31,CUST1028,Fashion,Jeans,1,853.27,15,127.99,725.28,524.78,200.5,Gujarat,Vadodara,Consumer,Net Banking,Mobile App,Referral,Delivered,4,4,2025,7,July,3,Thursday,27.64,Medium
ORD100901,2025-02-17,CUST1234,Home & Kitchen,Coffee Maker,1,1384.32,10,138.43,1245.89,759.28,486.61,Uttar Pradesh,Lucknow,Consumer,Cash on Delivery,Mobile App,Festival Sale,Delivered,1,3,2025,2,February,1,Monday,39.06,Medium
ORD100902,2025-07-06,CUST1115,Fashion,Jeans,3,904.09,20,542.45,2169.82,1268.71,901.11,West Bengal,Kolkata,Corporate,Debit Card,Marketplace,Email,Delivered,1,4,2025,7,July,3,Sunday,41.53,High
ORD100903,2025-06-03,CUST1334,Fashion,T-Shirt,2,4550.33,10,910.07,8190.59,5496.72,2693.87,Telangana,Warangal,Consumer,Cash on Delivery,Mobile App,Festival Sale,Delivered,8,4,2025,6,June,2,Tuesday,32.89,Medium
ORD100904,2025-04-16,CUST1104,Fashion,T-Shirt,1,1060.56,20,212.11,848.45,594.9,253.55,Telangana,Warangal,Consumer,Debit Card,Mobile App,Organic,Delivered,7,3,2025,4,April,2,Wednesday,29.88,High
ORD100905,2025-06-07,CUST1100,Home & Kitchen,Cookware Set,1,1524.23,5,76.21,1448.02,1088.9,359.12,Uttar Pradesh,Kanpur,Consumer,Net Banking,Website,Instagram Ads,Delivered,2,3,2025,6,June,2,Saturday,24.8,Low
ORD100906,2025-08-01,CUST1158,Books,Biography,1,1782.02,5,0.0,0.0,1016.11,-1016.11,Uttar Pradesh,Lucknow,Corporate,Wallet,Marketplace,Referral,Cancelled,5,5,2025,8,August,3,Friday,0.0,Low
ORD100907,2025-07-13,CUST1043,Beauty,Makeup Kit,2,1172.82,25,586.41,1759.23,1122.3,636.93,West Bengal,Siliguri,Student,Net Banking,Mobile App,Organic,Returned,4,4,2025,7,July,3,Sunday,-27.9,High
ORD100908,2025-08-30,CUST1296,Electronics,Laptop,2,3697.73,5,0.0,0.0,5363.83,-5363.83,West Bengal,Kolkata,Consumer,UPI,Mobile App,Festival Sale,Cancelled,2,4,2025,8,August,3,Saturday,0.0,Low
ORD100909,2025-11-21,CUST1182,Beauty,Makeup Kit,2,1245.52,20,498.21,1992.83,1207.65,785.18,Karnataka,Mangaluru,Consumer,Credit Card,Website,Email,Delivered,2,5,2025,11,November,4,Friday,39.4,High
ORD100910,2025-05-26,CUST1252,Home & Kitchen,Air Fryer,2,9421.12,25,4710.56,14131.68,8250.39,5881.29,Telangana,Hyderabad,Student,Credit Card,Marketplace,Festival Sale,Delivered,2,4,2025,5,May,2,Monday,41.62,High
ORD100911,2025-05-22,CUST1287,Books,Self Help Book,1,2255.49,30,676.65,1578.84,1211.85,366.99,Rajasthan,Udaipur,Consumer,Cash on Delivery,Website,Organic,Returned,3,1,2025,5,May,2,Thursday,-10.23,Very High
ORD100912,2025-07-05,CUST1254,Home & Kitchen,Coffee Maker,3,962.6,20,577.56,2310.24,1605.89,704.35,Tamil Nadu,Chennai,Consumer,Cash on Delivery,Marketplace,Organic,Delivered,2,3,2025,7,July,3,Saturday,30.49,High
ORD100913,2025-01-31,CUST1263,Electronics,Smart Watch,2,10874.38,10,2174.88,19573.88,15942.84,3631.04,West Bengal,Siliguri,Consumer,UPI,Mobile App,Organic,Delivered,3,5,2025,1,January,1,Friday,18.55,Medium
ORD100914,2025-07-30,CUST1318,Beauty,Makeup Kit,1,1897.45,10,0.0,0.0,1340.13,-1340.13,Rajasthan,Jaipur,Consumer,Debit Card,Marketplace,Google Ads,Cancelled,6,2,2025,7,July,3,Wednesday,0.0,Medium
ORD100915,2025-10-02,CUST1109,Home & Kitchen,Vacuum Cleaner,2,1495.86,15,448.76,2542.96,1610.96,932.0,Telangana,Warangal,Consumer,Debit Card,Mobile App,Referral,Delivered,6,4,2025,10,October,4,Thursday,36.65,Medium
ORD100916,2025-11-05,CUST1270,Electronics,Headphones,2,4019.24,25,2009.62,6028.86,3556.19,2472.67,Delhi,Delhi,Corporate,Net Banking,Mobile App,Referral,Returned,1,4,2025,11,November,4,Wednesday,-5.53,High
ORD100917,2025-06-03,CUST1090,Home & Kitchen,Mixer Grinder,3,6700.51,20,4020.31,16081.22,12377.39,3703.83,Delhi,New Delhi,Consumer,Credit Card,Marketplace,Google Ads,Delivered,5,4,2025,6,June,2,Tuesday,23.03,High
ORD100918,2025-08-20,CUST1240,Fashion,T-Shirt,2,443.73,5,44.37,843.09,631.35,211.74,Gujarat,Ahmedabad,Corporate,UPI,Mobile App,Referral,Delivered,3,5,2025,8,August,3,Wednesday,25.11,Low
ORD100919,2025-05-30,CUST1103,Electronics,Smartphone,1,25976.08,10,0.0,0.0,18502.69,-18502.69,Telangana,Warangal,Consumer,Net Banking,Marketplace,Google Ads,Cancelled,8,2,2025,5,May,2,Friday,0.0,Medium
ORD100920,2025-12-20,CUST1080,Electronics,Headphones,1,14414.44,25,3603.61,10810.83,6012.81,4798.02,Telangana,Hyderabad,Corporate,Debit Card,Mobile App,Referral,Delivered,3,5,2025,12,December,4,Saturday,44.38,High
ORD100921,2025-08-23,CUST1104,Beauty,Shampoo,2,4551.32,30,2730.79,6371.85,3974.85,2397.0,Karnataka,Mysuru,Consumer,Debit Card,Mobile App,Google Ads,Delivered,7,4,2025,8,August,3,Saturday,37.62,Very High
ORD100922,2025-01-12,CUST1061,Fashion,Jeans,3,6313.8,20,3788.28,15153.12,11565.2,3587.92,Telangana,Warangal,Corporate,Debit Card,Mobile App,Festival Sale,Delivered,4,3,2025,1,January,1,Sunday,23.68,High
ORD100923,2025-12-29,CUST1100,Beauty,Moisturizer,1,717.24,20,143.45,573.79,404.69,169.1,Maharashtra,Nagpur,Consumer,Debit Card,Marketplace,Email,Delivered,2,1,2025,12,December,4,Monday,29.47,High
ORD100924,2025-07-14,CUST1204,Fashion,Jacket,1,1948.44,5,97.42,1851.02,1475.99,375.03,Gujarat,Surat,Consumer,Debit Card,Mobile App,Referral,Delivered,4,4,2025,7,July,3,Monday,20.26,Low
ORD100925,2025-05-26,CUST1061,Sports,Running Shoes,2,1122.05,5,112.2,2131.9,1644.22,487.68,Rajasthan,Jaipur,Student,Debit Card,Website,Organic,Returned,3,3,2025,5,May,2,Monday,-11.5,Low
ORD100926,2025-12-28,CUST1290,Beauty,Face Wash,1,889.09,10,88.91,800.18,568.42,231.76,Telangana,Hyderabad,Consumer,Credit Card,Website,Google Ads,Delivered,2,5,2025,12,December,4,Sunday,28.96,Medium
ORD100927,2025-04-11,CUST1097,Fashion,Jeans,1,619.45,0,0.0,619.45,454.41,165.04,Delhi,New Delhi,Consumer,Cash on Delivery,Website,Email,Delivered,3,3,2025,4,April,2,Friday,26.64,Low
ORD100928,2025-02-02,CUST1320,Electronics,Tablet,1,11019.95,15,1652.99,9366.96,7062.43,2304.53,Uttar Pradesh,Noida,Consumer,Credit Card,Marketplace,Instagram Ads,Returned,7,5,2025,2,February,1,Sunday,-14.74,Medium
ORD100929,2025-07-01,CUST1211,Fashion,Jacket,1,669.3,25,167.32,501.98,336.0,165.98,Maharashtra,Mumbai,Consumer,Net Banking,Website,Email,Delivered,2,4,2025,7,July,3,Tuesday,33.07,High
ORD100930,2025-08-10,CUST1268,Beauty,Perfume,2,864.97,5,86.5,1643.44,1333.82,309.62,Karnataka,Mysuru,Consumer,Cash on Delivery,Marketplace,Google Ads,Delivered,4,5,2025,8,August,3,Sunday,18.84,Low
ORD100931,2025-11-16,CUST1028,Books,Fiction Book,2,2257.72,20,903.09,3612.35,2783.62,828.73,Tamil Nadu,Coimbatore,Consumer,Net Banking,Website,Organic,Delivered,5,2,2025,11,November,4,Sunday,22.94,High
ORD100932,2025-05-29,CUST1089,Electronics,Smartphone,2,983.65,0,0.0,1967.3,1152.86,814.44,Gujarat,Surat,Consumer,Debit Card,Website,Instagram Ads,Delivered,2,5,2025,5,May,2,Thursday,41.4,Low
ORD100933,2025-07-28,CUST1282,Electronics,Tablet,1,2954.18,10,295.42,2658.76,1955.36,703.4,Karnataka,Mysuru,Consumer,Cash on Delivery,Website,Organic,Delivered,3,4,2025,7,July,3,Monday,26.46,Medium
ORD100934,2025-04-11,CUST1234,Fashion,Sneakers,1,1776.13,0,0.0,1776.13,1339.7,436.43,Kerala,Thiruvananthapuram,Consumer,Debit Card,Marketplace,Organic,Delivered,6,5,2025,4,April,2,Friday,24.57,Low
ORD100935,2025-11-15,CUST1055,Electronics,Smart Watch,2,1232.2,0,0.0,2464.4,1589.94,874.46,Karnataka,Mysuru,Student,UPI,Website,Organic,Delivered,1,5,2025,11,November,4,Saturday,35.48,Low
ORD100936,2025-02-07,CUST1276,Sports,Cricket Bat,1,994.37,10,99.44,894.93,602.88,292.05,Telangana,Warangal,Student,Net Banking,Mobile App,Google Ads,Delivered,5,5,2025,2,February,1,Friday,32.63,Medium
ORD100937,2025-02-18,CUST1151,Electronics,Smartphone,1,8097.41,15,1214.61,6882.8,4655.67,2227.13,Delhi,Delhi,Corporate,Net Banking,Mobile App,Instagram Ads,Delivered,5,5,2025,2,February,1,Tuesday,32.36,Medium
ORD100938,2025-12-12,CUST1025,Home & Kitchen,Coffee Maker,2,2580.95,25,1290.47,3871.43,2677.53,1193.9,Rajasthan,Udaipur,Student,Debit Card,Website,Festival Sale,Delivered,4,3,2025,12,December,4,Friday,30.84,High
ORD100939,2025-11-27,CUST1165,Fashion,T-Shirt,2,1295.95,30,777.57,1814.33,1155.14,659.19,West Bengal,Kolkata,Corporate,Debit Card,Mobile App,Referral,Delivered,4,4,2025,11,November,4,Thursday,36.33,Very High
ORD100940,2025-07-01,CUST1327,Books,Manga,1,969.1,20,193.82,775.28,446.83,328.45,Gujarat,Ahmedabad,Consumer,Net Banking,Marketplace,Referral,Delivered,5,2,2025,7,July,3,Tuesday,42.37,High
ORD100941,2025-10-08,CUST1122,Fashion,Sneakers,1,4630.61,20,926.12,3704.49,2133.03,1571.46,Delhi,New Delhi,Consumer,Net Banking,Mobile App,Referral,Delivered,6,2,2025,10,October,4,Wednesday,42.42,High
ORD100942,2025-02-18,CUST1299,Beauty,Shampoo,1,4241.4,25,1060.35,3181.05,2344.08,836.97,Kerala,Kochi,Corporate,Wallet,Mobile App,Email,Delivered,4,4,2025,2,February,1,Tuesday,26.31,High
ORD100943,2025-09-05,CUST1167,Home & Kitchen,Air Fryer,1,12276.36,15,1841.45,10434.91,6430.12,4004.79,Uttar Pradesh,Noida,Student,Debit Card,Website,Referral,Delivered,1,5,2025,9,September,3,Friday,38.38,Medium
ORD100944,2025-12-09,CUST1299,Electronics,Headphones,1,2286.65,15,0.0,0.0,1296.75,-1296.75,Maharashtra,Pune,Consumer,Debit Card,Mobile App,Instagram Ads,Cancelled,6,4,2025,12,December,4,Tuesday,0.0,Medium
ORD100945,2025-11-06,CUST1226,Electronics,Smartphone,2,18962.28,15,5688.68,32235.88,18424.56,13811.32,Maharashtra,Pune,Consumer,Wallet,Website,Festival Sale,Delivered,1,3,2025,11,November,4,Thursday,42.84,Medium
ORD100946,2025-06-06,CUST1038,Fashion,Sneakers,1,4740.33,20,948.07,3792.26,2995.29,796.97,Uttar Pradesh,Noida,Corporate,Debit Card,Mobile App,Instagram Ads,Delivered,5,5,2025,6,June,2,Friday,21.02,High
ORD100947,2025-04-26,CUST1071,Home & Kitchen,Coffee Maker,1,12509.01,30,3752.7,8756.31,5256.5,3499.81,Delhi,Delhi,Consumer,Net Banking,Website,Google Ads,Delivered,2,4,2025,4,April,2,Saturday,39.97,Very High
ORD100948,2025-06-24,CUST1115,Home & Kitchen,Mixer Grinder,2,610.33,5,61.03,1159.63,801.81,357.82,Maharashtra,Mumbai,Corporate,Credit Card,Website,Email,Delivered,2,5,2025,6,June,2,Tuesday,30.86,Low
ORD100949,2025-09-12,CUST1168,Beauty,Perfume,3,736.3,25,552.22,1656.68,1114.51,542.17,Uttar Pradesh,Lucknow,Consumer,Wallet,Website,Referral,Returned,2,4,2025,9,September,3,Friday,-24.83,High
ORD100950,2025-09-20,CUST1291,Electronics,Laptop,2,38368.67,20,15347.47,61389.87,35213.65,26176.22,Karnataka,Mysuru,Consumer,Debit Card,Website,Referral,Delivered,3,4,2025,9,September,3,Saturday,42.64,High
ORD100951,2025-04-18,CUST1063,Books,Biography,1,2869.06,15,430.36,2438.7,1626.05,812.65,Karnataka,Bengaluru,Consumer,UPI,Mobile App,Google Ads,Returned,1,3,2025,4,April,2,Friday,-25.4,Medium
ORD100952,2025-09-12,CUST1213,Sports,Cricket Bat,1,3473.07,0,0.0,3473.07,2415.0,1058.07,Rajasthan,Jaipur,Consumer,Cash on Delivery,Marketplace,Festival Sale,Delivered,2,4,2025,9,September,3,Friday,30.46,Low
ORD100953,2025-12-09,CUST1196,Beauty,Perfume,1,606.71,5,30.34,576.37,343.6,232.77,Uttar Pradesh,Noida,Consumer,Net Banking,Website,Organic,Returned,3,4,2025,12,December,4,Tuesday,-16.75,Low
ORD100954,2025-09-26,CUST1066,Home & Kitchen,Coffee Maker,1,1744.41,25,436.1,1308.31,780.0,528.31,Uttar Pradesh,Kanpur,Consumer,Wallet,Website,Email,Delivered,4,5,2025,9,September,3,Friday,40.38,High
ORD100955,2025-05-13,CUST1083,Electronics,Laptop,3,29068.66,20,0.0,0.0,55435.65,-55435.65,West Bengal,Siliguri,Consumer,Credit Card,Marketplace,Google Ads,Cancelled,2,4,2025,5,May,2,Tuesday,0.0,High
ORD100956,2025-08-22,CUST1229,Fashion,Dress,1,1223.17,25,305.79,917.38,606.58,310.8,Telangana,Hyderabad,Consumer,Cash on Delivery,Website,Organic,Delivered,3,2,2025,8,August,3,Friday,33.88,High
ORD100957,2025-11-09,CUST1018,Sports,Fitness Band,2,1419.4,20,567.76,2271.04,1522.12,748.92,Uttar Pradesh,Noida,Consumer,Debit Card,Mobile App,Referral,Delivered,3,4,2025,11,November,4,Sunday,32.98,High
ORD100958,2025-07-03,CUST1348,Electronics,Smartphone,1,9228.1,10,922.81,8305.29,4799.86,3505.43,West Bengal,Kolkata,Student,UPI,Mobile App,Referral,Delivered,3,3,2025,7,July,3,Thursday,42.21,Medium
ORD100959,2025-08-13,CUST1273,Electronics,Tablet,1,63748.48,15,0.0,0.0,41892.28,-41892.28,Gujarat,Ahmedabad,Consumer,Cash on Delivery,Website,Google Ads,Cancelled,4,4,2025,8,August,3,Wednesday,0.0,Medium
ORD100960,2025-10-31,CUST1101,Fashion,T-Shirt,1,2484.59,5,124.23,2360.36,1479.76,880.6,Telangana,Warangal,Consumer,Cash on Delivery,Website,Organic,Delivered,3,4,2025,10,October,4,Friday,37.31,Low
ORD100961,2025-02-15,CUST1111,Beauty,Shampoo,1,538.57,20,107.71,430.86,241.81,189.05,Kerala,Thiruvananthapuram,Consumer,Net Banking,Mobile App,Email,Delivered,1,5,2025,2,February,1,Saturday,43.88,High
ORD100962,2025-12-27,CUST1319,Home & Kitchen,Coffee Maker,2,1738.59,5,173.86,3303.32,2121.5,1181.82,Rajasthan,Udaipur,Student,Wallet,Mobile App,Email,Delivered,2,4,2025,12,December,4,Saturday,35.78,Low
ORD100963,2025-10-01,CUST1207,Fashion,Sneakers,4,2499.93,25,2499.93,7499.79,5325.07,2174.72,Delhi,Delhi,Consumer,Credit Card,Marketplace,Referral,Returned,6,5,2025,10,October,4,Wednesday,-25.31,High
ORD100964,2025-01-08,CUST1311,Electronics,Headphones,1,80825.39,30,24247.62,56577.77,44147.04,12430.73,Delhi,New Delhi,Consumer,UPI,Website,Referral,Delivered,4,5,2025,1,January,1,Wednesday,21.97,Very High
ORD100965,2025-01-07,CUST1076,Beauty,Moisturizer,2,3000.05,15,900.02,5100.08,4029.51,1070.57,Tamil Nadu,Chennai,Corporate,Credit Card,Mobile App,Instagram Ads,Delivered,3,4,2025,1,January,1,Tuesday,20.99,Medium
ORD100966,2025-08-31,CUST1242,Fashion,T-Shirt,2,470.35,0,0.0,940.7,670.45,270.25,Telangana,Hyderabad,Consumer,Wallet,Mobile App,Email,Delivered,3,3,2025,8,August,3,Sunday,28.73,Low
ORD100967,2025-04-17,CUST1296,Home & Kitchen,Air Fryer,2,3367.35,20,1346.94,5387.76,3757.94,1629.82,Gujarat,Surat,Consumer,Cash on Delivery,Marketplace,Referral,Returned,4,3,2025,4,April,2,Thursday,-16.13,High
ORD100968,2025-10-20,CUST1262,Electronics,Headphones,1,19507.53,30,5852.26,13655.27,9495.72,4159.55,Kerala,Kochi,Consumer,Debit Card,Website,Organic,Delivered,4,3,2025,10,October,4,Monday,30.46,Very High
ORD100969,2025-03-24,CUST1075,Home & Kitchen,Coffee Maker,1,11528.32,15,0.0,0.0,6459.64,-6459.64,Kerala,Thiruvananthapuram,Corporate,Credit Card,Mobile App,Organic,Cancelled,4,2,2025,3,March,1,Monday,0.0,Medium
ORD100970,2025-12-10,CUST1046,Fashion,Sneakers,2,459.73,20,183.89,735.57,528.65,206.92,West Bengal,Kolkata,Corporate,Debit Card,Mobile App,Referral,Returned,3,3,2025,12,December,4,Wednesday,-8.72,High
ORD100971,2025-08-12,CUST1267,Electronics,Smart Watch,1,846.11,15,126.92,719.19,406.43,312.76,Telangana,Hyderabad,Consumer,UPI,Mobile App,Google Ads,Delivered,1,4,2025,8,August,3,Tuesday,43.49,Medium
ORD100972,2025-07-21,CUST1094,Fashion,Jacket,3,5772.37,5,0.0,0.0,12151.13,-12151.13,West Bengal,Kolkata,Consumer,Credit Card,Mobile App,Google Ads,Cancelled,2,3,2025,7,July,3,Monday,0.0,Low
ORD100973,2025-09-02,CUST1126,Electronics,Tablet,2,1692.13,10,338.43,3045.83,2214.62,831.21,Telangana,Warangal,Consumer,Credit Card,Website,Google Ads,Returned,2,5,2025,9,September,3,Tuesday,-30.66,Medium
ORD100974,2025-10-02,CUST1083,Electronics,Headphones,1,5414.68,25,1353.67,4061.01,2859.25,1201.76,Tamil Nadu,Coimbatore,Corporate,Cash on Delivery,Mobile App,Organic,Returned,1,5,2025,10,October,4,Thursday,-17.16,High
ORD100975,2025-05-21,CUST1165,Fashion,Jacket,1,1600.88,10,160.09,1440.79,1078.75,362.04,Rajasthan,Udaipur,Corporate,Wallet,Marketplace,Email,Delivered,7,5,2025,5,May,2,Wednesday,25.13,Medium
ORD100976,2025-04-07,CUST1021,Home & Kitchen,Mixer Grinder,3,1990.67,25,1493.0,4479.01,2950.13,1528.88,Karnataka,Mysuru,Consumer,Cash on Delivery,Website,Referral,Delivered,4,3,2025,4,April,2,Monday,34.13,High
ORD100977,2025-10-26,CUST1118,Books,Self Help Book,3,1446.22,20,867.73,3470.93,2031.81,1439.12,Karnataka,Mangaluru,Consumer,Credit Card,Website,Email,Delivered,4,4,2025,10,October,4,Sunday,41.46,High
ORD100978,2025-09-27,CUST1154,Electronics,Laptop,1,83459.15,25,20864.79,62594.36,47850.62,14743.74,Uttar Pradesh,Noida,Corporate,Net Banking,Mobile App,Referral,Delivered,2,5,2025,9,September,3,Saturday,23.55,High
ORD100979,2025-11-08,CUST1335,Fashion,T-Shirt,1,3991.7,10,399.17,3592.53,2690.89,901.64,West Bengal,Kolkata,Consumer,Cash on Delivery,Mobile App,Festival Sale,Delivered,6,4,2025,11,November,4,Saturday,25.1,Medium
ORD100980,2025-09-30,CUST1182,Fashion,Jacket,2,3928.41,10,785.68,7071.14,5319.65,1751.49,Telangana,Hyderabad,Corporate,Debit Card,Mobile App,Referral,Delivered,3,3,2025,9,September,3,Tuesday,24.77,Medium
ORD100981,2025-01-05,CUST1209,Fashion,T-Shirt,1,4721.48,10,472.15,4249.33,2699.8,1549.53,Telangana,Hyderabad,Student,Credit Card,Website,Referral,Delivered,1,5,2025,1,January,1,Sunday,36.47,Medium
ORD100982,2025-01-21,CUST1282,Home & Kitchen,Cookware Set,2,7049.05,15,2114.72,11983.38,7501.8,4481.58,Tamil Nadu,Madurai,Consumer,Wallet,Mobile App,Google Ads,Delivered,7,2,2025,1,January,1,Tuesday,37.4,Medium
ORD100983,2025-12-01,CUST1214,Electronics,Smart Watch,3,66266.1,15,29819.75,168978.55,93290.89,75687.66,Uttar Pradesh,Lucknow,Consumer,Wallet,Website,Organic,Delivered,2,4,2025,12,December,4,Monday,44.79,Medium
ORD100984,2025-04-10,CUST1212,Electronics,Laptop,1,3123.46,5,156.17,2967.29,1893.06,1074.23,Telangana,Warangal,Consumer,Net Banking,Marketplace,Festival Sale,Returned,2,5,2025,4,April,2,Thursday,-25.09,Low
ORD100985,2025-11-13,CUST1142,Fashion,Dress,3,3313.18,25,2484.88,7454.66,4356.87,3097.79,Uttar Pradesh,Kanpur,Student,Net Banking,Website,Instagram Ads,Returned,2,4,2025,11,November,4,Thursday,-20.08,High
ORD100986,2025-03-19,CUST1081,Home & Kitchen,Vacuum Cleaner,3,5171.4,20,3102.84,12411.36,7982.54,4428.82,Telangana,Hyderabad,Consumer,Net Banking,Mobile App,Organic,Delivered,8,3,2025,3,March,1,Wednesday,35.68,High
ORD100987,2025-07-16,CUST1140,Fashion,Jeans,1,1326.14,0,0.0,0.0,1019.96,-1019.96,Tamil Nadu,Madurai,Consumer,Cash on Delivery,Marketplace,Organic,Cancelled,2,4,2025,7,July,3,Wednesday,0.0,Low
ORD100988,2025-09-28,CUST1236,Books,Fiction Book,1,307.12,20,61.42,245.7,183.49,62.21,Karnataka,Mangaluru,Student,Cash on Delivery,Website,Referral,Delivered,6,4,2025,9,September,3,Sunday,25.32,High
ORD100989,2025-01-13,CUST1001,Beauty,Makeup Kit,1,1113.53,10,111.35,1002.18,680.56,321.62,Rajasthan,Udaipur,Consumer,Cash on Delivery,Marketplace,Email,Delivered,2,4,2025,1,January,1,Monday,32.09,Medium
ORD100990,2025-06-15,CUST1033,Books,Manga,2,225.55,10,0.0,0.0,251.56,-251.56,Gujarat,Ahmedabad,Consumer,Net Banking,Website,Organic,Cancelled,3,4,2025,6,June,2,Sunday,0.0,Medium
ORD100991,2025-04-25,CUST1262,Electronics,Headphones,1,2758.86,0,0.0,2758.86,1793.69,965.17,Uttar Pradesh,Kanpur,Student,Debit Card,Mobile App,Email,Delivered,6,3,2025,4,April,2,Friday,34.98,Low
ORD100992,2025-02-09,CUST1161,Home & Kitchen,Coffee Maker,1,5216.8,10,0.0,0.0,3605.73,-3605.73,Rajasthan,Jaipur,Student,Debit Card,Website,Email,Cancelled,3,4,2025,2,February,1,Sunday,0.0,Medium
ORD100993,2025-08-21,CUST1252,Home & Kitchen,Coffee Maker,2,1478.4,0,0.0,2956.8,2237.73,719.07,Delhi,Delhi,Consumer,Cash on Delivery,Website,Email,Delivered,4,4,2025,8,August,3,Thursday,24.32,Low
ORD100994,2025-01-21,CUST1160,Electronics,Headphones,2,7228.45,0,0.0,14456.9,10215.92,4240.98,Delhi,New Delhi,Consumer,UPI,Website,Google Ads,Delivered,5,3,2025,1,January,1,Tuesday,29.34,Low
ORD100995,2025-06-22,CUST1255,Beauty,Face Wash,3,314.58,25,235.94,707.8,454.74,253.06,West Bengal,Kolkata,Consumer,Wallet,Marketplace,Organic,Delivered,3,2,2025,6,June,2,Sunday,35.75,High
ORD100996,2025-10-08,CUST1088,Fashion,Dress,1,562.57,0,0.0,562.57,321.01,241.56,Tamil Nadu,Coimbatore,Consumer,Credit Card,Mobile App,Google Ads,Delivered,3,4,2025,10,October,4,Wednesday,42.94,Low
ORD100997,2025-09-28,CUST1139,Books,Technical Book,2,908.94,0,0.0,1817.88,1034.16,783.72,West Bengal,Kolkata,Student,Debit Card,Mobile App,Festival Sale,Delivered,4,4,2025,9,September,3,Sunday,43.11,Low
ORD100998,2025-07-28,CUST1180,Books,Self Help Book,2,359.64,15,0.0,0.0,421.03,-421.03,Kerala,Thiruvananthapuram,Consumer,UPI,Mobile App,Organic,Cancelled,2,4,2025,7,July,3,Monday,0.0,Medium
ORD100999,2025-12-28,CUST1239,Fashion,T-Shirt,1,1065.75,30,319.73,746.02,598.39,147.63,Maharashtra,Nagpur,Consumer,Cash on Delivery,Mobile App,Google Ads,Delivered,2,5,2025,12,December,4,Sunday,19.79,Very High
ORD101000,2025-11-30,CUST1273,Home & Kitchen,Mixer Grinder,1,5893.35,0,0.0,0.0,4423.41,-4423.41,Maharashtra,Pune,Consumer,Wallet,Mobile App,Google Ads,Cancelled,3,4,2025,11,November,4,Sunday,0.0,Low
ORD101001,2025-08-13,CUST1164,Fashion,Jacket,1,1038.87,10,103.89,934.98,661.15,273.83,Maharashtra,Mumbai,Consumer,Debit Card,Website,Organic,Delivered,2,5,2025,8,August,3,Wednesday,29.29,Medium
ORD101002,2025-11-20,CUST1146,Beauty,Moisturizer,1,1993.44,5,99.67,1893.77,1149.09,744.68,West Bengal,Siliguri,Consumer,Cash on Delivery,Website,Google Ads,Delivered,2,2,2025,11,November,4,Thursday,39.32,Low
ORD101003,2025-04-13,CUST1068,Beauty,Shampoo,1,4675.49,5,0.0,0.0,2685.46,-2685.46,Gujarat,Vadodara,Corporate,UPI,Mobile App,Festival Sale,Cancelled,4,4,2025,4,April,2,Sunday,0.0,Low
ORD101004,2025-12-25,CUST1320,Home & Kitchen,Vacuum Cleaner,1,2875.99,20,575.2,2300.79,1798.31,502.48,Telangana,Hyderabad,Student,UPI,Website,Instagram Ads,Delivered,4,2,2025,12,December,4,Thursday,21.84,High
ORD101005,2025-01-31,CUST1053,Electronics,Laptop,2,5331.76,25,2665.88,7997.64,6190.8,1806.84,Rajasthan,Jaipur,Consumer,Net Banking,Website,Google Ads,Delivered,2,5,2025,1,January,1,Friday,22.59,High
ORD101006,2025-10-03,CUST1121,Fashion,Dress,3,6544.79,30,0.0,0.0,11101.72,-11101.72,Gujarat,Vadodara,Consumer,Cash on Delivery,Marketplace,Instagram Ads,Cancelled,2,3,2025,10,October,4,Friday,0.0,Very High
ORD101007,2025-12-12,CUST1047,Books,Manga,1,417.23,10,41.72,375.51,224.86,150.65,West Bengal,Kolkata,Student,Cash on Delivery,Mobile App,Referral,Delivered,4,5,2025,12,December,4,Friday,40.12,Medium
ORD101008,2025-01-05,CUST1152,Sports,Cricket Bat,3,7176.92,5,1076.54,20454.22,13436.37,7017.85,Rajasthan,Udaipur,Corporate,Wallet,Mobile App,Google Ads,Returned,6,5,2025,1,January,1,Sunday,-12.0,Low
ORD101009,2025-07-17,CUST1249,Fashion,Jeans,1,2574.83,30,0.0,0.0,1350.84,-1350.84,Kerala,Thiruvananthapuram,Consumer,Debit Card,Mobile App,Organic,Cancelled,3,4,2025,7,July,3,Thursday,0.0,Very High
ORD101010,2025-11-25,CUST1240,Home & Kitchen,Vacuum Cleaner,2,9893.88,15,2968.16,16819.6,10696.87,6122.73,Tamil Nadu,Chennai,Consumer,Wallet,Marketplace,Referral,Delivered,8,4,2025,11,November,4,Tuesday,36.4,Medium
ORD101011,2025-08-14,CUST1266,Fashion,Jeans,4,485.49,15,291.29,1650.67,1089.5,561.17,Kerala,Kochi,Consumer,UPI,Mobile App,Google Ads,Delivered,4,4,2025,8,August,3,Thursday,34.0,Medium
ORD101012,2025-04-23,CUST1230,Electronics,Headphones,1,2307.44,15,346.12,1961.32,1389.19,572.13,Rajasthan,Udaipur,Consumer,Credit Card,Mobile App,Festival Sale,Delivered,4,5,2025,4,April,2,Wednesday,29.17,Medium
ORD101013,2025-05-17,CUST1066,Electronics,Smartphone,1,6000.2,10,600.02,5400.18,3546.09,1854.09,Kerala,Thiruvananthapuram,Corporate,Net Banking,Website,Referral,Delivered,2,4,2025,5,May,2,Saturday,34.33,Medium
ORD101014,2025-07-12,CUST1259,Electronics,Tablet,2,1521.68,30,913.01,2130.35,1559.22,571.13,Gujarat,Ahmedabad,Consumer,Credit Card,Mobile App,Instagram Ads,Delivered,8,4,2025,7,July,3,Saturday,26.81,Very High
ORD101015,2025-09-27,CUST1255,Home & Kitchen,Vacuum Cleaner,1,507.26,5,0.0,0.0,293.38,-293.38,Maharashtra,Pune,Consumer,UPI,Mobile App,Festival Sale,Cancelled,4,5,2025,9,September,3,Saturday,0.0,Low
ORD101016,2025-01-09,CUST1096,Books,Manga,2,1888.71,0,0.0,3777.42,3016.17,761.25,Telangana,Hyderabad,Consumer,UPI,Marketplace,Referral,Delivered,3,4,2025,1,January,1,Thursday,20.15,Low
ORD101017,2025-12-27,CUST1202,Fashion,Sneakers,1,2378.27,20,475.65,1902.62,1319.77,582.85,Kerala,Kochi,Student,UPI,Mobile App,Organic,Delivered,2,4,2025,12,December,4,Saturday,30.63,High
ORD101018,2025-01-21,CUST1216,Fashion,Sneakers,1,1081.67,10,108.17,973.5,781.2,192.3,Kerala,Thiruvananthapuram,Consumer,Wallet,Mobile App,Referral,Delivered,4,4,2025,1,January,1,Tuesday,19.75,Medium
ORD101019,2025-05-12,CUST1084,Sports,Yoga Mat,2,569.58,0,0.0,1139.16,891.76,247.4,Telangana,Hyderabad,Corporate,Debit Card,Website,Organic,Delivered,4,3,2025,5,May,2,Monday,21.72,Low
ORD101020,2025-02-17,CUST1004,Electronics,Laptop,1,7096.36,10,709.64,6386.72,3911.49,2475.23,Maharashtra,Nagpur,Consumer,UPI,Mobile App,Festival Sale,Delivered,2,3,2025,2,February,1,Monday,38.76,Medium
ORD101021,2025-10-03,CUST1226,Electronics,Smartphone,3,4646.11,20,2787.67,11150.66,8469.3,2681.36,Kerala,Kochi,Corporate,UPI,Mobile App,Organic,Delivered,1,4,2025,10,October,4,Friday,24.05,High
ORD101022,2025-11-03,CUST1072,Beauty,Perfume,2,696.15,10,139.23,1253.07,750.53,502.54,Uttar Pradesh,Lucknow,Consumer,UPI,Website,Organic,Delivered,4,4,2025,11,November,4,Monday,40.1,Medium
ORD101023,2025-08-31,CUST1138,Fashion,Jacket,1,690.36,10,0.0,0.0,457.21,-457.21,West Bengal,Kolkata,Student,Cash on Delivery,Website,Festival Sale,Cancelled,7,4,2025,8,August,3,Sunday,0.0,Medium
ORD101024,2025-04-03,CUST1107,Fashion,Dress,1,1183.98,5,59.2,1124.78,706.26,418.52,Uttar Pradesh,Lucknow,Corporate,UPI,Website,Instagram Ads,Delivered,3,5,2025,4,April,2,Thursday,37.21,Low
ORD101025,2025-01-09,CUST1292,Sports,Dumbbells,3,607.63,20,364.58,1458.31,1112.65,345.66,Telangana,Warangal,Student,Debit Card,Marketplace,Festival Sale,Delivered,2,4,2025,1,January,1,Thursday,23.7,High
ORD101026,2025-03-05,CUST1202,Books,Self Help Book,1,616.65,0,0.0,616.65,379.52,237.13,West Bengal,Kolkata,Corporate,Cash on Delivery,Marketplace,Referral,Delivered,3,3,2025,3,March,1,Wednesday,38.45,Low
ORD101027,2025-03-06,CUST1061,Sports,Dumbbells,3,9268.36,25,6951.27,20853.81,12782.94,8070.87,Telangana,Warangal,Consumer,Credit Card,Mobile App,Google Ads,Returned,3,4,2025,3,March,1,Thursday,-9.62,High
ORD101028,2025-06-15,CUST1310,Sports,Fitness Band,1,2048.42,25,512.1,1536.32,1010.18,526.14,Uttar Pradesh,Kanpur,Corporate,Net Banking,Mobile App,Festival Sale,Delivered,4,3,2025,6,June,2,Sunday,34.25,High
ORD101029,2025-08-03,CUST1250,Home & Kitchen,Vacuum Cleaner,1,2560.16,0,0.0,2560.16,1495.89,1064.27,Maharashtra,Nagpur,Consumer,UPI,Website,Google Ads,Returned,4,3,2025,8,August,3,Sunday,-24.7,Low
ORD101030,2025-08-10,CUST1338,Sports,Dumbbells,2,3303.96,5,0.0,0.0,4567.01,-4567.01,Uttar Pradesh,Noida,Student,UPI,Mobile App,Referral,Cancelled,8,4,2025,8,August,3,Sunday,0.0,Low
ORD101031,2025-02-18,CUST1348,Fashion,Sneakers,4,2988.6,10,1195.44,10758.96,6858.44,3900.52,Kerala,Thiruvananthapuram,Corporate,Credit Card,Marketplace,Instagram Ads,Delivered,6,4,2025,2,February,1,Tuesday,36.25,Medium
ORD101032,2025-12-24,CUST1188,Electronics,Smart Watch,1,48911.72,10,4891.17,44020.55,33155.4,10865.15,Telangana,Warangal,Consumer,Net Banking,Mobile App,Referral,Delivered,3,4,2025,12,December,4,Wednesday,24.68,Medium
ORD101033,2025-01-18,CUST1247,Home & Kitchen,Air Fryer,2,14475.89,20,5790.36,23161.42,14239.88,8921.54,Delhi,New Delhi,Consumer,UPI,Website,Referral,Delivered,2,5,2025,1,January,1,Saturday,38.52,High
ORD101034,2025-01-04,CUST1054,Sports,Yoga Mat,1,1653.64,0,0.0,1653.64,1185.84,467.8,Uttar Pradesh,Noida,Consumer,Net Banking,Marketplace,Organic,Delivered,4,2,2025,1,January,1,Saturday,28.29,Low
ORD101035,2025-12-03,CUST1248,Fashion,Jacket,1,4099.76,15,0.0,0.0,2353.4,-2353.4,Maharashtra,Pune,Consumer,Debit Card,Mobile App,Festival Sale,Cancelled,2,4,2025,12,December,4,Wednesday,0.0,Medium
ORD101036,2025-02-10,CUST1255,Fashion,T-Shirt,1,3776.19,15,566.43,3209.76,2024.22,1185.54,Kerala,Kochi,Consumer,Credit Card,Mobile App,Instagram Ads,Delivered,3,2,2025,2,February,1,Monday,36.94,Medium
ORD101037,2025-06-25,CUST1020,Electronics,Headphones,3,1320.43,0,0.0,3961.29,2728.37,1232.92,Uttar Pradesh,Lucknow,Corporate,UPI,Website,Email,Delivered,4,1,2025,6,June,2,Wednesday,31.12,Low
ORD101038,2025-07-27,CUST1206,Books,Manga,1,593.63,20,118.73,474.9,267.4,207.5,Rajasthan,Udaipur,Corporate,UPI,Website,Instagram Ads,Delivered,2,4,2025,7,July,3,Sunday,43.69,High
ORD101039,2025-09-21,CUST1027,Home & Kitchen,Coffee Maker,1,3067.97,5,153.4,2914.57,2157.73,756.84,Maharashtra,Nagpur,Consumer,Cash on Delivery,Website,Instagram Ads,Delivered,4,4,2025,9,September,3,Sunday,25.97,Low
ORD101040,2025-03-26,CUST1183,Sports,Dumbbells,1,677.65,10,67.76,609.89,443.25,166.64,Tamil Nadu,Madurai,Consumer,Debit Card,Marketplace,Festival Sale,Delivered,6,4,2025,3,March,1,Wednesday,27.32,Medium
ORD101041,2025-11-06,CUST1127,Home & Kitchen,Coffee Maker,1,3611.79,0,0.0,3611.79,2348.39,1263.4,West Bengal,Siliguri,Consumer,Net Banking,Mobile App,Google Ads,Delivered,2,2,2025,11,November,4,Thursday,34.98,Low
ORD101042,2025-01-30,CUST1087,Books,Fiction Book,1,263.67,15,39.55,224.12,171.02,53.1,Maharashtra,Pune,Corporate,UPI,Mobile App,Google Ads,Delivered,2,4,2025,1,January,1,Thursday,23.69,Medium
ORD101043,2025-09-21,CUST1062,Fashion,T-Shirt,2,708.67,0,0.0,1417.34,968.57,448.77,Delhi,Delhi,Consumer,Credit Card,Marketplace,Organic,Delivered,4,3,2025,9,September,3,Sunday,31.66,Low
ORD101044,2025-08-14,CUST1283,Electronics,Smart Watch,1,70672.73,5,3533.64,67139.09,49247.36,17891.73,Uttar Pradesh,Lucknow,Corporate,Cash on Delivery,Mobile App,Google Ads,Delivered,7,5,2025,8,August,3,Thursday,26.65,Low
ORD101045,2025-08-22,CUST1321,Electronics,Smartphone,2,45912.53,15,13773.76,78051.3,44465.76,33585.54,Telangana,Warangal,Consumer,Net Banking,Website,Google Ads,Delivered,3,5,2025,8,August,3,Friday,43.03,Medium
ORD101046,2025-06-17,CUST1186,Beauty,Shampoo,3,1234.84,10,370.45,3334.07,2102.35,1231.72,Delhi,Delhi,Consumer,Cash on Delivery,Mobile App,Google Ads,Returned,1,2,2025,6,June,2,Tuesday,-13.36,Medium
ORD101047,2025-07-24,CUST1040,Electronics,Laptop,1,5415.56,10,541.56,4874.0,3913.06,960.94,Maharashtra,Nagpur,Student,Cash on Delivery,Website,Google Ads,Delivered,3,4,2025,7,July,3,Thursday,19.72,Medium
ORD101048,2025-10-31,CUST1282,Electronics,Smart Watch,2,1145.11,25,572.55,1717.67,1192.79,524.88,Kerala,Thiruvananthapuram,Consumer,Debit Card,Website,Email,Returned,6,4,2025,10,October,4,Friday,-10.04,High
ORD101049,2025-05-16,CUST1211,Electronics,Tablet,2,49769.58,10,9953.92,89585.24,52488.99,37096.25,Karnataka,Mangaluru,Consumer,Cash on Delivery,Website,Google Ads,Delivered,3,3,2025,5,May,2,Friday,41.41,Medium
ORD101050,2025-10-07,CUST1176,Sports,Fitness Band,2,5231.63,10,1046.33,9416.93,6425.5,2991.43,Uttar Pradesh,Lucknow,Consumer,Net Banking,Marketplace,Email,Delivered,1,3,2025,10,October,4,Tuesday,31.77,Medium
ORD101051,2025-11-23,CUST1063,Electronics,Smartphone,1,69540.62,0,0.0,69540.62,53684.62,15856.0,Tamil Nadu,Chennai,Consumer,Net Banking,Mobile App,Instagram Ads,Returned,6,5,2025,11,November,4,Sunday,-32.84,Low
ORD101052,2025-01-29,CUST1028,Sports,Yoga Mat,1,7726.58,10,772.66,6953.92,4538.35,2415.57,Tamil Nadu,Coimbatore,Consumer,Debit Card,Website,Festival Sale,Delivered,4,4,2025,1,January,1,Wednesday,34.74,Medium
ORD101053,2025-01-16,CUST1210,Home & Kitchen,Mixer Grinder,1,832.02,10,83.2,748.82,435.26,313.56,Maharashtra,Pune,Corporate,Wallet,Mobile App,Festival Sale,Returned,3,4,2025,1,January,1,Thursday,-9.54,Medium
ORD101054,2025-11-06,CUST1214,Electronics,Smart Watch,1,9835.36,15,1475.3,8360.06,5195.58,3164.48,Maharashtra,Pune,Consumer,Wallet,Website,Referral,Delivered,4,4,2025,11,November,4,Thursday,37.85,Medium
ORD101055,2025-04-08,CUST1077,Fashion,Jeans,1,5788.7,15,868.3,4920.4,3579.68,1340.72,Telangana,Warangal,Consumer,Cash on Delivery,Marketplace,Organic,Returned,6,5,2025,4,April,2,Tuesday,-24.31,Medium
ORD101056,2025-03-27,CUST1323,Books,Biography,1,1500.59,15,225.09,1275.5,897.26,378.24,Telangana,Warangal,Consumer,Wallet,Marketplace,Email,Returned,5,5,2025,3,March,1,Thursday,-33.96,Medium
ORD101057,2025-11-07,CUST1257,Electronics,Laptop,4,917.17,5,183.43,3485.25,2550.79,934.46,Maharashtra,Nagpur,Student,Wallet,Website,Email,Delivered,3,3,2025,11,November,4,Friday,26.81,Low
ORD101058,2025-12-18,CUST1054,Electronics,Smartphone,4,32209.31,30,38651.17,90186.07,67761.56,22424.51,West Bengal,Siliguri,Consumer,Wallet,Marketplace,Referral,Delivered,6,3,2025,12,December,4,Thursday,24.86,Very High
ORD101059,2025-10-17,CUST1339,Electronics,Smart Watch,1,26513.67,10,2651.37,23862.3,13352.79,10509.51,West Bengal,Siliguri,Consumer,Credit Card,Mobile App,Festival Sale,Returned,3,5,2025,10,October,4,Friday,-24.18,Medium
ORD101060,2025-07-06,CUST1033,Home & Kitchen,Cookware Set,2,17735.17,10,3547.03,31923.31,21302.93,10620.38,Maharashtra,Mumbai,Consumer,UPI,Mobile App,Festival Sale,Delivered,3,1,2025,7,July,3,Sunday,33.27,Medium
ORD101061,2025-07-19,CUST1315,Electronics,Laptop,1,6104.21,15,915.63,5188.58,3723.28,1465.3,Maharashtra,Pune,Consumer,Wallet,Website,Organic,Delivered,3,5,2025,7,July,3,Saturday,28.24,Medium
ORD101062,2025-10-21,CUST1184,Home & Kitchen,Vacuum Cleaner,1,642.13,5,0.0,0.0,436.38,-436.38,Telangana,Hyderabad,Consumer,Cash on Delivery,Website,Referral,Cancelled,5,5,2025,10,October,4,Tuesday,0.0,Low
ORD101063,2025-09-03,CUST1288,Home & Kitchen,Cookware Set,1,6181.35,5,309.07,5872.28,4464.13,1408.15,Tamil Nadu,Madurai,Consumer,Cash on Delivery,Website,Organic,Delivered,3,4,2025,9,September,3,Wednesday,23.98,Low
ORD101064,2025-05-18,CUST1223,Electronics,Headphones,1,5122.58,10,512.26,4610.32,2929.77,1680.55,Uttar Pradesh,Lucknow,Student,Cash on Delivery,Mobile App,Organic,Delivered,5,5,2025,5,May,2,Sunday,36.45,Medium
ORD101065,2025-03-11,CUST1299,Books,Technical Book,1,788.8,25,0.0,0.0,470.35,-470.35,Gujarat,Ahmedabad,Corporate,Credit Card,Mobile App,Festival Sale,Cancelled,2,2,2025,3,March,1,Tuesday,0.0,High
ORD101066,2025-06-08,CUST1082,Fashion,T-Shirt,1,551.8,5,27.59,524.21,413.92,110.29,Delhi,Delhi,Corporate,Credit Card,Mobile App,Google Ads,Returned,4,5,2025,6,June,2,Sunday,-21.97,Low
ORD101067,2025-01-12,CUST1155,Fashion,Sneakers,1,1233.63,10,123.36,1110.27,614.58,495.69,Kerala,Thiruvananthapuram,Consumer,Wallet,Mobile App,Organic,Delivered,4,5,2025,1,January,1,Sunday,44.65,Medium
ORD101068,2025-09-03,CUST1052,Fashion,Jacket,1,944.43,5,47.22,897.21,605.38,291.83,Rajasthan,Udaipur,Consumer,Net Banking,Marketplace,Organic,Returned,5,1,2025,9,September,3,Wednesday,-31.51,Low
ORD101069,2025-02-06,CUST1125,Home & Kitchen,Coffee Maker,2,13016.29,15,0.0,0.0,16412.77,-16412.77,Rajasthan,Udaipur,Student,Debit Card,Mobile App,Instagram Ads,Cancelled,4,2,2025,2,February,1,Thursday,0.0,Medium
ORD101070,2025-09-13,CUST1319,Sports,Cricket Bat,1,11817.66,25,2954.42,8863.24,6065.93,2797.31,Delhi,New Delhi,Student,Wallet,Website,Organic,Delivered,3,4,2025,9,September,3,Saturday,31.56,High
ORD101071,2025-12-09,CUST1003,Electronics,Smart Watch,3,8436.55,15,3796.45,21513.2,17368.25,4144.95,Uttar Pradesh,Noida,Consumer,UPI,Website,Google Ads,Delivered,3,3,2025,12,December,4,Tuesday,19.27,Medium
ORD101072,2025-01-02,CUST1086,Sports,Cricket Bat,1,4920.59,15,738.09,4182.5,3268.39,914.11,Tamil Nadu,Madurai,Student,Credit Card,Mobile App,Festival Sale,Returned,4,2,2025,1,January,1,Thursday,-28.54,Medium
ORD101073,2025-08-02,CUST1211,Home & Kitchen,Air Fryer,1,10626.54,15,1593.98,9032.56,6764.22,2268.34,Gujarat,Ahmedabad,Consumer,UPI,Website,Festival Sale,Delivered,1,2,2025,8,August,3,Saturday,25.11,Medium
ORD101074,2025-06-28,CUST1230,Fashion,Dress,1,2633.35,10,0.0,0.0,1773.62,-1773.62,Delhi,Delhi,Consumer,Debit Card,Mobile App,Google Ads,Cancelled,4,5,2025,6,June,2,Saturday,0.0,Medium
ORD101075,2025-04-12,CUST1075,Electronics,Tablet,1,9575.63,15,1436.34,8139.29,5897.97,2241.32,Uttar Pradesh,Kanpur,Consumer,Debit Card,Marketplace,Organic,Delivered,4,5,2025,4,April,2,Saturday,27.54,Medium
ORD101076,2025-07-20,CUST1041,Electronics,Laptop,2,1994.4,20,797.76,3191.04,2359.49,831.55,Karnataka,Mysuru,Corporate,Debit Card,Mobile App,Google Ads,Delivered,1,4,2025,7,July,3,Sunday,26.06,High
ORD101077,2025-10-27,CUST1252,Books,Self Help Book,1,299.69,10,29.97,269.72,171.79,97.93,West Bengal,Kolkata,Consumer,Wallet,Website,Email,Delivered,3,2,2025,10,October,4,Monday,36.31,Medium
ORD101078,2025-02-05,CUST1068,Sports,Dumbbells,2,10526.77,25,5263.38,15790.16,9939.67,5850.49,West Bengal,Siliguri,Corporate,Net Banking,Marketplace,Organic,Delivered,6,4,2025,2,February,1,Wednesday,37.05,High
ORD101079,2025-03-07,CUST1163,Home & Kitchen,Vacuum Cleaner,1,1880.79,0,0.0,1880.79,1320.05,560.74,Uttar Pradesh,Kanpur,Consumer,Credit Card,Mobile App,Organic,Returned,2,3,2025,3,March,1,Friday,-27.66,Low
ORD101080,2025-11-28,CUST1080,Fashion,Dress,1,5504.82,5,275.24,5229.58,4212.55,1017.03,Gujarat,Surat,Consumer,UPI,Website,Referral,Delivered,6,4,2025,11,November,4,Friday,19.45,Low
ORD101081,2025-11-06,CUST1184,Electronics,Smartphone,2,12438.25,10,2487.65,22388.85,14907.14,7481.71,Kerala,Kochi,Student,UPI,Mobile App,Organic,Returned,3,3,2025,11,November,4,Thursday,-9.0,Medium
ORD101082,2025-06-29,CUST1100,Electronics,Smart Watch,1,2511.8,15,376.77,2135.03,1452.39,682.64,Gujarat,Vadodara,Consumer,Wallet,Mobile App,Google Ads,Delivered,7,4,2025,6,June,2,Sunday,31.97,Medium
ORD101083,2025-02-24,CUST1269,Books,Technical Book,1,205.43,5,0.0,0.0,120.31,-120.31,Delhi,Delhi,Consumer,Credit Card,Website,Organic,Cancelled,4,3,2025,2,February,1,Monday,0.0,Low
ORD101084,2025-04-07,CUST1057,Fashion,T-Shirt,2,6176.49,10,1235.3,11117.68,6923.52,4194.16,Gujarat,Ahmedabad,Consumer,Net Banking,Mobile App,Email,Delivered,3,4,2025,4,April,2,Monday,37.73,Medium
ORD101085,2025-01-09,CUST1188,Sports,Running Shoes,1,6476.24,5,323.81,6152.43,3807.13,2345.3,Kerala,Thiruvananthapuram,Consumer,Net Banking,Mobile App,Google Ads,Returned,4,3,2025,1,January,1,Thursday,-7.8,Low
ORD101086,2025-07-07,CUST1060,Sports,Cricket Bat,2,1501.99,10,300.4,2703.58,2036.96,666.62,West Bengal,Kolkata,Student,Cash on Delivery,Website,Email,Delivered,4,3,2025,7,July,3,Monday,24.66,Medium
ORD101087,2025-08-17,CUST1243,Sports,Fitness Band,1,1676.86,20,335.37,1341.49,767.79,573.7,Uttar Pradesh,Lucknow,Corporate,Debit Card,Marketplace,Google Ads,Delivered,2,5,2025,8,August,3,Sunday,42.77,High
ORD101088,2025-03-09,CUST1012,Sports,Yoga Mat,1,1419.62,10,141.96,1277.66,926.11,351.55,Kerala,Thiruvananthapuram,Consumer,Wallet,Website,Google Ads,Delivered,4,5,2025,3,March,1,Sunday,27.52,Medium
ORD101089,2025-10-06,CUST1004,Electronics,Laptop,1,5055.25,0,0.0,5055.25,3873.45,1181.8,Delhi,New Delhi,Consumer,Wallet,Mobile App,Instagram Ads,Delivered,1,4,2025,10,October,4,Monday,23.38,Low
ORD101090,2025-12-06,CUST1193,Fashion,Sneakers,1,1091.59,0,0.0,1091.59,676.89,414.7,Karnataka,Mysuru,Consumer,Credit Card,Mobile App,Email,Delivered,2,4,2025,12,December,4,Saturday,37.99,Low
ORD101091,2025-09-07,CUST1158,Electronics,Tablet,1,3570.31,10,357.03,3213.28,2317.61,895.67,Gujarat,Surat,Student,Debit Card,Marketplace,Organic,Returned,5,5,2025,9,September,3,Sunday,-22.34,Medium
ORD101092,2025-10-27,CUST1240,Books,Self Help Book,2,1052.71,0,0.0,2105.42,1640.21,465.21,West Bengal,Siliguri,Consumer,Wallet,Marketplace,Instagram Ads,Delivered,3,4,2025,10,October,4,Monday,22.1,Low
ORD101093,2025-06-16,CUST1166,Home & Kitchen,Air Fryer,3,6014.66,15,2706.6,15337.38,11595.93,3741.45,Kerala,Thiruvananthapuram,Consumer,Debit Card,Marketplace,Organic,Delivered,3,5,2025,6,June,2,Monday,24.39,Medium
ORD101094,2025-01-01,CUST1086,Books,Manga,4,1037.72,5,207.54,3943.34,2947.09,996.25,Gujarat,Ahmedabad,Consumer,Credit Card,Mobile App,Festival Sale,Returned,1,5,2025,1,January,1,Wednesday,-20.15,Low
ORD101095,2025-06-25,CUST1035,Fashion,Jeans,1,757.53,0,0.0,757.53,617.57,139.96,Tamil Nadu,Madurai,Consumer,Wallet,Mobile App,Festival Sale,Delivered,4,4,2025,6,June,2,Wednesday,18.48,Low
ORD101096,2025-07-03,CUST1088,Electronics,Headphones,1,21463.22,0,0.0,21463.22,15292.04,6171.18,West Bengal,Kolkata,Consumer,Wallet,Marketplace,Instagram Ads,Returned,2,5,2025,7,July,3,Thursday,-20.7,Low
ORD101097,2025-10-27,CUST1081,Electronics,Laptop,1,3833.9,5,191.7,3642.2,2891.52,750.68,Kerala,Kochi,Corporate,UPI,Mobile App,Google Ads,Delivered,4,4,2025,10,October,4,Monday,20.61,Low
ORD101098,2025-02-07,CUST1092,Fashion,Sneakers,1,1451.06,10,0.0,0.0,841.15,-841.15,Kerala,Kochi,Corporate,Net Banking,Mobile App,Organic,Cancelled,4,5,2025,2,February,1,Friday,0.0,Medium
ORD101099,2025-05-30,CUST1043,Fashion,T-Shirt,2,2203.69,5,220.37,4187.01,3287.92,899.09,Telangana,Hyderabad,Consumer,Cash on Delivery,Website,Festival Sale,Delivered,4,4,2025,5,May,2,Friday,21.47,Low
ORD101100,2025-12-27,CUST1081,Fashion,Sneakers,2,3568.07,15,1070.42,6065.72,4450.16,1615.56,Uttar Pradesh,Kanpur,Corporate,Debit Card,Mobile App,Instagram Ads,Delivered,4,4,2025,12,December,4,Saturday,26.63,Medium
ORD101101,2025-07-26,CUST1337,Fashion,Jeans,1,1063.41,10,106.34,957.07,743.2,213.87,Karnataka,Mangaluru,Consumer,Credit Card,Website,Instagram Ads,Delivered,3,5,2025,7,July,3,Saturday,22.35,Medium
ORD101102,2025-08-14,CUST1321,Fashion,Dress,1,3751.42,20,750.28,3001.14,1817.74,1183.4,Gujarat,Surat,Consumer,Credit Card,Marketplace,Google Ads,Delivered,4,4,2025,8,August,3,Thursday,39.43,High
ORD101103,2025-01-19,CUST1242,Electronics,Smart Watch,1,12285.92,5,614.3,11671.62,7357.43,4314.19,Maharashtra,Pune,Consumer,UPI,Marketplace,Organic,Delivered,3,4,2025,1,January,1,Sunday,36.96,Low
ORD101104,2025-05-31,CUST1133,Fashion,Jacket,1,5586.83,20,1117.37,4469.46,2766.3,1703.16,Rajasthan,Udaipur,Consumer,Net Banking,Mobile App,Organic,Delivered,5,4,2025,5,May,2,Saturday,38.11,High
ORD101105,2025-02-21,CUST1315,Fashion,Jacket,2,710.38,10,0.0,0.0,854.41,-854.41,West Bengal,Kolkata,Consumer,Debit Card,Website,Referral,Cancelled,6,1,2025,2,February,1,Friday,0.0,Medium
ORD101106,2025-06-22,CUST1273,Sports,Dumbbells,2,1634.74,10,0.0,0.0,1667.85,-1667.85,West Bengal,Siliguri,Consumer,Credit Card,Marketplace,Instagram Ads,Cancelled,2,5,2025,6,June,2,Sunday,0.0,Medium
ORD101107,2025-03-27,CUST1106,Sports,Running Shoes,1,2672.12,20,534.42,2137.7,1492.73,644.97,Maharashtra,Nagpur,Consumer,Debit Card,Marketplace,Referral,Delivered,4,4,2025,3,March,1,Thursday,30.17,High
ORD101108,2025-06-29,CUST1074,Books,Fiction Book,1,572.62,0,0.0,572.62,462.66,109.96,Maharashtra,Pune,Consumer,Wallet,Mobile App,Festival Sale,Returned,1,4,2025,6,June,2,Sunday,-34.08,Low
ORD101109,2025-11-10,CUST1259,Home & Kitchen,Vacuum Cleaner,1,1368.91,0,0.0,1368.91,933.59,435.32,Maharashtra,Mumbai,Consumer,Credit Card,Mobile App,Email,Returned,5,4,2025,11,November,4,Monday,-15.27,Low
ORD101110,2025-05-16,CUST1252,Electronics,Headphones,2,8963.22,20,3585.29,14341.15,11052.88,3288.27,Rajasthan,Jaipur,Consumer,Debit Card,Website,Instagram Ads,Delivered,4,3,2025,5,May,2,Friday,22.93,High
ORD101111,2025-08-04,CUST1311,Electronics,Smart Watch,1,1157.37,0,0.0,1157.37,898.58,258.79,Tamil Nadu,Madurai,Consumer,Credit Card,Mobile App,Instagram Ads,Delivered,2,5,2025,8,August,3,Monday,22.36,Low
ORD101112,2025-10-11,CUST1241,Beauty,Perfume,2,542.32,0,0.0,1084.64,855.66,228.98,Telangana,Warangal,Corporate,Wallet,Website,Organic,Delivered,7,4,2025,10,October,4,Saturday,21.11,Low
ORD101113,2025-02-27,CUST1319,Beauty,Face Wash,1,2910.68,25,727.67,2183.01,1719.47,463.54,Delhi,New Delhi,Consumer,Debit Card,Website,Google Ads,Delivered,3,5,2025,2,February,1,Thursday,21.23,High
ORD101114,2025-02-18,CUST1191,Fashion,Jeans,1,936.17,15,140.43,795.74,471.23,324.51,West Bengal,Kolkata,Student,Debit Card,Mobile App,Referral,Delivered,4,4,2025,2,February,1,Tuesday,40.78,Medium
ORD101115,2025-05-20,CUST1017,Books,Manga,1,1498.94,10,149.89,1349.05,1032.12,316.93,Telangana,Warangal,Student,Wallet,Marketplace,Google Ads,Delivered,4,5,2025,5,May,2,Tuesday,23.49,Medium
ORD101116,2025-07-31,CUST1189,Fashion,Jeans,3,1127.48,20,0.0,0.0,2129.28,-2129.28,Uttar Pradesh,Kanpur,Consumer,Credit Card,Marketplace,Instagram Ads,Cancelled,5,2,2025,7,July,3,Thursday,0.0,High
ORD101117,2025-11-28,CUST1236,Electronics,Headphones,1,960.54,0,0.0,0.0,718.74,-718.74,Maharashtra,Nagpur,Corporate,Debit Card,Marketplace,Organic,Cancelled,3,5,2025,11,November,4,Friday,0.0,Low
ORD101118,2025-05-16,CUST1027,Electronics,Headphones,1,2405.5,10,240.55,2164.95,1406.26,758.69,Delhi,New Delhi,Consumer,Net Banking,Mobile App,Google Ads,Delivered,3,3,2025,5,May,2,Friday,35.04,Medium
ORD101119,2025-06-14,CUST1290,Beauty,Perfume,3,833.13,0,0.0,2499.39,1966.89,532.5,Karnataka,Mangaluru,Consumer,UPI,Marketplace,Referral,Returned,4,5,2025,6,June,2,Saturday,-13.18,Low
ORD101120,2025-08-24,CUST1070,Fashion,Sneakers,2,1660.68,15,498.2,2823.16,2119.77,703.39,Delhi,New Delhi,Consumer,Credit Card,Mobile App,Organic,Delivered,3,4,2025,8,August,3,Sunday,24.91,Medium
ORD101121,2025-06-09,CUST1156,Fashion,Jacket,1,642.26,5,32.11,610.15,492.77,117.38,West Bengal,Siliguri,Corporate,Debit Card,Mobile App,Google Ads,Delivered,3,5,2025,6,June,2,Monday,19.24,Low
ORD101122,2025-10-01,CUST1311,Home & Kitchen,Vacuum Cleaner,3,12134.56,0,0.0,36403.68,29435.69,6967.99,Delhi,Delhi,Corporate,Cash on Delivery,Website,Email,Delivered,2,4,2025,10,October,4,Wednesday,19.14,Low
ORD101123,2025-10-26,CUST1254,Beauty,Face Wash,3,849.52,20,509.71,2038.85,1174.6,864.25,Kerala,Kochi,Corporate,UPI,Website,Google Ads,Delivered,4,5,2025,10,October,4,Sunday,42.39,High
ORD101124,2025-03-15,CUST1047,Beauty,Perfume,2,2218.35,10,0.0,0.0,2845.42,-2845.42,Gujarat,Ahmedabad,Consumer,Credit Card,Website,Organic,Cancelled,4,5,2025,3,March,1,Saturday,0.0,Medium
ORD101125,2025-02-09,CUST1246,Fashion,Dress,2,951.39,20,380.56,1522.22,1100.69,421.53,Karnataka,Mysuru,Corporate,Credit Card,Mobile App,Festival Sale,Returned,2,4,2025,2,February,1,Sunday,-27.8,High
ORD101126,2025-07-15,CUST1061,Beauty,Makeup Kit,3,1255.83,10,376.75,3390.74,2383.63,1007.11,Maharashtra,Mumbai,Consumer,Wallet,Mobile App,Instagram Ads,Returned,8,1,2025,7,July,3,Tuesday,-21.73,Medium
ORD101127,2025-04-30,CUST1133,Fashion,T-Shirt,3,428.49,0,0.0,1285.47,920.6,364.87,Rajasthan,Jaipur,Consumer,Wallet,Marketplace,Instagram Ads,Returned,4,4,2025,4,April,2,Wednesday,-12.1,Low
ORD101128,2025-11-28,CUST1121,Home & Kitchen,Cookware Set,1,1487.88,0,0.0,1487.88,825.27,662.61,Kerala,Kochi,Corporate,Cash on Delivery,Mobile App,Email,Delivered,5,4,2025,11,November,4,Friday,44.53,Low
ORD101129,2025-01-03,CUST1308,Books,Manga,1,2708.57,20,541.71,2166.86,1678.22,488.64,West Bengal,Siliguri,Consumer,UPI,Website,Organic,Delivered,4,5,2025,1,January,1,Friday,22.55,High
ORD101130,2025-03-01,CUST1035,Fashion,Sneakers,1,441.98,10,44.2,397.78,227.74,170.04,Kerala,Kochi,Corporate,Credit Card,Marketplace,Google Ads,Delivered,4,3,2025,3,March,1,Saturday,42.75,Medium
ORD101131,2025-11-19,CUST1229,Electronics,Tablet,4,2262.4,0,0.0,9049.6,7059.96,1989.64,Gujarat,Surat,Consumer,Net Banking,Website,Instagram Ads,Delivered,1,4,2025,11,November,4,Wednesday,21.99,Low
ORD101132,2025-03-25,CUST1022,Fashion,T-Shirt,1,925.24,20,185.05,740.19,553.58,186.61,Gujarat,Vadodara,Corporate,Net Banking,Mobile App,Email,Returned,3,3,2025,3,March,1,Tuesday,-9.42,High
ORD101133,2025-01-19,CUST1330,Fashion,Sneakers,2,2300.46,10,460.09,4140.83,2936.08,1204.75,Gujarat,Vadodara,Consumer,Wallet,Website,Email,Delivered,6,5,2025,1,January,1,Sunday,29.09,Medium
ORD101134,2025-12-24,CUST1154,Books,Manga,1,1627.94,10,162.79,1465.15,929.48,535.67,West Bengal,Kolkata,Corporate,Wallet,Website,Google Ads,Returned,5,5,2025,12,December,4,Wednesday,-34.26,Medium
ORD101135,2025-03-11,CUST1258,Fashion,Dress,1,735.76,30,220.73,515.03,299.63,215.4,Karnataka,Mangaluru,Consumer,Cash on Delivery,Website,Google Ads,Delivered,3,4,2025,3,March,1,Tuesday,41.82,Very High
ORD101136,2025-08-05,CUST1007,Sports,Running Shoes,1,972.04,10,97.2,874.84,510.06,364.78,Delhi,Delhi,Student,Wallet,Mobile App,Instagram Ads,Delivered,2,4,2025,8,August,3,Tuesday,41.7,Medium
ORD101137,2025-02-20,CUST1079,Electronics,Laptop,2,1484.49,15,445.35,2523.63,1770.83,752.8,West Bengal,Siliguri,Corporate,UPI,Website,Organic,Delivered,7,2,2025,2,February,1,Thursday,29.83,Medium
ORD101138,2025-07-13,CUST1094,Electronics,Tablet,2,23971.47,20,9588.59,38354.35,26640.74,11713.61,Delhi,New Delhi,Student,Net Banking,Mobile App,Organic,Returned,2,4,2025,7,July,3,Sunday,-20.17,High
ORD101139,2025-07-30,CUST1068,Beauty,Perfume,3,2800.12,5,420.02,7980.34,6477.95,1502.39,Gujarat,Surat,Corporate,Wallet,Mobile App,Organic,Returned,5,5,2025,7,July,3,Wednesday,-27.81,Low
ORD101140,2025-04-02,CUST1302,Beauty,Moisturizer,1,3608.84,5,180.44,3428.4,2369.92,1058.48,Karnataka,Mysuru,Consumer,Debit Card,Mobile App,Festival Sale,Delivered,2,4,2025,4,April,2,Wednesday,30.87,Low
ORD101141,2025-02-17,CUST1306,Fashion,Jacket,2,3096.5,10,619.3,5573.7,3414.94,2158.76,Rajasthan,Udaipur,Consumer,Net Banking,Website,Email,Returned,4,5,2025,2,February,1,Monday,-18.4,Medium
ORD101142,2025-05-26,CUST1278,Fashion,Dress,1,1992.81,25,498.2,1494.61,1114.87,379.74,Kerala,Kochi,Consumer,Cash on Delivery,Mobile App,Instagram Ads,Returned,3,4,2025,5,May,2,Monday,-6.55,High
ORD101143,2025-05-08,CUST1059,Home & Kitchen,Air Fryer,2,2059.67,25,1029.84,3089.5,2448.12,641.38,West Bengal,Siliguri,Consumer,UPI,Mobile App,Email,Delivered,3,4,2025,5,May,2,Thursday,20.76,High
ORD101144,2025-07-06,CUST1030,Fashion,Jeans,2,1693.31,10,338.66,3047.96,2267.2,780.76,Uttar Pradesh,Lucknow,Consumer,Credit Card,Mobile App,Google Ads,Delivered,3,3,2025,7,July,3,Sunday,25.62,Medium
ORD101145,2025-11-03,CUST1240,Electronics,Smartphone,2,14294.4,5,1429.44,27159.36,15778.36,11381.0,Maharashtra,Mumbai,Corporate,UPI,Mobile App,Email,Returned,4,5,2025,11,November,4,Monday,-24.68,Low
ORD101146,2025-04-09,CUST1228,Home & Kitchen,Coffee Maker,1,9397.28,15,1409.59,7987.69,4555.43,3432.26,Telangana,Warangal,Consumer,Cash on Delivery,Mobile App,Organic,Delivered,2,2,2025,4,April,2,Wednesday,42.97,Medium
ORD101147,2025-10-17,CUST1217,Beauty,Face Wash,1,385.44,0,0.0,385.44,312.49,72.95,West Bengal,Siliguri,Consumer,Credit Card,Marketplace,Instagram Ads,Returned,4,3,2025,10,October,4,Friday,-27.65,Low
ORD101148,2025-02-11,CUST1145,Electronics,Tablet,1,29324.18,10,2932.42,26391.76,15574.98,10816.78,Karnataka,Mangaluru,Consumer,UPI,Mobile App,Instagram Ads,Delivered,2,4,2025,2,February,1,Tuesday,40.99,Medium
ORD101149,2025-03-24,CUST1042,Electronics,Smart Watch,2,77589.32,20,31035.73,124142.91,84085.53,40057.38,Maharashtra,Nagpur,Consumer,UPI,Website,Organic,Delivered,3,3,2025,3,March,1,Monday,32.27,High
ORD101150,2025-04-29,CUST1098,Electronics,Headphones,1,9503.35,10,950.34,8553.01,5869.38,2683.63,Tamil Nadu,Coimbatore,Corporate,Credit Card,Marketplace,Google Ads,Delivered,4,3,2025,4,April,2,Tuesday,31.38,Medium
ORD101151,2025-10-02,CUST1082,Books,Self Help Book,2,425.58,30,255.35,595.81,460.23,135.58,Tamil Nadu,Coimbatore,Consumer,Wallet,Marketplace,Email,Delivered,3,4,2025,10,October,4,Thursday,22.76,Very High
ORD101152,2025-07-27,CUST1073,Fashion,T-Shirt,1,492.37,10,49.24,443.13,290.16,152.97,Uttar Pradesh,Noida,Consumer,UPI,Marketplace,Organic,Delivered,2,3,2025,7,July,3,Sunday,34.52,Medium
ORD101153,2025-07-31,CUST1206,Electronics,Headphones,1,13742.31,0,0.0,13742.31,9494.56,4247.75,Delhi,Delhi,Consumer,Cash on Delivery,Website,Festival Sale,Returned,2,3,2025,7,July,3,Thursday,-14.34,Low
ORD101154,2025-02-21,CUST1087,Home & Kitchen,Mixer Grinder,2,12233.51,0,0.0,24467.02,19611.15,4855.87,Karnataka,Bengaluru,Consumer,Credit Card,Mobile App,Festival Sale,Delivered,1,5,2025,2,February,1,Friday,19.85,Low
ORD101155,2025-03-01,CUST1184,Electronics,Headphones,2,4717.14,15,1415.14,8019.14,6168.93,1850.21,West Bengal,Kolkata,Student,Wallet,Marketplace,Referral,Delivered,4,3,2025,3,March,1,Saturday,23.07,Medium
ORD101156,2025-05-23,CUST1046,Beauty,Face Wash,3,277.87,15,125.04,708.57,401.32,307.25,Telangana,Hyderabad,Consumer,Wallet,Mobile App,Instagram Ads,Delivered,3,3,2025,5,May,2,Friday,43.36,Medium
ORD101157,2025-03-23,CUST1232,Home & Kitchen,Coffee Maker,2,6035.49,5,0.0,0.0,8269.78,-8269.78,Maharashtra,Nagpur,Corporate,Credit Card,Mobile App,Organic,Cancelled,3,4,2025,3,March,1,Sunday,0.0,Low
ORD101158,2025-10-16,CUST1274,Books,Fiction Book,1,389.74,0,0.0,0.0,304.54,-304.54,Gujarat,Vadodara,Corporate,Wallet,Mobile App,Instagram Ads,Cancelled,3,4,2025,10,October,4,Thursday,0.0,Low
ORD101159,2025-12-17,CUST1175,Home & Kitchen,Vacuum Cleaner,1,13575.95,10,1357.6,12218.35,7011.9,5206.45,Maharashtra,Pune,Consumer,Net Banking,Mobile App,Instagram Ads,Delivered,4,5,2025,12,December,4,Wednesday,42.61,Medium
ORD101160,2025-11-12,CUST1200,Books,Fiction Book,3,1657.52,30,1491.77,3480.79,1967.9,1512.89,Karnataka,Bengaluru,Corporate,Debit Card,Mobile App,Organic,Delivered,5,2,2025,11,November,4,Wednesday,43.46,Very High
ORD101161,2025-09-07,CUST1068,Home & Kitchen,Air Fryer,2,10633.03,15,3189.91,18076.15,11061.09,7015.06,Gujarat,Vadodara,Consumer,UPI,Mobile App,Referral,Delivered,5,3,2025,9,September,3,Sunday,38.81,Medium
ORD101162,2025-01-16,CUST1283,Sports,Cricket Bat,1,5899.84,15,884.98,5014.86,3401.53,1613.33,Karnataka,Bengaluru,Consumer,Credit Card,Website,Organic,Delivered,3,4,2025,1,January,1,Thursday,32.17,Medium
ORD101163,2025-08-05,CUST1112,Home & Kitchen,Air Fryer,1,2945.52,15,441.83,2503.69,1788.01,715.68,Gujarat,Surat,Consumer,Debit Card,Marketplace,Organic,Returned,8,5,2025,8,August,3,Tuesday,-19.52,Medium
ORD101164,2025-04-18,CUST1301,Books,Technical Book,1,667.23,10,0.0,0.0,469.27,-469.27,Rajasthan,Jaipur,Consumer,Credit Card,Mobile App,Organic,Cancelled,4,3,2025,4,April,2,Friday,0.0,Medium
ORD101165,2025-06-11,CUST1190,Electronics,Smartphone,2,1153.83,10,0.0,0.0,1540.09,-1540.09,West Bengal,Kolkata,Corporate,UPI,Mobile App,Organic,Cancelled,6,2,2025,6,June,2,Wednesday,0.0,Medium
ORD101166,2025-12-04,CUST1245,Electronics,Headphones,4,6472.47,30,0.0,0.0,13298.39,-13298.39,Rajasthan,Udaipur,Consumer,Net Banking,Marketplace,Referral,Cancelled,5,4,2025,12,December,4,Thursday,0.0,Very High
ORD101167,2025-11-17,CUST1241,Sports,Cricket Bat,2,3259.78,5,325.98,6193.58,5003.29,1190.29,Delhi,Delhi,Consumer,Debit Card,Website,Festival Sale,Delivered,4,5,2025,11,November,4,Monday,19.22,Low
ORD101168,2025-09-10,CUST1135,Electronics,Tablet,1,2981.47,25,745.37,2236.1,1703.7,532.4,Gujarat,Surat,Consumer,Wallet,Mobile App,Festival Sale,Delivered,3,2,2025,9,September,3,Wednesday,23.81,High
ORD101169,2025-09-02,CUST1218,Home & Kitchen,Mixer Grinder,1,6982.4,25,1745.6,5236.8,3365.06,1871.74,Gujarat,Surat,Consumer,Debit Card,Mobile App,Google Ads,Delivered,2,4,2025,9,September,3,Tuesday,35.74,High
ORD101170,2025-11-18,CUST1270,Books,Fiction Book,1,1711.75,0,0.0,1711.75,1163.39,548.36,West Bengal,Kolkata,Consumer,Wallet,Website,Email,Delivered,2,4,2025,11,November,4,Tuesday,32.04,Low
ORD101171,2025-05-04,CUST1316,Beauty,Perfume,1,2646.92,20,529.38,2117.54,1580.26,537.28,Maharashtra,Pune,Student,Wallet,Website,Festival Sale,Returned,3,5,2025,5,May,2,Sunday,-21.27,High
ORD101172,2025-03-01,CUST1103,Sports,Fitness Band,2,1428.35,15,428.5,2428.2,1706.85,721.35,Rajasthan,Jaipur,Corporate,Credit Card,Mobile App,Referral,Delivered,3,5,2025,3,March,1,Saturday,29.71,Medium
ORD101173,2025-04-05,CUST1083,Books,Biography,2,1361.89,5,136.19,2587.59,1477.66,1109.93,Tamil Nadu,Chennai,Consumer,Wallet,Website,Referral,Delivered,3,4,2025,4,April,2,Saturday,42.89,Low
ORD101174,2025-11-05,CUST1304,Sports,Cricket Bat,1,713.44,5,0.0,0.0,454.8,-454.8,West Bengal,Siliguri,Student,Net Banking,Mobile App,Organic,Cancelled,3,4,2025,11,November,4,Wednesday,0.0,Low
ORD101175,2025-06-19,CUST1060,Books,Self Help Book,1,1104.85,10,110.48,994.37,790.7,203.67,Karnataka,Mysuru,Corporate,Credit Card,Website,Referral,Returned,7,5,2025,6,June,2,Thursday,-17.25,Medium
ORD101176,2025-10-29,CUST1347,Sports,Yoga Mat,1,6715.53,15,1007.33,5708.2,3691.76,2016.44,Maharashtra,Nagpur,Consumer,UPI,Mobile App,Organic,Delivered,2,4,2025,10,October,4,Wednesday,35.33,Medium
ORD101177,2025-05-04,CUST1011,Electronics,Laptop,1,58487.47,5,2924.37,55563.1,45514.12,10048.98,Rajasthan,Udaipur,Consumer,Cash on Delivery,Mobile App,Instagram Ads,Delivered,1,5,2025,5,May,2,Sunday,18.09,Low
ORD101178,2025-06-09,CUST1047,Home & Kitchen,Air Fryer,2,10228.59,30,6137.15,14320.03,10584.35,3735.68,Gujarat,Vadodara,Student,Cash on Delivery,Website,Instagram Ads,Delivered,4,4,2025,6,June,2,Monday,26.09,Very High
ORD101179,2025-10-06,CUST1326,Electronics,Headphones,1,84326.56,15,0.0,0.0,57952.95,-57952.95,Maharashtra,Mumbai,Consumer,Cash on Delivery,Mobile App,Organic,Cancelled,3,5,2025,10,October,4,Monday,0.0,Medium
ORD101180,2025-04-01,CUST1216,Fashion,Jeans,1,1477.87,0,0.0,1477.87,1177.99,299.88,Uttar Pradesh,Noida,Consumer,UPI,Website,Google Ads,Returned,3,5,2025,4,April,2,Tuesday,-7.63,Low
ORD101181,2025-11-11,CUST1141,Home & Kitchen,Coffee Maker,2,851.02,0,0.0,1702.04,1341.5,360.54,Maharashtra,Pune,Consumer,Credit Card,Mobile App,Referral,Delivered,3,2,2025,11,November,4,Tuesday,21.18,Low
ORD101182,2025-07-01,CUST1331,Books,Self Help Book,1,958.23,0,0.0,0.0,622.81,-622.81,West Bengal,Kolkata,Consumer,Net Banking,Marketplace,Organic,Cancelled,3,5,2025,7,July,3,Tuesday,0.0,Low
ORD101183,2025-12-10,CUST1019,Electronics,Smartphone,2,42597.28,5,4259.73,80934.83,61011.12,19923.71,Rajasthan,Jaipur,Consumer,Credit Card,Website,Festival Sale,Delivered,4,4,2025,12,December,4,Wednesday,24.62,Low
ORD101184,2025-11-24,CUST1013,Electronics,Smartphone,2,28629.87,20,11451.95,45807.79,36194.55,9613.24,Delhi,Delhi,Consumer,Cash on Delivery,Website,Referral,Delivered,5,5,2025,11,November,4,Monday,20.99,High
ORD101185,2025-08-07,CUST1300,Electronics,Laptop,1,27864.55,0,0.0,27864.55,17718.19,10146.36,Tamil Nadu,Chennai,Student,UPI,Website,Organic,Delivered,3,1,2025,8,August,3,Thursday,36.41,Low
ORD101186,2025-04-23,CUST1033,Fashion,Dress,2,3912.72,10,782.54,7042.9,4898.72,2144.18,Telangana,Warangal,Consumer,Debit Card,Mobile App,Referral,Delivered,4,3,2025,4,April,2,Wednesday,30.44,Medium
ORD101187,2025-02-04,CUST1227,Fashion,Jeans,1,454.98,15,68.25,386.73,222.08,164.65,Rajasthan,Udaipur,Consumer,Wallet,Website,Google Ads,Delivered,4,4,2025,2,February,1,Tuesday,42.57,Medium
ORD101188,2025-01-11,CUST1077,Beauty,Moisturizer,1,2082.03,20,416.41,1665.62,1238.41,427.21,Uttar Pradesh,Lucknow,Consumer,Net Banking,Mobile App,Instagram Ads,Delivered,3,5,2025,1,January,1,Saturday,25.65,High
ORD101189,2025-10-24,CUST1083,Fashion,Sneakers,2,6817.34,20,2726.94,10907.74,6182.0,4725.74,Tamil Nadu,Coimbatore,Student,Cash on Delivery,Mobile App,Google Ads,Delivered,3,4,2025,10,October,4,Friday,43.32,High
ORD101190,2025-07-05,CUST1126,Books,Manga,3,1241.82,20,745.09,2980.37,1967.62,1012.75,Gujarat,Surat,Corporate,Debit Card,Mobile App,Google Ads,Delivered,1,4,2025,7,July,3,Saturday,33.98,High
ORD101191,2025-04-13,CUST1149,Beauty,Makeup Kit,1,1183.44,20,0.0,0.0,762.31,-762.31,Delhi,Delhi,Consumer,Wallet,Marketplace,Google Ads,Cancelled,6,5,2025,4,April,2,Sunday,0.0,High
ORD101192,2025-01-10,CUST1213,Fashion,Dress,2,2701.85,10,0.0,0.0,3883.82,-3883.82,West Bengal,Siliguri,Consumer,Debit Card,Website,Organic,Cancelled,5,5,2025,1,January,1,Friday,0.0,Medium
ORD101193,2025-10-31,CUST1095,Home & Kitchen,Cookware Set,2,12633.49,25,6316.74,18950.24,12369.2,6581.04,Tamil Nadu,Madurai,Corporate,UPI,Website,Email,Returned,4,2,2025,10,October,4,Friday,-14.85,High
ORD101194,2025-11-15,CUST1289,Books,Technical Book,1,1869.9,10,0.0,0.0,983.67,-983.67,Tamil Nadu,Madurai,Student,Cash on Delivery,Website,Instagram Ads,Cancelled,4,4,2025,11,November,4,Saturday,0.0,Medium
ORD101195,2025-11-05,CUST1285,Books,Fiction Book,1,468.11,5,23.41,444.7,282.21,162.49,Maharashtra,Nagpur,Consumer,Cash on Delivery,Mobile App,Organic,Delivered,2,4,2025,11,November,4,Wednesday,36.54,Low
ORD101196,2025-11-11,CUST1164,Electronics,Headphones,3,50737.62,10,15221.29,136991.57,111320.65,25670.92,Gujarat,Vadodara,Corporate,Debit Card,Mobile App,Festival Sale,Returned,4,5,2025,11,November,4,Tuesday,-15.96,Medium
ORD101197,2025-10-08,CUST1174,Electronics,Tablet,2,7081.29,10,1416.26,12746.32,7227.53,5518.79,Delhi,New Delhi,Consumer,UPI,Mobile App,Organic,Returned,8,5,2025,10,October,4,Wednesday,-7.85,Medium
ORD101198,2025-04-12,CUST1305,Beauty,Makeup Kit,1,988.15,10,98.82,889.33,562.43,326.9,Uttar Pradesh,Noida,Consumer,Debit Card,Website,Festival Sale,Returned,6,3,2025,4,April,2,Saturday,-8.16,Medium
ORD101199,2025-06-26,CUST1036,Sports,Fitness Band,2,5960.98,20,2384.39,9537.57,6218.55,3319.02,West Bengal,Kolkata,Student,Credit Card,Mobile App,Festival Sale,Returned,2,4,2025,6,June,2,Thursday,-6.99,High
ORD101200,2025-09-05,CUST1039,Fashion,Dress,1,5492.69,10,549.27,4943.42,3100.73,1842.69,Gujarat,Ahmedabad,Consumer,Net Banking,Website,Organic,Delivered,1,2,2025,9,September,3,Friday,37.28,Medium
ORD101201,2025-11-12,CUST1345,Beauty,Face Wash,4,2101.13,10,0.0,0.0,5431.73,-5431.73,Rajasthan,Jaipur,Consumer,Debit Card,Mobile App,Festival Sale,Cancelled,5,5,2025,11,November,4,Wednesday,0.0,Medium
ORD101202,2025-10-18,CUST1341,Sports,Fitness Band,1,4951.65,20,990.33,3961.32,2527.56,1433.76,Rajasthan,Jaipur,Consumer,Net Banking,Website,Email,Delivered,1,4,2025,10,October,4,Saturday,36.19,High
ORD101203,2025-12-24,CUST1158,Electronics,Headphones,2,18341.45,20,7336.58,29346.32,17948.36,11397.96,Uttar Pradesh,Kanpur,Corporate,Cash on Delivery,Mobile App,Referral,Delivered,4,3,2025,12,December,4,Wednesday,38.84,High
ORD101204,2025-06-05,CUST1204,Home & Kitchen,Cookware Set,1,1287.56,0,0.0,0.0,991.7,-991.7,Maharashtra,Nagpur,Corporate,UPI,Website,Festival Sale,Cancelled,3,5,2025,6,June,2,Thursday,0.0,Low
ORD101205,2025-10-26,CUST1089,Electronics,Headphones,1,1786.49,15,267.97,1518.52,960.55,557.97,Maharashtra,Nagpur,Consumer,Wallet,Website,Referral,Delivered,3,4,2025,10,October,4,Sunday,36.74,Medium
ORD101206,2025-04-05,CUST1035,Books,Biography,1,1688.86,10,168.89,1519.97,925.89,594.08,Kerala,Thiruvananthapuram,Consumer,Cash on Delivery,Website,Referral,Delivered,4,2,2025,4,April,2,Saturday,39.08,Medium
ORD101207,2025-12-05,CUST1017,Home & Kitchen,Coffee Maker,3,6587.09,5,988.06,18773.21,15263.62,3509.59,Telangana,Warangal,Consumer,Credit Card,Marketplace,Organic,Delivered,2,5,2025,12,December,4,Friday,18.69,Low
ORD101208,2025-09-18,CUST1010,Fashion,Jacket,1,5314.15,15,797.12,4517.03,3545.82,971.21,West Bengal,Kolkata,Consumer,UPI,Mobile App,Organic,Delivered,4,4,2025,9,September,3,Thursday,21.5,Medium
ORD101209,2025-07-21,CUST1285,Beauty,Perfume,1,504.39,20,100.88,403.51,304.58,98.93,Telangana,Warangal,Consumer,Net Banking,Mobile App,Email,Delivered,5,4,2025,7,July,3,Monday,24.52,High
ORD101210,2025-02-28,CUST1088,Books,Technical Book,1,251.93,15,37.79,214.14,129.81,84.33,Delhi,New Delhi,Student,UPI,Mobile App,Referral,Returned,4,4,2025,2,February,1,Friday,-23.39,Medium
ORD101211,2025-12-02,CUST1006,Sports,Dumbbells,1,9631.22,0,0.0,9631.22,7305.29,2325.93,Rajasthan,Jaipur,Consumer,Wallet,Website,Festival Sale,Delivered,1,5,2025,12,December,4,Tuesday,24.15,Low
ORD101212,2025-10-11,CUST1313,Electronics,Tablet,1,1654.57,0,0.0,1654.57,1330.7,323.87,Telangana,Hyderabad,Consumer,UPI,Website,Organic,Delivered,3,4,2025,10,October,4,Saturday,19.57,Low
ORD101213,2025-11-23,CUST1195,Fashion,Dress,1,2467.79,10,246.78,2221.01,1228.46,992.55,Delhi,New Delhi,Corporate,Credit Card,Website,Instagram Ads,Delivered,2,4,2025,11,November,4,Sunday,44.69,Medium
ORD101214,2025-12-28,CUST1129,Fashion,Jeans,1,3542.44,0,0.0,3542.44,2386.16,1156.28,Telangana,Hyderabad,Student,Wallet,Website,Organic,Delivered,4,2,2025,12,December,4,Sunday,32.64,Low
ORD101215,2025-08-11,CUST1347,Home & Kitchen,Coffee Maker,1,3843.34,15,576.5,3266.84,1869.41,1397.43,Karnataka,Mangaluru,Consumer,Net Banking,Mobile App,Google Ads,Delivered,4,5,2025,8,August,3,Monday,42.78,Medium
ORD101216,2025-11-12,CUST1218,Sports,Cricket Bat,3,7849.69,5,1177.45,22371.62,16451.57,5920.05,Gujarat,Surat,Consumer,UPI,Mobile App,Email,Returned,3,3,2025,11,November,4,Wednesday,-22.96,Low
ORD101217,2025-08-08,CUST1300,Beauty,Makeup Kit,2,4131.78,0,0.0,8263.56,5494.22,2769.34,Karnataka,Bengaluru,Consumer,UPI,Mobile App,Referral,Delivered,7,3,2025,8,August,3,Friday,33.51,Low
ORD101218,2025-06-25,CUST1050,Beauty,Shampoo,1,3628.7,5,181.44,3447.26,1969.96,1477.3,Maharashtra,Pune,Corporate,Net Banking,Mobile App,Referral,Returned,4,5,2025,6,June,2,Wednesday,-33.47,Low
ORD101219,2025-07-05,CUST1260,Electronics,Smart Watch,3,4721.02,5,708.15,13454.91,10777.51,2677.4,Telangana,Warangal,Consumer,Net Banking,Website,Referral,Delivered,4,4,2025,7,July,3,Saturday,19.9,Low
ORD101220,2025-09-20,CUST1120,Fashion,Sneakers,1,846.49,15,126.97,719.52,485.5,234.02,Delhi,New Delhi,Corporate,Cash on Delivery,Marketplace,Instagram Ads,Delivered,3,3,2025,9,September,3,Saturday,32.52,Medium
ORD101221,2025-02-15,CUST1061,Beauty,Makeup Kit,1,321.96,15,0.0,0.0,181.97,-181.97,Gujarat,Surat,Corporate,Credit Card,Mobile App,Festival Sale,Cancelled,5,3,2025,2,February,1,Saturday,0.0,Medium
ORD101222,2025-04-13,CUST1109,Sports,Yoga Mat,4,1810.19,0,0.0,7240.76,5557.14,1683.62,Rajasthan,Jaipur,Corporate,Cash on Delivery,Mobile App,Instagram Ads,Delivered,8,4,2025,4,April,2,Sunday,23.25,Low
ORD101223,2025-10-11,CUST1193,Home & Kitchen,Air Fryer,1,10438.01,15,1565.7,8872.31,4890.91,3981.4,Karnataka,Bengaluru,Corporate,Debit Card,Mobile App,Instagram Ads,Delivered,7,2,2025,10,October,4,Saturday,44.87,Medium
ORD101224,2025-12-17,CUST1086,Home & Kitchen,Vacuum Cleaner,1,6427.23,0,0.0,6427.23,4006.79,2420.44,Uttar Pradesh,Noida,Consumer,Wallet,Website,Referral,Delivered,4,5,2025,12,December,4,Wednesday,37.66,Low
ORD101225,2025-02-08,CUST1212,Home & Kitchen,Coffee Maker,1,3069.23,10,306.92,2762.31,2101.16,661.15,Karnataka,Mangaluru,Corporate,Wallet,Mobile App,Festival Sale,Delivered,2,4,2025,2,February,1,Saturday,23.93,Medium
ORD101226,2025-02-10,CUST1018,Sports,Fitness Band,1,1572.24,25,393.06,1179.18,808.39,370.79,Karnataka,Bengaluru,Consumer,Net Banking,Mobile App,Google Ads,Returned,4,4,2025,2,February,1,Monday,-26.49,High
ORD101227,2025-10-20,CUST1287,Sports,Yoga Mat,2,717.73,20,287.09,1148.37,724.29,424.08,Maharashtra,Nagpur,Consumer,Net Banking,Website,Festival Sale,Delivered,4,5,2025,10,October,4,Monday,36.93,High
ORD101228,2025-11-28,CUST1337,Electronics,Tablet,2,844.32,5,84.43,1604.21,1079.36,524.85,Telangana,Warangal,Consumer,Wallet,Mobile App,Instagram Ads,Delivered,3,1,2025,11,November,4,Friday,32.72,Low
ORD101229,2025-04-25,CUST1003,Beauty,Makeup Kit,2,733.91,15,220.17,1247.65,834.12,413.53,Tamil Nadu,Madurai,Consumer,Wallet,Website,Email,Delivered,7,4,2025,4,April,2,Friday,33.14,Medium
ORD101230,2025-03-22,CUST1107,Electronics,Laptop,1,57183.72,20,0.0,0.0,35448.17,-35448.17,Kerala,Kochi,Consumer,Wallet,Mobile App,Referral,Cancelled,5,5,2025,3,March,1,Saturday,0.0,High
ORD101231,2025-06-19,CUST1141,Beauty,Perfume,1,968.95,10,96.9,872.05,581.74,290.31,West Bengal,Kolkata,Corporate,Wallet,Mobile App,Organic,Delivered,1,4,2025,6,June,2,Thursday,33.29,Medium
ORD101232,2025-06-16,CUST1209,Electronics,Laptop,1,5206.38,0,0.0,5206.38,4256.95,949.43,Karnataka,Mysuru,Student,Wallet,Marketplace,Google Ads,Delivered,5,4,2025,6,June,2,Monday,18.24,Low
ORD101233,2025-05-14,CUST1237,Electronics,Headphones,2,19433.98,0,0.0,38867.96,24253.21,14614.75,Delhi,New Delhi,Student,Cash on Delivery,Mobile App,Organic,Returned,6,5,2025,5,May,2,Wednesday,-5.86,Low
ORD101234,2025-01-22,CUST1287,Fashion,T-Shirt,1,1059.35,15,158.9,900.45,506.21,394.24,Maharashtra,Mumbai,Consumer,Credit Card,Marketplace,Referral,Delivered,3,4,2025,1,January,1,Wednesday,43.78,Medium
ORD101235,2025-07-01,CUST1333,Sports,Dumbbells,3,4620.58,20,2772.35,11089.39,8373.49,2715.9,Karnataka,Mangaluru,Consumer,Cash on Delivery,Website,Google Ads,Delivered,5,4,2025,7,July,3,Tuesday,24.49,High
ORD101236,2025-10-02,CUST1137,Electronics,Smartphone,1,1993.13,20,398.63,1594.5,1020.48,574.02,Rajasthan,Jaipur,Consumer,Net Banking,Mobile App,Referral,Returned,1,5,2025,10,October,4,Thursday,-24.23,High
ORD101237,2025-06-11,CUST1180,Fashion,Dress,4,2666.81,0,0.0,10667.24,6012.75,4654.49,Delhi,New Delhi,Consumer,Wallet,Mobile App,Referral,Delivered,3,4,2025,6,June,2,Wednesday,43.63,Low
ORD101238,2025-10-19,CUST1145,Sports,Cricket Bat,1,1017.86,15,0.0,0.0,519.14,-519.14,Gujarat,Ahmedabad,Consumer,UPI,Website,Festival Sale,Cancelled,1,5,2025,10,October,4,Sunday,0.0,Medium
ORD101239,2025-11-11,CUST1283,Home & Kitchen,Vacuum Cleaner,3,15188.21,0,0.0,0.0,26287.39,-26287.39,Uttar Pradesh,Kanpur,Consumer,Net Banking,Marketplace,Organic,Cancelled,6,5,2025,11,November,4,Tuesday,0.0,Low
ORD101240,2025-05-08,CUST1200,Sports,Cricket Bat,1,11591.5,15,1738.72,9852.78,5632.75,4220.03,Uttar Pradesh,Lucknow,Consumer,Cash on Delivery,Website,Organic,Delivered,2,3,2025,5,May,2,Thursday,42.83,Medium
ORD101241,2025-05-18,CUST1100,Electronics,Laptop,1,5739.01,20,1147.8,4591.21,3237.06,1354.15,West Bengal,Kolkata,Consumer,Wallet,Website,Instagram Ads,Returned,6,5,2025,5,May,2,Sunday,-17.74,High
ORD101242,2025-12-15,CUST1188,Electronics,Laptop,3,1544.81,10,463.44,4170.99,2591.93,1579.06,Tamil Nadu,Madurai,Consumer,Wallet,Mobile App,Google Ads,Delivered,4,2,2025,12,December,4,Monday,37.86,Medium
ORD101243,2025-05-11,CUST1085,Beauty,Makeup Kit,3,1142.82,0,0.0,3428.46,2690.64,737.82,West Bengal,Siliguri,Consumer,Wallet,Marketplace,Email,Delivered,4,5,2025,5,May,2,Sunday,21.52,Low
ORD101244,2025-03-25,CUST1304,Beauty,Shampoo,1,1757.31,15,263.6,1493.71,1055.2,438.51,Telangana,Hyderabad,Consumer,Net Banking,Website,Google Ads,Delivered,2,2,2025,3,March,1,Tuesday,29.36,Medium
ORD101245,2025-10-23,CUST1294,Electronics,Smart Watch,1,32354.36,10,3235.44,29118.92,17286.53,11832.39,Gujarat,Vadodara,Consumer,UPI,Mobile App,Google Ads,Delivered,4,4,2025,10,October,4,Thursday,40.63,Medium
ORD101246,2025-06-20,CUST1292,Electronics,Tablet,2,3768.72,15,1130.62,6406.82,4325.23,2081.59,Maharashtra,Mumbai,Consumer,Wallet,Marketplace,Google Ads,Returned,4,4,2025,6,June,2,Friday,-14.02,Medium
ORD101247,2025-04-05,CUST1173,Fashion,Sneakers,2,3535.1,15,1060.53,6009.67,4636.91,1372.76,Delhi,New Delhi,Consumer,Cash on Delivery,Mobile App,Instagram Ads,Delivered,4,5,2025,4,April,2,Saturday,22.84,Medium
ORD101248,2025-06-16,CUST1294,Fashion,T-Shirt,1,6997.42,15,1049.61,5947.81,4005.39,1942.42,Kerala,Kochi,Consumer,Credit Card,Marketplace,Festival Sale,Delivered,4,2,2025,6,June,2,Monday,32.66,Medium
ORD101249,2025-01-13,CUST1259,Home & Kitchen,Coffee Maker,1,7491.73,20,0.0,0.0,4530.49,-4530.49,Telangana,Hyderabad,Corporate,Net Banking,Website,Festival Sale,Cancelled,6,5,2025,1,January,1,Monday,0.0,High
ORD101250,2025-08-26,CUST1348,Electronics,Smart Watch,3,5433.87,10,1630.16,14671.45,9899.5,4771.95,Delhi,New Delhi,Consumer,Net Banking,Mobile App,Organic,Delivered,4,3,2025,8,August,3,Tuesday,32.53,Medium
ORD101251,2025-10-05,CUST1084,Fashion,T-Shirt,2,1366.75,10,273.35,2460.15,1367.71,1092.44,Telangana,Hyderabad,Consumer,Cash on Delivery,Website,Organic,Delivered,4,3,2025,10,October,4,Sunday,44.41,Medium
ORD101252,2025-09-16,CUST1260,Beauty,Perfume,2,1814.86,10,362.97,3266.75,2105.51,1161.24,Gujarat,Vadodara,Consumer,Wallet,Mobile App,Instagram Ads,Delivered,2,4,2025,9,September,3,Tuesday,35.55,Medium
ORD101253,2025-06-18,CUST1334,Beauty,Moisturizer,1,4473.66,10,0.0,0.0,3087.23,-3087.23,Uttar Pradesh,Noida,Corporate,Credit Card,Marketplace,Festival Sale,Cancelled,5,4,2025,6,June,2,Wednesday,0.0,Medium
ORD101254,2025-09-05,CUST1018,Fashion,Jeans,1,481.78,20,0.0,0.0,220.04,-220.04,Uttar Pradesh,Lucknow,Corporate,Debit Card,Mobile App,Google Ads,Cancelled,3,1,2025,9,September,3,Friday,0.0,High
ORD101255,2025-01-27,CUST1203,Electronics,Headphones,1,2514.9,20,502.98,2011.92,1382.65,629.27,Tamil Nadu,Chennai,Student,Net Banking,Website,Organic,Returned,3,4,2025,1,January,1,Monday,-24.89,High
ORD101256,2025-03-21,CUST1173,Books,Biography,2,591.88,15,177.56,1006.2,690.62,315.58,Karnataka,Bengaluru,Consumer,Cash on Delivery,Website,Instagram Ads,Delivered,2,3,2025,3,March,1,Friday,31.36,Medium
ORD101257,2025-10-04,CUST1072,Home & Kitchen,Vacuum Cleaner,4,507.9,25,507.9,1523.7,1214.92,308.78,Maharashtra,Mumbai,Consumer,UPI,Mobile App,Organic,Delivered,5,4,2025,10,October,4,Saturday,20.27,High
ORD101258,2025-03-11,CUST1046,Books,Manga,1,807.73,15,121.16,686.57,554.73,131.84,West Bengal,Kolkata,Consumer,Debit Card,Marketplace,Google Ads,Delivered,4,4,2025,3,March,1,Tuesday,19.2,Medium
ORD101259,2025-08-31,CUST1234,Electronics,Headphones,2,2185.78,25,0.0,0.0,1835.78,-1835.78,Telangana,Warangal,Corporate,Wallet,Marketplace,Referral,Cancelled,2,5,2025,8,August,3,Sunday,0.0,High
ORD101260,2025-01-16,CUST1292,Fashion,Dress,2,956.48,25,478.24,1434.72,900.27,534.45,Tamil Nadu,Coimbatore,Consumer,Net Banking,Mobile App,Instagram Ads,Returned,1,4,2025,1,January,1,Thursday,-34.45,High
ORD101261,2025-01-28,CUST1209,Fashion,Jacket,2,1288.37,10,257.67,2319.07,1323.72,995.35,Telangana,Warangal,Consumer,Cash on Delivery,Mobile App,Organic,Delivered,5,5,2025,1,January,1,Tuesday,42.92,Medium
ORD101262,2025-06-27,CUST1045,Sports,Fitness Band,1,8648.27,10,864.83,7783.44,5378.97,2404.47,Kerala,Kochi,Student,Cash on Delivery,Mobile App,Instagram Ads,Delivered,3,4,2025,6,June,2,Friday,30.89,Medium
ORD101263,2025-04-12,CUST1343,Fashion,T-Shirt,2,3109.79,15,932.94,5286.64,4224.95,1061.69,Maharashtra,Nagpur,Student,Net Banking,Website,Organic,Delivered,4,4,2025,4,April,2,Saturday,20.08,Medium
ORD101264,2025-11-02,CUST1305,Home & Kitchen,Mixer Grinder,1,1015.06,5,50.75,964.31,595.11,369.2,Rajasthan,Udaipur,Consumer,UPI,Website,Organic,Delivered,4,5,2025,11,November,4,Sunday,38.29,Low
ORD101265,2025-08-13,CUST1084,Beauty,Moisturizer,1,1898.01,15,284.7,1613.31,1277.23,336.08,Telangana,Hyderabad,Consumer,Net Banking,Mobile App,Instagram Ads,Delivered,3,4,2025,8,August,3,Wednesday,20.83,Medium
ORD101266,2025-04-27,CUST1205,Beauty,Shampoo,1,2733.21,5,0.0,0.0,1823.44,-1823.44,Uttar Pradesh,Kanpur,Corporate,Debit Card,Mobile App,Email,Cancelled,2,4,2025,4,April,2,Sunday,0.0,Low
ORD101267,2025-10-18,CUST1284,Electronics,Tablet,1,45354.03,10,4535.4,40818.63,29533.97,11284.66,Telangana,Warangal,Consumer,Net Banking,Marketplace,Referral,Delivered,3,3,2025,10,October,4,Saturday,27.65,Medium
ORD101268,2025-02-25,CUST1316,Home & Kitchen,Air Fryer,1,883.23,30,264.97,618.26,499.33,118.93,Kerala,Thiruvananthapuram,Consumer,Net Banking,Website,Organic,Delivered,5,4,2025,2,February,1,Tuesday,19.24,Very High
ORD101269,2025-09-15,CUST1236,Books,Biography,1,1430.3,10,143.03,1287.27,926.69,360.58,Telangana,Warangal,Consumer,Net Banking,Mobile App,Instagram Ads,Delivered,8,5,2025,9,September,3,Monday,28.01,Medium
ORD101270,2025-03-17,CUST1153,Beauty,Makeup Kit,2,1437.12,10,0.0,0.0,1452.39,-1452.39,Karnataka,Mysuru,Student,Wallet,Mobile App,Google Ads,Cancelled,4,4,2025,3,March,1,Monday,0.0,Medium
ORD101271,2025-03-12,CUST1287,Books,Technical Book,1,542.37,0,0.0,542.37,420.56,121.81,Telangana,Warangal,Consumer,Debit Card,Marketplace,Organic,Delivered,3,4,2025,3,March,1,Wednesday,22.46,Low
ORD101272,2025-02-22,CUST1158,Home & Kitchen,Coffee Maker,1,2156.39,30,646.92,1509.47,1186.43,323.04,West Bengal,Kolkata,Consumer,UPI,Mobile App,Organic,Delivered,5,5,2025,2,February,1,Saturday,21.4,Very High
ORD101273,2025-09-15,CUST1263,Electronics,Headphones,1,67756.43,10,6775.64,60980.79,37810.1,23170.69,Kerala,Kochi,Corporate,Wallet,Mobile App,Festival Sale,Delivered,4,5,2025,9,September,3,Monday,38.0,Medium
ORD101274,2025-03-25,CUST1032,Electronics,Headphones,1,1712.54,10,171.25,1541.29,1191.26,350.03,Karnataka,Mangaluru,Consumer,Debit Card,Mobile App,Organic,Delivered,1,3,2025,3,March,1,Tuesday,22.71,Medium
ORD101275,2025-08-04,CUST1145,Fashion,Dress,1,1209.34,15,181.4,1027.94,753.2,274.74,Kerala,Kochi,Consumer,Cash on Delivery,Mobile App,Google Ads,Delivered,2,5,2025,8,August,3,Monday,26.73,Medium
ORD101276,2025-12-25,CUST1337,Sports,Yoga Mat,1,3806.5,10,380.65,3425.85,2510.83,915.02,Delhi,New Delhi,Consumer,Cash on Delivery,Mobile App,Email,Returned,1,5,2025,12,December,4,Thursday,-7.74,Medium
ORD101277,2025-12-07,CUST1293,Beauty,Moisturizer,2,3026.71,25,0.0,0.0,3671.5,-3671.5,West Bengal,Siliguri,Consumer,UPI,Mobile App,Google Ads,Cancelled,5,2,2025,12,December,4,Sunday,0.0,High
ORD101278,2025-03-08,CUST1321,Beauty,Perfume,1,890.43,10,89.04,801.39,562.25,239.14,Maharashtra,Pune,Consumer,Cash on Delivery,Mobile App,Referral,Delivered,1,5,2025,3,March,1,Saturday,29.84,Medium
ORD101279,2025-03-05,CUST1140,Books,Fiction Book,1,1341.27,5,67.06,1274.21,710.53,563.68,Tamil Nadu,Madurai,Corporate,UPI,Marketplace,Instagram Ads,Delivered,4,2,2025,3,March,1,Wednesday,44.24,Low
ORD101280,2025-01-27,CUST1059,Fashion,Jacket,1,1673.24,15,250.99,1422.25,883.05,539.2,Karnataka,Mangaluru,Consumer,UPI,Marketplace,Festival Sale,Returned,1,3,2025,1,January,1,Monday,-7.82,Medium
ORD101281,2025-07-15,CUST1068,Fashion,Sneakers,3,5432.66,25,4074.5,12223.48,9312.74,2910.74,Karnataka,Mysuru,Corporate,Cash on Delivery,Website,Festival Sale,Delivered,3,5,2025,7,July,3,Tuesday,23.81,High
ORD101282,2025-10-18,CUST1036,Books,Biography,1,2614.27,0,0.0,2614.27,1848.03,766.24,Kerala,Kochi,Student,Cash on Delivery,Mobile App,Instagram Ads,Delivered,2,3,2025,10,October,4,Saturday,29.31,Low
ORD101283,2025-11-08,CUST1051,Electronics,Smart Watch,1,9128.46,5,456.42,8672.04,6112.87,2559.17,Rajasthan,Udaipur,Consumer,UPI,Website,Email,Delivered,6,5,2025,11,November,4,Saturday,29.51,Low
ORD101284,2025-11-23,CUST1159,Beauty,Moisturizer,1,1796.97,10,179.7,1617.27,1161.08,456.19,Kerala,Kochi,Consumer,UPI,Marketplace,Google Ads,Delivered,3,5,2025,11,November,4,Sunday,28.21,Medium
ORD101285,2025-04-15,CUST1264,Fashion,T-Shirt,1,618.48,5,0.0,0.0,347.83,-347.83,Rajasthan,Jaipur,Consumer,Credit Card,Marketplace,Organic,Cancelled,2,4,2025,4,April,2,Tuesday,0.0,Low
ORD101286,2025-07-27,CUST1038,Books,Fiction Book,3,912.95,15,410.83,2328.02,1690.57,637.45,Maharashtra,Mumbai,Consumer,Wallet,Website,Festival Sale,Delivered,3,4,2025,7,July,3,Sunday,27.38,Medium
ORD101287,2025-05-02,CUST1214,Sports,Running Shoes,2,6442.66,30,3865.6,9019.72,6622.73,2396.99,Rajasthan,Udaipur,Consumer,UPI,Marketplace,Email,Returned,1,5,2025,5,May,2,Friday,-11.61,Very High
ORD101288,2025-08-27,CUST1318,Home & Kitchen,Cookware Set,1,1029.8,15,154.47,875.33,493.27,382.06,Karnataka,Bengaluru,Consumer,Net Banking,Website,Festival Sale,Delivered,3,4,2025,8,August,3,Wednesday,43.65,Medium
ORD101289,2025-10-22,CUST1062,Home & Kitchen,Mixer Grinder,1,742.06,15,111.31,630.75,497.73,133.02,Delhi,New Delhi,Consumer,Credit Card,Website,Google Ads,Delivered,4,5,2025,10,October,4,Wednesday,21.09,Medium
ORD101290,2025-03-12,CUST1051,Sports,Fitness Band,1,3964.13,10,396.41,3567.72,2820.35,747.37,Gujarat,Surat,Consumer,Debit Card,Marketplace,Email,Delivered,3,5,2025,3,March,1,Wednesday,20.95,Medium
ORD101291,2025-04-08,CUST1202,Beauty,Moisturizer,2,4536.38,5,453.64,8619.12,5285.98,3333.14,Tamil Nadu,Chennai,Corporate,Net Banking,Mobile App,Google Ads,Delivered,1,2,2025,4,April,2,Tuesday,38.67,Low
ORD101292,2025-12-10,CUST1110,Electronics,Headphones,1,26607.61,0,0.0,26607.61,15143.43,11464.18,Uttar Pradesh,Noida,Consumer,Cash on Delivery,Mobile App,Organic,Returned,3,4,2025,12,December,4,Wednesday,-34.94,Low
ORD101293,2025-06-14,CUST1262,Beauty,Shampoo,1,386.26,10,38.63,347.63,200.9,146.73,Uttar Pradesh,Lucknow,Consumer,Cash on Delivery,Marketplace,Organic,Delivered,4,3,2025,6,June,2,Saturday,42.21,Medium
ORD101294,2025-11-06,CUST1016,Beauty,Face Wash,3,941.22,10,282.37,2541.29,1596.53,944.76,Rajasthan,Udaipur,Corporate,Wallet,Website,Organic,Delivered,4,3,2025,11,November,4,Thursday,37.18,Medium
ORD101295,2025-10-14,CUST1247,Beauty,Face Wash,1,4968.68,10,0.0,0.0,2754.45,-2754.45,Rajasthan,Jaipur,Consumer,Credit Card,Website,Organic,Cancelled,4,5,2025,10,October,4,Tuesday,0.0,Medium
ORD101296,2025-12-09,CUST1227,Beauty,Face Wash,1,3628.31,20,725.66,2902.65,2076.37,826.28,Maharashtra,Mumbai,Consumer,Wallet,Mobile App,Festival Sale,Delivered,2,4,2025,12,December,4,Tuesday,28.47,High
ORD101297,2025-08-31,CUST1118,Beauty,Perfume,1,645.2,20,129.04,516.16,402.65,113.51,Tamil Nadu,Coimbatore,Consumer,Wallet,Mobile App,Organic,Delivered,4,5,2025,8,August,3,Sunday,21.99,High
ORD101298,2025-06-14,CUST1099,Fashion,T-Shirt,1,403.79,5,20.19,383.6,261.12,122.48,Tamil Nadu,Chennai,Corporate,Net Banking,Website,Email,Returned,1,5,2025,6,June,2,Saturday,-15.35,Low
ORD101299,2025-06-08,CUST1282,Fashion,Dress,1,479.95,0,0.0,479.95,297.04,182.91,Rajasthan,Jaipur,Consumer,Wallet,Website,Email,Returned,4,4,2025,6,June,2,Sunday,-19.0,Low
ORD101300,2025-07-18,CUST1007,Fashion,Jacket,1,1230.45,15,184.57,1045.88,576.19,469.69,West Bengal,Siliguri,Consumer,Cash on Delivery,Website,Instagram Ads,Returned,2,4,2025,7,July,3,Friday,-5.73,Medium
ORD101301,2025-01-23,CUST1025,Beauty,Moisturizer,1,1134.85,10,0.0,0.0,689.62,-689.62,Delhi,Delhi,Consumer,Net Banking,Marketplace,Organic,Cancelled,5,5,2025,1,January,1,Thursday,0.0,Medium
ORD101302,2025-03-05,CUST1087,Electronics,Tablet,1,3170.96,10,317.1,2853.86,1918.95,934.91,Karnataka,Bengaluru,Consumer,UPI,Mobile App,Instagram Ads,Delivered,4,5,2025,3,March,1,Wednesday,32.76,Medium
ORD101303,2025-11-26,CUST1181,Beauty,Face Wash,4,259.33,10,0.0,0.0,677.02,-677.02,Maharashtra,Pune,Consumer,UPI,Mobile App,Instagram Ads,Cancelled,4,4,2025,11,November,4,Wednesday,0.0,Medium
ORD101304,2025-01-21,CUST1194,Home & Kitchen,Coffee Maker,1,1612.32,10,0.0,0.0,807.67,-807.67,Uttar Pradesh,Noida,Student,Credit Card,Mobile App,Festival Sale,Cancelled,4,5,2025,1,January,1,Tuesday,0.0,Medium
ORD101305,2025-01-02,CUST1304,Home & Kitchen,Mixer Grinder,1,1600.24,0,0.0,1600.24,1074.64,525.6,Delhi,New Delhi,Consumer,Net Banking,Mobile App,Festival Sale,Returned,2,5,2025,1,January,1,Thursday,-9.69,Low
ORD101306,2025-03-24,CUST1287,Fashion,Jacket,1,3412.76,20,682.55,2730.21,1911.65,818.56,Telangana,Warangal,Consumer,UPI,Mobile App,Organic,Delivered,5,4,2025,3,March,1,Monday,29.98,High
ORD101307,2025-12-11,CUST1345,Electronics,Tablet,2,1131.47,10,226.29,2036.65,1468.05,568.6,Telangana,Warangal,Consumer,Debit Card,Marketplace,Google Ads,Delivered,3,1,2025,12,December,4,Thursday,27.92,Medium
ORD101308,2025-02-22,CUST1263,Fashion,Dress,3,2648.46,5,397.27,7548.11,4800.98,2747.13,Tamil Nadu,Chennai,Consumer,Debit Card,Website,Festival Sale,Returned,4,3,2025,2,February,1,Saturday,-16.63,Low
ORD101309,2025-04-30,CUST1337,Sports,Dumbbells,2,3046.03,20,1218.41,4873.65,2997.68,1875.97,Maharashtra,Mumbai,Consumer,Wallet,Website,Google Ads,Returned,4,2,2025,4,April,2,Wednesday,-13.2,High
ORD101310,2025-06-18,CUST1103,Electronics,Laptop,1,13294.58,0,0.0,13294.58,7724.65,5569.93,Kerala,Thiruvananthapuram,Corporate,Cash on Delivery,Marketplace,Referral,Returned,5,2,2025,6,June,2,Wednesday,-17.81,Low
ORD101311,2025-02-16,CUST1017,Sports,Dumbbells,1,1144.7,0,0.0,1144.7,855.47,289.23,Delhi,Delhi,Student,Cash on Delivery,Website,Referral,Delivered,4,3,2025,2,February,1,Sunday,25.27,Low
ORD101312,2025-08-11,CUST1118,Home & Kitchen,Coffee Maker,1,10546.1,0,0.0,0.0,7590.35,-7590.35,Tamil Nadu,Coimbatore,Corporate,Wallet,Website,Google Ads,Cancelled,3,5,2025,8,August,3,Monday,0.0,Low
ORD101313,2025-11-17,CUST1320,Electronics,Laptop,2,25182.29,30,0.0,0.0,20365.5,-20365.5,Maharashtra,Nagpur,Corporate,Net Banking,Marketplace,Instagram Ads,Cancelled,3,5,2025,11,November,4,Monday,0.0,Very High
ORD101314,2025-09-13,CUST1165,Sports,Running Shoes,1,2515.03,0,0.0,2515.03,1784.62,730.41,Tamil Nadu,Chennai,Student,Credit Card,Website,Google Ads,Delivered,3,5,2025,9,September,3,Saturday,29.04,Low
ORD101315,2025-08-07,CUST1196,Electronics,Smartphone,1,1399.3,20,279.86,1119.44,789.6,329.84,Gujarat,Surat,Consumer,Wallet,Mobile App,Organic,Delivered,5,5,2025,8,August,3,Thursday,29.46,High
ORD101316,2025-12-31,CUST1205,Electronics,Tablet,1,6954.99,25,0.0,0.0,4104.37,-4104.37,Karnataka,Bengaluru,Student,Credit Card,Website,Referral,Cancelled,3,4,2025,12,December,4,Wednesday,0.0,High
ORD101317,2025-08-18,CUST1243,Electronics,Smart Watch,1,1717.16,20,0.0,0.0,959.55,-959.55,Telangana,Warangal,Consumer,Net Banking,Mobile App,Referral,Cancelled,5,5,2025,8,August,3,Monday,0.0,High
ORD101318,2025-10-19,CUST1088,Electronics,Tablet,1,1109.57,0,0.0,1109.57,894.34,215.23,Rajasthan,Udaipur,Corporate,Net Banking,Mobile App,Referral,Delivered,3,4,2025,10,October,4,Sunday,19.4,Low
ORD101319,2025-12-03,CUST1160,Sports,Yoga Mat,1,664.54,25,166.14,498.4,372.35,126.05,Gujarat,Ahmedabad,Consumer,Debit Card,Website,Organic,Delivered,3,3,2025,12,December,4,Wednesday,25.29,High
ORD101320,2025-10-05,CUST1134,Fashion,T-Shirt,1,2482.25,20,496.45,1985.8,1517.91,467.89,Karnataka,Mysuru,Consumer,Debit Card,Mobile App,Organic,Delivered,3,5,2025,10,October,4,Sunday,23.56,High
ORD101321,2025-02-03,CUST1038,Electronics,Smartphone,1,3690.0,5,184.5,3505.5,2148.97,1356.53,Maharashtra,Nagpur,Consumer,Wallet,Mobile App,Organic,Delivered,3,4,2025,2,February,1,Monday,38.7,Low
ORD101322,2025-10-24,CUST1039,Electronics,Smartphone,1,35477.12,5,1773.86,33703.26,19101.21,14602.05,Gujarat,Surat,Corporate,UPI,Mobile App,Google Ads,Delivered,3,5,2025,10,October,4,Friday,43.33,Low
ORD101323,2025-12-27,CUST1175,Fashion,Dress,2,2581.61,20,0.0,0.0,3017.87,-3017.87,Karnataka,Mangaluru,Consumer,Credit Card,Website,Festival Sale,Cancelled,4,4,2025,12,December,4,Saturday,0.0,High
ORD101324,2025-11-08,CUST1117,Electronics,Tablet,1,22299.72,0,0.0,22299.72,13490.43,8809.29,Maharashtra,Pune,Corporate,Debit Card,Website,Organic,Returned,4,3,2025,11,November,4,Saturday,-13.58,Low
ORD101325,2025-07-18,CUST1147,Sports,Running Shoes,1,971.14,10,97.11,874.03,490.71,383.32,West Bengal,Siliguri,Consumer,Credit Card,Marketplace,Email,Delivered,2,4,2025,7,July,3,Friday,43.86,Medium
ORD101326,2025-02-26,CUST1011,Sports,Running Shoes,1,6004.5,10,600.45,5404.05,4175.42,1228.63,Rajasthan,Udaipur,Corporate,Credit Card,Marketplace,Instagram Ads,Delivered,3,5,2025,2,February,1,Wednesday,22.74,Medium
ORD101327,2025-08-04,CUST1207,Books,Technical Book,1,982.89,10,98.29,884.6,699.48,185.12,Uttar Pradesh,Kanpur,Student,Net Banking,Mobile App,Organic,Delivered,4,4,2025,8,August,3,Monday,20.93,Medium
ORD101328,2025-11-07,CUST1118,Books,Fiction Book,1,463.43,20,92.69,370.74,281.41,89.33,Kerala,Thiruvananthapuram,Consumer,UPI,Website,Organic,Delivered,5,4,2025,11,November,4,Friday,24.1,High
ORD101329,2025-03-23,CUST1234,Books,Self Help Book,2,761.53,0,0.0,0.0,1026.35,-1026.35,Uttar Pradesh,Kanpur,Consumer,Debit Card,Mobile App,Organic,Cancelled,2,4,2025,3,March,1,Sunday,0.0,Low
ORD101330,2025-06-25,CUST1274,Fashion,Sneakers,1,2523.48,10,252.35,2271.13,1293.29,977.84,Maharashtra,Mumbai,Corporate,UPI,Mobile App,Festival Sale,Delivered,2,2,2025,6,June,2,Wednesday,43.06,Medium
ORD101331,2025-01-11,CUST1249,Electronics,Headphones,1,947.63,25,236.91,710.72,435.86,274.86,Maharashtra,Pune,Student,Cash on Delivery,Marketplace,Instagram Ads,Delivered,2,3,2025,1,January,1,Saturday,38.67,High
ORD101332,2025-06-22,CUST1199,Beauty,Face Wash,1,217.39,5,10.87,206.52,163.95,42.57,West Bengal,Kolkata,Consumer,Wallet,Mobile App,Festival Sale,Delivered,4,4,2025,6,June,2,Sunday,20.61,Low
ORD101333,2025-05-08,CUST1023,Fashion,T-Shirt,2,3761.57,15,1128.47,6394.67,4955.54,1439.13,West Bengal,Kolkata,Consumer,Cash on Delivery,Website,Google Ads,Delivered,5,4,2025,5,May,2,Thursday,22.51,Medium
ORD101334,2025-12-24,CUST1081,Sports,Dumbbells,1,735.84,25,183.96,551.88,330.38,221.5,Gujarat,Surat,Consumer,Net Banking,Mobile App,Referral,Delivered,2,4,2025,12,December,4,Wednesday,40.14,High
ORD101335,2025-11-26,CUST1072,Beauty,Shampoo,2,537.93,25,268.96,806.9,613.54,193.36,Uttar Pradesh,Lucknow,Corporate,Net Banking,Website,Festival Sale,Delivered,2,4,2025,11,November,4,Wednesday,23.96,High
ORD101336,2025-08-31,CUST1006,Electronics,Tablet,2,4866.32,10,973.26,8759.38,5719.19,3040.19,Tamil Nadu,Chennai,Student,UPI,Website,Instagram Ads,Delivered,4,4,2025,8,August,3,Sunday,34.71,Medium
ORD101337,2025-05-19,CUST1207,Books,Self Help Book,1,980.27,10,98.03,882.24,548.2,334.04,Telangana,Warangal,Corporate,Cash on Delivery,Marketplace,Google Ads,Delivered,5,4,2025,5,May,2,Monday,37.86,Medium
ORD101338,2025-09-27,CUST1089,Home & Kitchen,Coffee Maker,1,4952.7,5,0.0,0.0,3357.51,-3357.51,Rajasthan,Jaipur,Corporate,Wallet,Marketplace,Email,Cancelled,2,4,2025,9,September,3,Saturday,0.0,Low
ORD101339,2025-02-06,CUST1012,Books,Manga,2,861.71,0,0.0,1723.42,1119.47,603.95,Telangana,Warangal,Consumer,Net Banking,Website,Referral,Delivered,4,3,2025,2,February,1,Thursday,35.04,Low
ORD101340,2025-09-01,CUST1141,Home & Kitchen,Vacuum Cleaner,1,3033.1,0,0.0,3033.1,1981.22,1051.88,Gujarat,Surat,Consumer,UPI,Marketplace,Instagram Ads,Delivered,2,5,2025,9,September,3,Monday,34.68,Low
ORD101341,2025-06-09,CUST1105,Home & Kitchen,Air Fryer,1,4434.67,15,665.2,3769.47,2634.16,1135.31,Maharashtra,Mumbai,Corporate,Credit Card,Website,Organic,Delivered,8,5,2025,6,June,2,Monday,30.12,Medium
ORD101342,2025-10-14,CUST1006,Sports,Running Shoes,1,1700.16,25,425.04,1275.12,792.21,482.91,Delhi,Delhi,Consumer,Net Banking,Website,Organic,Delivered,2,5,2025,10,October,4,Tuesday,37.87,High
ORD101343,2025-07-17,CUST1274,Home & Kitchen,Mixer Grinder,2,14543.06,0,0.0,29086.12,16873.55,12212.57,West Bengal,Siliguri,Consumer,Credit Card,Mobile App,Google Ads,Returned,5,4,2025,7,July,3,Thursday,-18.16,Low
ORD101344,2025-05-31,CUST1004,Fashion,Dress,1,477.38,5,23.87,453.51,287.7,165.81,Tamil Nadu,Coimbatore,Consumer,Credit Card,Website,Referral,Delivered,5,4,2025,5,May,2,Saturday,36.56,Low
ORD101345,2025-09-27,CUST1237,Sports,Cricket Bat,1,1999.61,10,0.0,0.0,1334.44,-1334.44,Tamil Nadu,Madurai,Consumer,Net Banking,Mobile App,Festival Sale,Cancelled,3,4,2025,9,September,3,Saturday,0.0,Medium
ORD101346,2025-09-11,CUST1082,Fashion,Jeans,1,1319.63,15,197.94,1121.69,745.29,376.4,Tamil Nadu,Coimbatore,Consumer,Debit Card,Website,Instagram Ads,Delivered,3,4,2025,9,September,3,Thursday,33.56,Medium
ORD101347,2025-07-08,CUST1004,Electronics,Smart Watch,1,60363.08,10,6036.31,54326.77,35552.15,18774.62,Gujarat,Surat,Corporate,UPI,Website,Google Ads,Delivered,3,4,2025,7,July,3,Tuesday,34.56,Medium
ORD101348,2025-08-24,CUST1098,Home & Kitchen,Mixer Grinder,1,604.9,5,30.24,574.66,453.31,121.35,Kerala,Kochi,Consumer,Net Banking,Website,Organic,Delivered,1,5,2025,8,August,3,Sunday,21.12,Low
ORD101349,2025-08-15,CUST1049,Beauty,Shampoo,1,1495.46,0,0.0,1495.46,848.12,647.34,Telangana,Warangal,Consumer,Wallet,Mobile App,Google Ads,Delivered,2,5,2025,8,August,3,Friday,43.29,Low
ORD101350,2025-12-12,CUST1151,Fashion,T-Shirt,2,424.02,25,212.01,636.03,398.86,237.17,Uttar Pradesh,Noida,Consumer,Credit Card,Mobile App,Referral,Delivered,3,5,2025,12,December,4,Friday,37.29,High
ORD101351,2025-02-03,CUST1326,Fashion,Dress,1,780.37,0,0.0,780.37,594.24,186.13,Telangana,Warangal,Consumer,Net Banking,Marketplace,Referral,Returned,4,3,2025,2,February,1,Monday,-18.58,Low
ORD101352,2025-06-21,CUST1336,Beauty,Face Wash,1,963.57,10,96.36,867.21,630.85,236.36,Maharashtra,Pune,Consumer,Cash on Delivery,Website,Organic,Delivered,4,5,2025,6,June,2,Saturday,27.26,Medium
ORD101353,2025-05-10,CUST1036,Electronics,Smartphone,1,75677.51,0,0.0,75677.51,47520.8,28156.71,Rajasthan,Jaipur,Student,Debit Card,Mobile App,Instagram Ads,Returned,3,3,2025,5,May,2,Saturday,-15.65,Low
ORD101354,2025-09-11,CUST1315,Electronics,Tablet,1,17715.33,10,0.0,0.0,8775.21,-8775.21,Maharashtra,Pune,Consumer,Debit Card,Website,Google Ads,Cancelled,5,4,2025,9,September,3,Thursday,0.0,Medium
ORD101355,2025-11-03,CUST1056,Electronics,Smartphone,1,7584.89,15,1137.73,6447.16,4789.95,1657.21,Telangana,Hyderabad,Consumer,Debit Card,Mobile App,Festival Sale,Delivered,2,4,2025,11,November,4,Monday,25.7,Medium
ORD101356,2025-01-10,CUST1041,Home & Kitchen,Cookware Set,2,3924.4,10,784.88,7063.92,5047.45,2016.47,Tamil Nadu,Chennai,Consumer,Cash on Delivery,Website,Festival Sale,Delivered,4,5,2025,1,January,1,Friday,28.55,Medium
ORD101357,2025-12-17,CUST1345,Beauty,Makeup Kit,2,313.14,10,62.63,563.65,422.94,140.71,Gujarat,Vadodara,Consumer,Credit Card,Mobile App,Instagram Ads,Delivered,5,3,2025,12,December,4,Wednesday,24.96,Medium
ORD101358,2025-09-18,CUST1128,Fashion,Sneakers,1,5526.26,5,276.31,5249.95,3882.09,1367.86,Uttar Pradesh,Lucknow,Corporate,Cash on Delivery,Marketplace,Google Ads,Delivered,2,1,2025,9,September,3,Thursday,26.05,Low
ORD101359,2025-12-24,CUST1124,Fashion,Jacket,3,1111.4,20,666.84,2667.36,2056.16,611.2,Karnataka,Bengaluru,Consumer,Cash on Delivery,Website,Email,Delivered,3,2,2025,12,December,4,Wednesday,22.91,High
ORD101360,2025-12-22,CUST1234,Sports,Fitness Band,3,548.42,25,0.0,0.0,723.44,-723.44,Rajasthan,Jaipur,Corporate,Cash on Delivery,Mobile App,Email,Cancelled,7,4,2025,12,December,4,Monday,0.0,High
ORD101361,2025-04-02,CUST1174,Sports,Cricket Bat,1,7012.04,25,1753.01,5259.03,2906.91,2352.12,Gujarat,Ahmedabad,Consumer,Debit Card,Marketplace,Google Ads,Delivered,4,5,2025,4,April,2,Wednesday,44.73,High
ORD101362,2025-07-08,CUST1327,Home & Kitchen,Cookware Set,1,8361.63,0,0.0,8361.63,4912.23,3449.4,Maharashtra,Mumbai,Consumer,Debit Card,Marketplace,Organic,Delivered,4,3,2025,7,July,3,Tuesday,41.25,Low
ORD101363,2025-05-31,CUST1268,Fashion,Jacket,1,1175.97,10,117.6,1058.37,652.08,406.29,Karnataka,Mysuru,Consumer,Net Banking,Website,Google Ads,Delivered,4,3,2025,5,May,2,Saturday,38.39,Medium
ORD101364,2025-11-10,CUST1004,Books,Biography,1,824.47,5,41.22,783.25,638.58,144.67,Karnataka,Mysuru,Student,Net Banking,Website,Referral,Delivered,3,5,2025,11,November,4,Monday,18.47,Low
ORD101365,2025-05-21,CUST1333,Beauty,Makeup Kit,1,504.17,10,50.42,453.75,273.47,180.28,Maharashtra,Mumbai,Consumer,Wallet,Website,Festival Sale,Returned,3,1,2025,5,May,2,Wednesday,-22.33,Medium
ORD101366,2025-07-18,CUST1214,Fashion,Jacket,1,976.34,10,97.63,878.71,632.95,245.76,West Bengal,Kolkata,Student,Credit Card,Mobile App,Google Ads,Delivered,4,1,2025,7,July,3,Friday,27.97,Medium
ORD101367,2025-08-14,CUST1109,Fashion,Jeans,3,1684.28,10,505.28,4547.56,2859.09,1688.47,Tamil Nadu,Madurai,Consumer,Net Banking,Mobile App,Instagram Ads,Returned,1,4,2025,8,August,3,Thursday,-26.9,Medium
ORD101368,2025-03-29,CUST1287,Beauty,Shampoo,4,1589.86,5,317.97,6041.47,4801.74,1239.73,West Bengal,Siliguri,Consumer,UPI,Marketplace,Instagram Ads,Delivered,3,3,2025,3,March,1,Saturday,20.52,Low
ORD101369,2025-02-23,CUST1154,Home & Kitchen,Cookware Set,1,1358.96,20,271.79,1087.17,756.72,330.45,Kerala,Thiruvananthapuram,Student,Debit Card,Website,Referral,Delivered,4,4,2025,2,February,1,Sunday,30.4,High
ORD101370,2025-03-19,CUST1317,Home & Kitchen,Coffee Maker,4,10241.25,10,0.0,0.0,21960.7,-21960.7,West Bengal,Kolkata,Student,Net Banking,Marketplace,Organic,Cancelled,4,5,2025,3,March,1,Wednesday,0.0,Medium
ORD101371,2025-05-01,CUST1159,Fashion,Dress,1,3659.81,25,0.0,0.0,1872.89,-1872.89,West Bengal,Siliguri,Consumer,UPI,Mobile App,Email,Cancelled,6,2,2025,5,May,2,Thursday,0.0,High
ORD101372,2025-08-17,CUST1202,Fashion,Sneakers,2,3030.63,0,0.0,6061.26,3338.2,2723.06,Karnataka,Bengaluru,Consumer,UPI,Marketplace,Instagram Ads,Delivered,2,4,2025,8,August,3,Sunday,44.93,Low
ORD101373,2025-03-25,CUST1339,Home & Kitchen,Vacuum Cleaner,1,5624.67,0,0.0,5624.67,4292.02,1332.65,Tamil Nadu,Chennai,Consumer,Debit Card,Marketplace,Festival Sale,Returned,5,3,2025,3,March,1,Tuesday,-8.5,Low
ORD101374,2025-12-26,CUST1268,Books,Biography,2,488.05,20,195.22,780.88,492.06,288.82,Telangana,Hyderabad,Consumer,Credit Card,Mobile App,Festival Sale,Returned,7,5,2025,12,December,4,Friday,-33.22,High
ORD101375,2025-09-15,CUST1056,Fashion,T-Shirt,2,6187.26,10,1237.45,11137.07,7420.8,3716.27,Delhi,New Delhi,Consumer,Cash on Delivery,Marketplace,Festival Sale,Delivered,3,5,2025,9,September,3,Monday,33.37,Medium
ORD101376,2025-02-13,CUST1293,Fashion,T-Shirt,1,2781.63,10,278.16,2503.47,1423.85,1079.62,Karnataka,Mangaluru,Corporate,UPI,Mobile App,Instagram Ads,Returned,1,4,2025,2,February,1,Thursday,-14.75,Medium
ORD101377,2025-06-28,CUST1316,Books,Technical Book,1,468.8,20,93.76,375.04,225.46,149.58,Karnataka,Mangaluru,Student,Cash on Delivery,Website,Google Ads,Delivered,1,1,2025,6,June,2,Saturday,39.88,High
ORD101378,2025-04-10,CUST1067,Electronics,Smartphone,2,2499.18,0,0.0,0.0,3943.98,-3943.98,West Bengal,Siliguri,Consumer,UPI,Website,Referral,Cancelled,3,4,2025,4,April,2,Thursday,0.0,Low
ORD101379,2025-02-15,CUST1340,Fashion,Jacket,1,3295.2,10,0.0,0.0,2188.97,-2188.97,Uttar Pradesh,Lucknow,Consumer,Wallet,Mobile App,Festival Sale,Cancelled,3,3,2025,2,February,1,Saturday,0.0,Medium
ORD101380,2025-06-11,CUST1035,Home & Kitchen,Air Fryer,1,573.57,5,28.68,544.89,421.74,123.15,Rajasthan,Jaipur,Corporate,Credit Card,Mobile App,Referral,Returned,1,3,2025,6,June,2,Wednesday,-34.5,Low
ORD101381,2025-12-15,CUST1242,Beauty,Makeup Kit,1,2388.96,10,238.9,2150.06,1654.85,495.21,Maharashtra,Pune,Consumer,Wallet,Marketplace,Referral,Returned,2,2,2025,12,December,4,Monday,-24.79,Medium
ORD101382,2025-09-15,CUST1076,Beauty,Face Wash,1,717.97,5,35.9,682.07,542.64,139.43,Telangana,Warangal,Student,Credit Card,Mobile App,Festival Sale,Delivered,5,4,2025,9,September,3,Monday,20.44,Low
ORD101383,2025-11-15,CUST1009,Books,Fiction Book,4,217.59,15,130.55,739.81,420.13,319.68,Gujarat,Surat,Corporate,Debit Card,Mobile App,Google Ads,Delivered,3,4,2025,11,November,4,Saturday,43.21,Medium
ORD101384,2025-07-25,CUST1039,Electronics,Smart Watch,2,10288.29,10,2057.66,18518.92,12112.87,6406.05,Maharashtra,Mumbai,Consumer,Credit Card,Mobile App,Organic,Returned,4,4,2025,7,July,3,Friday,-30.69,Medium
ORD101385,2025-04-04,CUST1227,Beauty,Perfume,3,395.41,0,0.0,0.0,916.84,-916.84,Delhi,New Delhi,Consumer,Cash on Delivery,Website,Google Ads,Cancelled,2,2,2025,4,April,2,Friday,0.0,Low
ORD101386,2025-01-17,CUST1133,Home & Kitchen,Cookware Set,3,780.31,10,0.0,0.0,1362.09,-1362.09,Gujarat,Ahmedabad,Student,Debit Card,Marketplace,Organic,Cancelled,2,5,2025,1,January,1,Friday,0.0,Medium
ORD101387,2025-11-10,CUST1165,Books,Manga,1,1641.45,15,246.22,1395.23,1138.91,256.32,Rajasthan,Jaipur,Corporate,UPI,Website,Instagram Ads,Returned,6,5,2025,11,November,4,Monday,-27.8,Medium
ORD101388,2025-11-08,CUST1122,Beauty,Face Wash,1,215.63,5,10.78,204.85,159.47,45.38,West Bengal,Kolkata,Student,Cash on Delivery,Mobile App,Instagram Ads,Delivered,3,4,2025,11,November,4,Saturday,22.15,Low
ORD101389,2025-09-10,CUST1136,Home & Kitchen,Cookware Set,2,522.15,10,104.43,939.87,535.35,404.52,Karnataka,Mangaluru,Consumer,Cash on Delivery,Website,Organic,Delivered,1,3,2025,9,September,3,Wednesday,43.04,Medium
ORD101390,2025-03-14,CUST1109,Beauty,Face Wash,1,428.63,20,85.73,342.9,269.14,73.76,West Bengal,Kolkata,Consumer,UPI,Website,Festival Sale,Delivered,4,4,2025,3,March,1,Friday,21.51,High
ORD101391,2025-11-02,CUST1083,Electronics,Tablet,1,926.16,20,185.23,740.93,509.69,231.24,West Bengal,Kolkata,Corporate,Debit Card,Website,Google Ads,Delivered,3,5,2025,11,November,4,Sunday,31.21,High
ORD101392,2025-02-11,CUST1086,Books,Biography,1,1206.54,0,0.0,1206.54,853.06,353.48,Telangana,Hyderabad,Consumer,UPI,Website,Festival Sale,Returned,3,3,2025,2,February,1,Tuesday,-23.53,Low
ORD101393,2025-07-11,CUST1182,Electronics,Smartphone,2,8813.0,20,0.0,0.0,11366.14,-11366.14,Kerala,Kochi,Consumer,Credit Card,Mobile App,Referral,Cancelled,3,1,2025,7,July,3,Friday,0.0,High
ORD101394,2025-11-23,CUST1187,Electronics,Headphones,2,5223.03,0,0.0,10446.06,7179.54,3266.52,Kerala,Kochi,Consumer,Net Banking,Website,Organic,Delivered,4,4,2025,11,November,4,Sunday,31.27,Low
ORD101395,2025-12-13,CUST1271,Home & Kitchen,Vacuum Cleaner,1,584.76,10,58.48,526.28,298.72,227.56,Tamil Nadu,Madurai,Student,Credit Card,Mobile App,Organic,Delivered,5,2,2025,12,December,4,Saturday,43.24,Medium
ORD101396,2025-05-01,CUST1002,Fashion,Jacket,1,602.59,5,30.13,572.46,378.56,193.9,Maharashtra,Pune,Consumer,UPI,Website,Google Ads,Delivered,3,5,2025,5,May,2,Thursday,33.87,Low
ORD101397,2025-08-20,CUST1041,Home & Kitchen,Cookware Set,2,868.43,0,0.0,1736.86,1393.1,343.76,Delhi,Delhi,Consumer,Debit Card,Mobile App,Google Ads,Delivered,3,4,2025,8,August,3,Wednesday,19.79,Low
ORD101398,2025-10-05,CUST1215,Fashion,Sneakers,2,689.66,20,275.86,1103.46,781.03,322.43,West Bengal,Siliguri,Consumer,Debit Card,Website,Festival Sale,Delivered,2,3,2025,10,October,4,Sunday,29.22,High
ORD101399,2025-01-01,CUST1239,Beauty,Perfume,1,3335.1,10,333.51,3001.59,2428.9,572.69,Uttar Pradesh,Lucknow,Consumer,Credit Card,Mobile App,Organic,Delivered,4,4,2025,1,January,1,Wednesday,19.08,Medium
ORD101400,2025-12-26,CUST1029,Home & Kitchen,Cookware Set,2,553.71,15,166.11,941.31,720.87,220.44,Telangana,Hyderabad,Consumer,Credit Card,Mobile App,Referral,Delivered,2,5,2025,12,December,4,Friday,23.42,Medium
ORD101401,2025-07-22,CUST1278,Home & Kitchen,Cookware Set,2,2087.65,10,417.53,3757.77,2537.81,1219.96,Uttar Pradesh,Lucknow,Consumer,UPI,Marketplace,Organic,Delivered,6,3,2025,7,July,3,Tuesday,32.46,Medium
ORD101402,2025-05-19,CUST1139,Electronics,Smartphone,1,2539.41,10,0.0,0.0,1832.11,-1832.11,Maharashtra,Mumbai,Consumer,Wallet,Marketplace,Google Ads,Cancelled,3,5,2025,5,May,2,Monday,0.0,Medium
ORD101403,2025-01-12,CUST1237,Beauty,Shampoo,1,4581.7,10,458.17,4123.53,3277.14,846.39,Uttar Pradesh,Noida,Consumer,Cash on Delivery,Mobile App,Instagram Ads,Delivered,3,1,2025,1,January,1,Sunday,20.53,Medium
ORD101404,2025-12-05,CUST1115,Beauty,Makeup Kit,2,1428.62,20,571.45,2285.79,1359.37,926.42,Kerala,Kochi,Consumer,Debit Card,Website,Google Ads,Delivered,4,4,2025,12,December,4,Friday,40.53,High
ORD101405,2025-07-25,CUST1206,Home & Kitchen,Mixer Grinder,1,2207.09,10,220.71,1986.38,1535.16,451.22,Maharashtra,Pune,Consumer,Net Banking,Website,Organic,Delivered,4,2,2025,7,July,3,Friday,22.72,Medium
ORD101406,2025-02-01,CUST1285,Books,Manga,1,1045.2,20,209.04,836.16,678.99,157.17,Uttar Pradesh,Noida,Student,UPI,Mobile App,Google Ads,Delivered,3,4,2025,2,February,1,Saturday,18.8,High
ORD101407,2025-10-06,CUST1016,Sports,Fitness Band,1,8820.51,25,2205.13,6615.38,4815.45,1799.93,West Bengal,Siliguri,Corporate,Net Banking,Website,Instagram Ads,Delivered,1,5,2025,10,October,4,Monday,27.21,High
ORD101408,2025-12-26,CUST1160,Sports,Cricket Bat,1,3216.94,15,482.54,2734.4,2196.18,538.22,West Bengal,Siliguri,Consumer,Credit Card,Mobile App,Email,Delivered,2,3,2025,12,December,4,Friday,19.68,Medium
ORD101409,2025-05-07,CUST1252,Beauty,Makeup Kit,1,495.4,30,148.62,346.78,253.48,93.3,Uttar Pradesh,Lucknow,Consumer,Credit Card,Mobile App,Festival Sale,Delivered,2,5,2025,5,May,2,Wednesday,26.9,Very High
ORD101410,2025-01-25,CUST1131,Fashion,Sneakers,2,1318.69,5,131.87,2505.51,1966.21,539.3,Delhi,New Delhi,Consumer,UPI,Mobile App,Organic,Returned,5,2,2025,1,January,1,Saturday,-22.43,Low
ORD101411,2025-06-06,CUST1087,Home & Kitchen,Vacuum Cleaner,1,507.89,5,25.39,482.5,285.25,197.25,Maharashtra,Mumbai,Corporate,Wallet,Marketplace,Referral,Delivered,1,4,2025,6,June,2,Friday,40.88,Low
ORD101412,2025-09-09,CUST1294,Sports,Fitness Band,1,5097.3,10,509.73,4587.57,2908.12,1679.45,Telangana,Hyderabad,Student,Debit Card,Marketplace,Organic,Delivered,4,3,2025,9,September,3,Tuesday,36.61,Medium
ORD101413,2025-05-09,CUST1031,Home & Kitchen,Cookware Set,2,1063.41,0,0.0,2126.82,1290.93,835.89,Karnataka,Bengaluru,Corporate,Credit Card,Website,Google Ads,Delivered,3,4,2025,5,May,2,Friday,39.3,Low
ORD101414,2025-01-04,CUST1325,Books,Self Help Book,1,529.12,5,26.46,502.66,285.83,216.83,West Bengal,Kolkata,Consumer,Net Banking,Website,Instagram Ads,Delivered,4,5,2025,1,January,1,Saturday,43.14,Low
ORD101415,2025-09-27,CUST1082,Electronics,Tablet,1,8527.62,10,852.76,7674.86,4498.23,3176.63,Maharashtra,Nagpur,Corporate,Wallet,Marketplace,Organic,Delivered,4,4,2025,9,September,3,Saturday,41.39,Medium
ORD101416,2025-01-01,CUST1333,Beauty,Makeup Kit,1,2356.06,5,0.0,0.0,1683.2,-1683.2,Tamil Nadu,Chennai,Corporate,Debit Card,Website,Google Ads,Cancelled,8,5,2025,1,January,1,Wednesday,0.0,Low
ORD101417,2025-12-20,CUST1073,Home & Kitchen,Vacuum Cleaner,1,1564.52,0,0.0,1564.52,1256.2,308.32,Karnataka,Bengaluru,Corporate,Net Banking,Website,Festival Sale,Delivered,1,4,2025,12,December,4,Saturday,19.71,Low
ORD101418,2025-04-01,CUST1024,Electronics,Smart Watch,2,19855.73,5,0.0,0.0,22772.07,-22772.07,Karnataka,Mangaluru,Consumer,Wallet,Website,Google Ads,Cancelled,4,5,2025,4,April,2,Tuesday,0.0,Low
ORD101419,2025-05-02,CUST1341,Fashion,Dress,2,2894.64,10,578.93,5210.35,3063.51,2146.84,Kerala,Kochi,Consumer,UPI,Mobile App,Organic,Delivered,6,3,2025,5,May,2,Friday,41.2,Medium
ORD101420,2025-12-03,CUST1339,Electronics,Laptop,1,11809.31,15,1771.4,10037.91,8010.92,2026.99,Gujarat,Vadodara,Consumer,Credit Card,Mobile App,Organic,Delivered,6,2,2025,12,December,4,Wednesday,20.19,Medium
ORD101421,2025-06-05,CUST1117,Books,Manga,1,1429.26,20,285.85,1143.41,869.55,273.86,Uttar Pradesh,Kanpur,Consumer,Cash on Delivery,Marketplace,Instagram Ads,Delivered,3,3,2025,6,June,2,Thursday,23.95,High
ORD101422,2025-12-08,CUST1127,Home & Kitchen,Coffee Maker,1,1367.54,5,68.38,1299.16,931.12,368.04,Karnataka,Mysuru,Consumer,Cash on Delivery,Mobile App,Organic,Delivered,2,4,2025,12,December,4,Monday,28.33,Low
ORD101423,2025-10-20,CUST1098,Sports,Fitness Band,1,4755.18,10,0.0,0.0,3506.86,-3506.86,Karnataka,Mangaluru,Corporate,Net Banking,Mobile App,Referral,Cancelled,8,2,2025,10,October,4,Monday,0.0,Medium
ORD101424,2025-04-14,CUST1120,Electronics,Headphones,1,15160.89,15,2274.13,12886.76,9371.08,3515.68,Delhi,Delhi,Student,UPI,Website,Instagram Ads,Delivered,6,3,2025,4,April,2,Monday,27.28,Medium
ORD101425,2025-06-18,CUST1103,Fashion,Sneakers,2,6179.11,15,1853.73,10504.49,6664.97,3839.52,Rajasthan,Jaipur,Consumer,Net Banking,Marketplace,Referral,Delivered,4,4,2025,6,June,2,Wednesday,36.55,Medium
ORD101426,2025-11-10,CUST1035,Beauty,Face Wash,1,2568.11,10,256.81,2311.3,1666.63,644.67,Maharashtra,Pune,Corporate,Debit Card,Website,Instagram Ads,Delivered,5,3,2025,11,November,4,Monday,27.89,Medium
ORD101427,2025-01-15,CUST1255,Fashion,Jeans,1,2169.74,15,325.46,1844.28,1107.97,736.31,Delhi,Delhi,Consumer,Net Banking,Marketplace,Email,Delivered,4,3,2025,1,January,1,Wednesday,39.92,Medium
ORD101428,2025-08-11,CUST1104,Books,Biography,2,2872.58,0,0.0,5745.16,3499.22,2245.94,Tamil Nadu,Chennai,Corporate,Debit Card,Website,Email,Delivered,2,5,2025,8,August,3,Monday,39.09,Low
ORD101429,2025-01-01,CUST1271,Sports,Cricket Bat,1,5425.61,15,813.84,4611.77,2984.85,1626.92,Kerala,Thiruvananthapuram,Corporate,UPI,Marketplace,Organic,Delivered,4,4,2025,1,January,1,Wednesday,35.28,Medium
ORD101430,2025-03-04,CUST1109,Fashion,Dress,1,860.1,0,0.0,0.0,591.57,-591.57,Tamil Nadu,Madurai,Consumer,Wallet,Mobile App,Google Ads,Cancelled,4,3,2025,3,March,1,Tuesday,0.0,Low
ORD101431,2025-03-02,CUST1042,Home & Kitchen,Air Fryer,2,17881.65,10,3576.33,32186.97,25183.96,7003.01,Telangana,Hyderabad,Student,Cash on Delivery,Mobile App,Google Ads,Delivered,8,2,2025,3,March,1,Sunday,21.76,Medium
ORD101432,2025-04-03,CUST1003,Electronics,Smart Watch,3,26755.43,5,4013.31,76252.98,51537.32,24715.66,Uttar Pradesh,Lucknow,Consumer,Net Banking,Mobile App,Google Ads,Delivered,6,5,2025,4,April,2,Thursday,32.41,Low
ORD101433,2025-06-14,CUST1205,Fashion,T-Shirt,2,410.19,10,82.04,738.34,547.14,191.2,Uttar Pradesh,Lucknow,Consumer,Cash on Delivery,Mobile App,Festival Sale,Delivered,5,2,2025,6,June,2,Saturday,25.9,Medium
ORD101434,2025-12-21,CUST1326,Fashion,T-Shirt,1,1916.07,10,191.61,1724.46,1084.76,639.7,Gujarat,Ahmedabad,Consumer,Wallet,Website,Instagram Ads,Delivered,3,5,2025,12,December,4,Sunday,37.1,Medium
ORD101435,2025-09-15,CUST1209,Electronics,Smart Watch,4,7395.51,15,4437.31,25144.73,15453.55,9691.18,Telangana,Hyderabad,Consumer,Credit Card,Website,Festival Sale,Returned,4,4,2025,9,September,3,Monday,-31.99,Medium
ORD101436,2025-07-04,CUST1105,Electronics,Smart Watch,4,76764.0,20,61411.2,245644.8,177143.63,68501.17,Tamil Nadu,Coimbatore,Consumer,Wallet,Mobile App,Organic,Delivered,3,1,2025,7,July,3,Friday,27.89,High
ORD101437,2025-09-09,CUST1187,Electronics,Smartphone,3,4186.36,30,3767.72,8791.36,6513.55,2277.81,Delhi,New Delhi,Consumer,Net Banking,Mobile App,Instagram Ads,Delivered,4,4,2025,9,September,3,Tuesday,25.91,Very High
ORD101438,2025-03-09,CUST1162,Home & Kitchen,Air Fryer,1,2694.12,0,0.0,2694.12,1820.26,873.86,Maharashtra,Pune,Consumer,Cash on Delivery,Mobile App,Google Ads,Returned,2,5,2025,3,March,1,Sunday,-8.11,Low
ORD101439,2025-02-05,CUST1254,Electronics,Smartphone,1,2232.82,5,0.0,0.0,1439.44,-1439.44,Kerala,Kochi,Consumer,Net Banking,Mobile App,Referral,Cancelled,1,1,2025,2,February,1,Wednesday,0.0,Low
ORD101440,2025-11-16,CUST1007,Home & Kitchen,Coffee Maker,1,1520.71,5,76.04,1444.67,814.65,630.02,West Bengal,Kolkata,Corporate,UPI,Mobile App,Festival Sale,Delivered,4,4,2025,11,November,4,Sunday,43.61,Low
ORD101441,2025-04-24,CUST1272,Home & Kitchen,Cookware Set,1,9705.29,5,485.26,9220.03,5217.4,4002.63,Gujarat,Ahmedabad,Consumer,Cash on Delivery,Marketplace,Email,Delivered,1,4,2025,4,April,2,Thursday,43.41,Low
ORD101442,2025-10-10,CUST1101,Fashion,T-Shirt,1,5262.79,15,0.0,0.0,3579.35,-3579.35,Maharashtra,Pune,Consumer,Cash on Delivery,Mobile App,Instagram Ads,Cancelled,8,4,2025,10,October,4,Friday,0.0,Medium
ORD101443,2025-06-29,CUST1268,Home & Kitchen,Air Fryer,1,961.01,15,144.15,816.86,542.96,273.9,Gujarat,Ahmedabad,Consumer,Cash on Delivery,Mobile App,Festival Sale,Delivered,5,5,2025,6,June,2,Sunday,33.53,Medium
ORD101444,2025-02-01,CUST1204,Fashion,Sneakers,1,606.64,15,0.0,0.0,403.02,-403.02,Delhi,New Delhi,Consumer,Cash on Delivery,Marketplace,Festival Sale,Cancelled,5,4,2025,2,February,1,Saturday,0.0,Medium
ORD101445,2025-05-26,CUST1229,Books,Fiction Book,1,1959.51,10,195.95,1763.56,1133.02,630.54,West Bengal,Kolkata,Consumer,Debit Card,Mobile App,Organic,Delivered,4,5,2025,5,May,2,Monday,35.75,Medium
ORD101446,2025-01-31,CUST1209,Sports,Dumbbells,1,1729.04,10,172.9,1556.14,1252.16,303.98,Maharashtra,Mumbai,Corporate,Net Banking,Mobile App,Festival Sale,Delivered,7,2,2025,1,January,1,Friday,19.53,Medium
ORD101447,2025-01-19,CUST1013,Electronics,Headphones,1,75699.28,0,0.0,75699.28,56897.28,18802.0,Delhi,New Delhi,Consumer,Wallet,Website,Organic,Delivered,2,5,2025,1,January,1,Sunday,24.84,Low
ORD101448,2025-06-06,CUST1270,Home & Kitchen,Air Fryer,1,14097.08,15,2114.56,11982.52,7492.39,4490.13,Rajasthan,Udaipur,Corporate,Cash on Delivery,Mobile App,Email,Delivered,4,5,2025,6,June,2,Friday,37.47,Medium
ORD101449,2025-02-18,CUST1282,Fashion,Jeans,1,1364.01,15,204.6,1159.41,851.58,307.83,West Bengal,Kolkata,Corporate,Wallet,Mobile App,Festival Sale,Delivered,4,3,2025,2,February,1,Tuesday,26.55,Medium
ORD101450,2025-04-16,CUST1234,Fashion,T-Shirt,3,808.99,0,0.0,2426.97,1657.32,769.65,West Bengal,Siliguri,Consumer,Net Banking,Website,Referral,Returned,4,4,2025,4,April,2,Wednesday,-33.4,Low
ORD101451,2025-12-17,CUST1316,Home & Kitchen,Cookware Set,1,1162.25,15,174.34,987.91,752.18,235.73,Kerala,Kochi,Student,Wallet,Mobile App,Organic,Delivered,7,5,2025,12,December,4,Wednesday,23.86,Medium
ORD101452,2025-03-04,CUST1113,Fashion,Dress,2,2023.46,30,0.0,0.0,2167.82,-2167.82,Rajasthan,Jaipur,Consumer,Net Banking,Website,Instagram Ads,Cancelled,7,4,2025,3,March,1,Tuesday,0.0,Very High
ORD101453,2025-06-24,CUST1070,Home & Kitchen,Air Fryer,2,2853.09,5,285.31,5420.87,3847.5,1573.37,Rajasthan,Jaipur,Student,Net Banking,Mobile App,Organic,Returned,8,5,2025,6,June,2,Tuesday,-33.28,Low
ORD101454,2025-09-28,CUST1251,Home & Kitchen,Coffee Maker,4,3936.04,30,4723.25,11020.91,7514.09,3506.82,Telangana,Hyderabad,Consumer,Net Banking,Marketplace,Email,Delivered,5,3,2025,9,September,3,Sunday,31.82,Very High
ORD101455,2025-04-04,CUST1343,Home & Kitchen,Cookware Set,1,6582.24,10,0.0,0.0,4355.76,-4355.76,Karnataka,Bengaluru,Consumer,Wallet,Mobile App,Organic,Cancelled,3,5,2025,4,April,2,Friday,0.0,Medium
ORD101456,2025-02-21,CUST1292,Books,Manga,2,455.48,5,45.55,865.41,674.18,191.23,Karnataka,Mangaluru,Consumer,Cash on Delivery,Website,Instagram Ads,Delivered,6,4,2025,2,February,1,Friday,22.1,Low
ORD101457,2025-02-20,CUST1010,Fashion,Dress,1,803.53,10,80.35,723.18,480.7,242.48,Karnataka,Mangaluru,Consumer,Wallet,Mobile App,Referral,Delivered,6,3,2025,2,February,1,Thursday,33.53,Medium
ORD101458,2025-07-04,CUST1172,Sports,Dumbbells,1,4910.44,0,0.0,4910.44,2928.03,1982.41,West Bengal,Siliguri,Consumer,Wallet,Website,Email,Delivered,7,4,2025,7,July,3,Friday,40.37,Low
ORD101459,2025-07-27,CUST1349,Fashion,Sneakers,3,6504.43,5,975.66,18537.63,10315.77,8221.86,Karnataka,Mysuru,Consumer,Credit Card,Mobile App,Organic,Delivered,2,4,2025,7,July,3,Sunday,44.35,Low
ORD101460,2025-12-22,CUST1256,Fashion,Jacket,1,4427.29,10,442.73,3984.56,2880.48,1104.08,Delhi,Delhi,Consumer,Credit Card,Website,Organic,Delivered,3,5,2025,12,December,4,Monday,27.71,Medium
ORD101461,2025-10-01,CUST1286,Electronics,Headphones,2,12542.55,0,0.0,25085.1,16576.29,8508.81,Telangana,Warangal,Consumer,Net Banking,Mobile App,Festival Sale,Delivered,3,4,2025,10,October,4,Wednesday,33.92,Low
ORD101462,2025-10-11,CUST1021,Electronics,Tablet,2,7748.91,10,1549.78,13948.04,8528.09,5419.95,West Bengal,Kolkata,Consumer,Cash on Delivery,Mobile App,Festival Sale,Delivered,2,4,2025,10,October,4,Saturday,38.86,Medium
ORD101463,2025-05-16,CUST1233,Sports,Dumbbells,1,1020.91,20,0.0,0.0,525.6,-525.6,Maharashtra,Pune,Corporate,UPI,Website,Festival Sale,Cancelled,4,5,2025,5,May,2,Friday,0.0,High
ORD101464,2025-01-16,CUST1121,Books,Biography,2,2430.89,5,243.09,4618.69,3023.33,1595.36,Uttar Pradesh,Lucknow,Corporate,Credit Card,Website,Organic,Delivered,3,4,2025,1,January,1,Thursday,34.54,Low
ORD101465,2025-08-15,CUST1305,Electronics,Tablet,2,9014.79,0,0.0,0.0,13709.92,-13709.92,Delhi,Delhi,Corporate,Wallet,Mobile App,Google Ads,Cancelled,3,4,2025,8,August,3,Friday,0.0,Low
ORD101466,2025-03-21,CUST1295,Electronics,Headphones,1,66411.85,20,13282.37,53129.48,32527.69,20601.79,Rajasthan,Jaipur,Student,Debit Card,Website,Google Ads,Returned,4,4,2025,3,March,1,Friday,-6.34,High
ORD101467,2025-09-27,CUST1223,Beauty,Makeup Kit,3,1547.94,25,0.0,0.0,2231.32,-2231.32,Tamil Nadu,Chennai,Corporate,Credit Card,Mobile App,Instagram Ads,Cancelled,4,5,2025,9,September,3,Saturday,0.0,High
ORD101468,2025-10-29,CUST1028,Sports,Yoga Mat,1,9890.27,15,0.0,0.0,5635.95,-5635.95,Rajasthan,Jaipur,Consumer,Cash on Delivery,Mobile App,Google Ads,Cancelled,7,4,2025,10,October,4,Wednesday,0.0,Medium
ORD101469,2025-07-17,CUST1129,Electronics,Laptop,1,36209.49,20,7241.9,28967.59,18776.51,10191.08,Karnataka,Mangaluru,Student,Cash on Delivery,Marketplace,Referral,Delivered,3,5,2025,7,July,3,Thursday,35.18,High
ORD101470,2025-07-20,CUST1036,Fashion,Dress,1,1287.54,10,128.75,1158.79,863.29,295.5,Delhi,New Delhi,Corporate,Wallet,Marketplace,Referral,Delivered,3,5,2025,7,July,3,Sunday,25.5,Medium
ORD101471,2025-01-19,CUST1203,Fashion,T-Shirt,2,2862.21,5,286.22,5438.2,3708.73,1729.47,Delhi,New Delhi,Consumer,UPI,Marketplace,Referral,Delivered,3,5,2025,1,January,1,Sunday,31.8,Low
ORD101472,2025-05-07,CUST1331,Sports,Running Shoes,1,1749.8,15,262.47,1487.33,1108.08,379.25,Rajasthan,Jaipur,Student,Cash on Delivery,Mobile App,Organic,Delivered,4,4,2025,5,May,2,Wednesday,25.5,Medium
ORD101473,2025-07-29,CUST1161,Fashion,T-Shirt,1,699.53,15,0.0,0.0,459.79,-459.79,Gujarat,Ahmedabad,Consumer,Debit Card,Mobile App,Festival Sale,Cancelled,3,3,2025,7,July,3,Tuesday,0.0,Medium
ORD101474,2025-01-13,CUST1195,Books,Self Help Book,1,575.12,15,0.0,0.0,369.01,-369.01,Uttar Pradesh,Noida,Consumer,Wallet,Website,Google Ads,Cancelled,6,2,2025,1,January,1,Monday,0.0,Medium
ORD101475,2025-01-22,CUST1269,Electronics,Tablet,3,1316.07,25,987.05,2961.16,2418.32,542.84,Rajasthan,Jaipur,Consumer,Credit Card,Website,Organic,Delivered,4,4,2025,1,January,1,Wednesday,18.33,High
ORD101476,2025-09-08,CUST1189,Electronics,Smartphone,1,22320.9,10,0.0,0.0,12319.68,-12319.68,Rajasthan,Jaipur,Consumer,Wallet,Marketplace,Google Ads,Cancelled,3,3,2025,9,September,3,Monday,0.0,Medium
ORD101477,2025-06-13,CUST1293,Home & Kitchen,Vacuum Cleaner,1,1014.86,30,304.46,710.4,507.04,203.36,Rajasthan,Jaipur,Consumer,Debit Card,Marketplace,Organic,Returned,2,5,2025,6,June,2,Friday,-28.93,Very High
ORD101478,2025-12-08,CUST1334,Fashion,Sneakers,1,1647.28,25,411.82,1235.46,859.0,376.46,Kerala,Thiruvananthapuram,Consumer,Cash on Delivery,Mobile App,Organic,Delivered,3,3,2025,12,December,4,Monday,30.47,High
ORD101479,2025-12-23,CUST1115,Beauty,Makeup Kit,3,1770.23,0,0.0,5310.69,3875.63,1435.06,Karnataka,Bengaluru,Consumer,Credit Card,Marketplace,Instagram Ads,Delivered,3,5,2025,12,December,4,Tuesday,27.02,Low
ORD101480,2025-06-09,CUST1168,Electronics,Laptop,4,5935.83,15,3561.5,20181.82,12831.89,7349.93,Rajasthan,Jaipur,Corporate,Wallet,Marketplace,Instagram Ads,Delivered,3,4,2025,6,June,2,Monday,36.42,Medium
ORD101481,2025-12-10,CUST1099,Beauty,Moisturizer,2,528.99,15,158.7,899.28,560.97,338.31,Telangana,Hyderabad,Consumer,UPI,Mobile App,Instagram Ads,Delivered,2,4,2025,12,December,4,Wednesday,37.62,Medium
ORD101482,2025-05-28,CUST1133,Electronics,Smart Watch,2,4806.67,20,1922.67,7690.67,5434.47,2256.2,Tamil Nadu,Coimbatore,Corporate,Debit Card,Marketplace,Festival Sale,Delivered,5,5,2025,5,May,2,Wednesday,29.34,High
ORD101483,2025-06-17,CUST1137,Books,Biography,1,2732.83,15,409.92,2322.91,1580.55,742.36,Telangana,Warangal,Student,Cash on Delivery,Mobile App,Referral,Delivered,5,4,2025,6,June,2,Tuesday,31.96,Medium
ORD101484,2025-10-12,CUST1204,Beauty,Makeup Kit,1,2589.38,15,388.41,2200.97,1611.69,589.28,Rajasthan,Udaipur,Corporate,Net Banking,Mobile App,Festival Sale,Delivered,6,3,2025,10,October,4,Sunday,26.77,Medium
ORD101485,2025-12-17,CUST1090,Books,Biography,4,2096.58,25,2096.58,6289.74,4513.2,1776.54,Kerala,Thiruvananthapuram,Student,UPI,Website,Google Ads,Delivered,5,4,2025,12,December,4,Wednesday,28.25,High
ORD101486,2025-08-06,CUST1275,Home & Kitchen,Vacuum Cleaner,1,1001.12,10,100.11,901.01,521.71,379.3,Uttar Pradesh,Noida,Corporate,Debit Card,Website,Instagram Ads,Delivered,3,3,2025,8,August,3,Wednesday,42.1,Medium
ORD101487,2025-05-21,CUST1111,Electronics,Smartphone,1,1946.39,15,291.96,1654.43,1058.78,595.65,Kerala,Thiruvananthapuram,Consumer,Debit Card,Mobile App,Referral,Returned,6,5,2025,5,May,2,Wednesday,-5.33,Medium
ORD101488,2025-09-11,CUST1346,Beauty,Face Wash,2,541.89,15,162.57,921.21,691.49,229.72,Tamil Nadu,Chennai,Consumer,Net Banking,Mobile App,Instagram Ads,Delivered,5,4,2025,9,September,3,Thursday,24.94,Medium
ORD101489,2025-01-03,CUST1205,Electronics,Tablet,1,10205.86,10,0.0,0.0,6257.6,-6257.6,Gujarat,Surat,Student,Debit Card,Website,Referral,Cancelled,3,4,2025,1,January,1,Friday,0.0,Medium
ORD101490,2025-09-24,CUST1125,Books,Manga,1,552.02,5,0.0,0.0,321.66,-321.66,Delhi,Delhi,Student,Debit Card,Marketplace,Email,Cancelled,3,5,2025,9,September,3,Wednesday,0.0,Low
ORD101491,2025-04-13,CUST1026,Home & Kitchen,Coffee Maker,1,5704.18,0,0.0,5704.18,3198.28,2505.9,Telangana,Warangal,Consumer,Wallet,Mobile App,Instagram Ads,Delivered,5,5,2025,4,April,2,Sunday,43.93,Low
ORD101492,2025-06-06,CUST1222,Electronics,Laptop,1,83712.29,20,16742.46,66969.83,40531.94,26437.89,Karnataka,Mangaluru,Student,Cash on Delivery,Marketplace,Email,Delivered,4,4,2025,6,June,2,Friday,39.48,High
ORD101493,2025-02-06,CUST1217,Fashion,Dress,2,784.27,0,0.0,0.0,1076.4,-1076.4,Tamil Nadu,Madurai,Consumer,UPI,Website,Organic,Cancelled,3,4,2025,2,February,1,Thursday,0.0,Low
ORD101494,2025-08-13,CUST1051,Electronics,Headphones,1,1829.06,10,182.91,1646.15,1010.21,635.94,Tamil Nadu,Madurai,Consumer,Wallet,Marketplace,Festival Sale,Delivered,3,5,2025,8,August,3,Wednesday,38.63,Medium
ORD101495,2025-06-24,CUST1117,Electronics,Tablet,1,17716.17,0,0.0,17716.17,10744.4,6971.77,Kerala,Thiruvananthapuram,Corporate,Wallet,Marketplace,Organic,Delivered,2,4,2025,6,June,2,Tuesday,39.35,Low
ORD101496,2025-07-27,CUST1166,Books,Manga,2,1491.25,20,596.5,2386.0,1815.3,570.7,Gujarat,Surat,Consumer,Wallet,Website,Festival Sale,Delivered,4,3,2025,7,July,3,Sunday,23.92,High
ORD101497,2025-10-23,CUST1306,Fashion,Dress,2,868.49,10,173.7,1563.28,1043.26,520.02,Tamil Nadu,Chennai,Corporate,Cash on Delivery,Marketplace,Google Ads,Delivered,5,5,2025,10,October,4,Thursday,33.26,Medium
ORD101498,2025-07-24,CUST1232,Fashion,Jeans,2,6944.23,25,3472.12,10416.34,5941.98,4474.36,Telangana,Warangal,Consumer,Credit Card,Marketplace,Festival Sale,Returned,5,5,2025,7,July,3,Thursday,-34.91,High
ORD101499,2025-02-17,CUST1022,Fashion,Dress,1,559.09,20,111.82,447.27,275.6,171.67,West Bengal,Kolkata,Consumer,Debit Card,Marketplace,Organic,Returned,2,3,2025,2,February,1,Monday,-16.65,High
ORD101500,2025-11-27,CUST1125,Fashion,Jacket,1,932.68,20,186.54,746.14,556.43,189.71,Telangana,Warangal,Corporate,Cash on Delivery,Website,Instagram Ads,Delivered,2,5,2025,11,November,4,Thursday,25.43,High
ORD101501,2025-04-06,CUST1035,Fashion,Jacket,4,3899.58,30,4679.5,10918.82,6465.39,4453.43,Gujarat,Surat,Consumer,Net Banking,Website,Google Ads,Delivered,6,3,2025,4,April,2,Sunday,40.79,Very High
